#0 building with "desktop-linux" instance using docker driver

#1 [internal] load build definition from Dockerfile
#1 transferring dockerfile: 1.31kB done
#1 WARN: FromPlatformFlagConstDisallowed: FROM --platform flag should not use constant value "linux/amd64" (line 1)
#1 DONE 0.0s

#2 [internal] load metadata for docker.io/library/ubuntu:jammy
#2 DONE 1.1s

#3 [internal] load .dockerignore
#3 transferring context: 2B 0.0s done
#3 DONE 0.0s

#4 [ 1/15] FROM docker.io/library/ubuntu:jammy@sha256:3ba65aa20f86a0fad9df2b2c259c613df006b2e6d0bfcc8a146afb8c525a9751
#4 resolve docker.io/library/ubuntu:jammy@sha256:3ba65aa20f86a0fad9df2b2c259c613df006b2e6d0bfcc8a146afb8c525a9751 done
#4 CACHED

#5 [internal] load build context
#5 transferring context: 81B done
#5 DONE 0.0s

#6 [ 2/15] RUN sed -i 's/# deb-src/deb-src/' /etc/apt/sources.list &&     apt update -y &&     DEBIAN_FRONTEND=noninteractive apt install -y devscripts git-buildpackage software-properties-common gcc-aarch64-linux-gnu &&     apt build-dep -y shim tar wget
#6 0.163 
#6 0.163 WARNING: apt does not have a stable CLI interface. Use with caution in scripts.
#6 0.163 
#6 0.988 Get:1 http://security.ubuntu.com/ubuntu jammy-security InRelease [129 kB]
#6 0.994 Get:2 http://archive.ubuntu.com/ubuntu jammy InRelease [270 kB]
#6 2.360 Get:3 http://archive.ubuntu.com/ubuntu jammy-updates InRelease [128 kB]
#6 2.725 Get:4 http://security.ubuntu.com/ubuntu jammy-security/multiverse Sources [29.0 kB]
#6 2.860 Get:5 http://archive.ubuntu.com/ubuntu jammy-backports InRelease [127 kB]
#6 2.995 Get:6 http://security.ubuntu.com/ubuntu jammy-security/main Sources [421 kB]
#6 3.865 Get:7 http://security.ubuntu.com/ubuntu jammy-security/universe Sources [402 kB]
#6 4.035 Get:8 http://archive.ubuntu.com/ubuntu jammy/universe Sources [22.0 MB]
#6 4.147 Get:9 http://security.ubuntu.com/ubuntu jammy-security/restricted Sources [111 kB]
#6 4.385 Get:10 http://security.ubuntu.com/ubuntu jammy-security/multiverse amd64 Packages [62.6 kB]
#6 4.444 Get:11 http://security.ubuntu.com/ubuntu jammy-security/universe amd64 Packages [1301 kB]
#6 5.045 Get:12 http://security.ubuntu.com/ubuntu jammy-security/restricted amd64 Packages [6669 kB]
#6 6.757 Get:13 http://security.ubuntu.com/ubuntu jammy-security/main amd64 Packages [3786 kB]
#6 9.077 Get:14 http://archive.ubuntu.com/ubuntu jammy/main Sources [1668 kB]
#6 9.151 Get:15 http://archive.ubuntu.com/ubuntu jammy/restricted Sources [28.2 kB]
#6 9.152 Get:16 http://archive.ubuntu.com/ubuntu jammy/multiverse Sources [361 kB]
#6 9.156 Get:17 http://archive.ubuntu.com/ubuntu jammy/restricted amd64 Packages [164 kB]
#6 9.158 Get:18 http://archive.ubuntu.com/ubuntu jammy/main amd64 Packages [1792 kB]
#6 9.659 Get:19 http://archive.ubuntu.com/ubuntu jammy/multiverse amd64 Packages [266 kB]
#6 9.664 Get:20 http://archive.ubuntu.com/ubuntu jammy/universe amd64 Packages [17.5 MB]
#6 18.69 Get:21 http://archive.ubuntu.com/ubuntu jammy-updates/restricted Sources [117 kB]
#6 18.69 Get:22 http://archive.ubuntu.com/ubuntu jammy-updates/main Sources [731 kB]
#6 19.10 Get:23 http://archive.ubuntu.com/ubuntu jammy-updates/universe Sources [613 kB]
#6 19.10 Get:24 http://archive.ubuntu.com/ubuntu jammy-updates/multiverse Sources [42.3 kB]
#6 19.10 Get:25 http://archive.ubuntu.com/ubuntu jammy-updates/universe amd64 Packages [1613 kB]
#6 19.34 Get:26 http://archive.ubuntu.com/ubuntu jammy-updates/main amd64 Packages [4120 kB]
#6 20.89 Get:27 http://archive.ubuntu.com/ubuntu jammy-updates/multiverse amd64 Packages [70.9 kB]
#6 20.89 Get:28 http://archive.ubuntu.com/ubuntu jammy-updates/restricted amd64 Packages [6877 kB]
#6 22.40 Get:29 http://archive.ubuntu.com/ubuntu jammy-backports/universe Sources [12.8 kB]
#6 22.40 Get:30 http://archive.ubuntu.com/ubuntu jammy-backports/main Sources [10.3 kB]
#6 22.40 Get:31 http://archive.ubuntu.com/ubuntu jammy-backports/universe amd64 Packages [37.2 kB]
#6 22.40 Get:32 http://archive.ubuntu.com/ubuntu jammy-backports/main amd64 Packages [83.9 kB]
#6 22.77 Fetched 71.5 MB in 23s (3175 kB/s)
#6 22.77 Reading package lists...
#6 23.61 Building dependency tree...
#6 23.81 Reading state information...
#6 23.83 4 packages can be upgraded. Run 'apt list --upgradable' to see them.
#6 23.85 
#6 23.85 WARNING: apt does not have a stable CLI interface. Use with caution in scripts.
#6 23.85 
#6 23.93 Reading package lists...
#6 24.72 Building dependency tree...
#6 24.89 Reading state information...
#6 25.08 The following additional packages will be installed:
#6 25.08   binutils binutils-aarch64-linux-gnu binutils-common
#6 25.08   binutils-x86-64-linux-gnu bsdextrautils build-essential bzip2
#6 25.08   ca-certificates cowbuilder cowdancer cpp cpp-11 cpp-11-aarch64-linux-gnu
#6 25.08   cpp-aarch64-linux-gnu curl dbus dctrl-tools debootstrap diffstat dirmngr
#6 25.08   distro-info distro-info-data dmsetup dpkg-dev dput eatmydata fakeroot file
#6 25.08   fontconfig-config fonts-dejavu-core g++ g++-11 gcc gcc-11
#6 25.08   gcc-11-aarch64-linux-gnu gcc-11-aarch64-linux-gnu-base gcc-11-base
#6 25.08   gcc-11-cross-base gcc-12-base gcc-12-cross-base gettext gettext-base
#6 25.08   gir1.2-glib-2.0 gir1.2-packagekitglib-1.0 git git-man gnupg gnupg-l10n
#6 25.08   gnupg-utils gpg gpg-agent gpg-wks-client gpg-wks-server gpgconf gpgsm
#6 25.08   groff-base intltool-debian iso-codes less libalgorithm-diff-perl
#6 25.08   libalgorithm-diff-xs-perl libalgorithm-merge-perl libaliased-perl
#6 25.08   libapparmor1 libappstream4 libapt-pkg-perl libarchive-zip-perl libarchive13
#6 25.08   libargon2-1 libarray-intspan-perl libasan6 libasan6-arm64-cross libassuan0
#6 25.08   libatomic1 libatomic1-arm64-cross libauthen-sasl-perl
#6 25.08   libb-hooks-endofscope-perl libb-hooks-op-check-perl libbinutils libbrotli1
#6 25.08   libbsd0 libc-dev-bin libc-devtools libc6-arm64-cross libc6-dev
#6 25.08   libc6-dev-arm64-cross libcap2-bin libcapture-tiny-perl libcbor0.8 libcc1-0
#6 25.08   libclass-data-inheritable-perl libclass-method-modifiers-perl
#6 25.08   libclass-xsaccessor-perl libclone-perl libcommon-sense-perl
#6 25.08   libconfig-tiny-perl libconst-fast-perl libcontextual-return-perl
#6 25.08   libcpanel-json-xs-perl libcrypt-dev libcryptsetup12 libctf-nobfd0 libctf0
#6 25.08   libcurl3-gnutls libcurl4 libdata-dpath-perl libdata-dump-perl
#6 25.08   libdata-messagepack-perl libdata-optlist-perl libdata-validate-domain-perl
#6 25.08   libdata-validate-ip-perl libdata-validate-uri-perl libdbus-1-3 libdeflate0
#6 25.08   libdevel-callchecker-perl libdevel-size-perl libdevel-stacktrace-perl
#6 25.08   libdevmapper1.02.1 libdistro-info-perl libdpkg-perl libdw1
#6 25.08   libdynaloader-functions-perl libeatmydata1 libedit2 libelf1
#6 25.08   libemail-address-xs-perl libencode-locale-perl liberror-perl
#6 25.08   libexception-class-perl libexpat1 libexporter-tiny-perl libfakeroot
#6 25.08   libfido2-1 libfile-basedir-perl libfile-chdir-perl libfile-dirlist-perl
#6 25.08   libfile-fcntllock-perl libfile-find-rule-perl libfile-homedir-perl
#6 25.08   libfile-listing-perl libfile-touch-perl libfile-which-perl libfont-afm-perl
#6 25.08   libfont-ttf-perl libfontconfig1 libfreetype6 libgcc-11-dev
#6 25.08   libgcc-11-dev-arm64-cross libgcc-s1 libgcc-s1-arm64-cross libgd3
#6 25.08   libgdbm-compat4 libgdbm6 libgirepository-1.0-1 libgit-wrapper-perl
#6 25.08   libgitlab-api-v4-perl libglib2.0-0 libglib2.0-bin libglib2.0-data libgomp1
#6 25.08   libgomp1-arm64-cross libgpgme11 libgstreamer1.0-0 libhash-fieldhash-perl
#6 25.08   libhtml-form-perl libhtml-format-perl libhtml-html5-entities-perl
#6 25.08   libhtml-parser-perl libhtml-tagset-perl libhtml-tree-perl
#6 25.08   libhttp-cookies-perl libhttp-daemon-perl libhttp-date-perl
#6 25.08   libhttp-message-perl libhttp-negotiate-perl libhttp-tiny-multipart-perl
#6 25.08   libhwasan0-arm64-cross libicu70 libimport-into-perl libio-html-perl
#6 25.08   libio-interactive-perl libio-prompt-tiny-perl libio-prompter-perl
#6 25.08   libio-pty-perl libio-socket-ssl-perl libio-string-perl libip4tc2
#6 25.08   libipc-run-perl libipc-run3-perl libipc-system-simple-perl libisl23
#6 25.08   libiterator-perl libiterator-util-perl libitm1 libitm1-arm64-cross libjbig0
#6 25.08   libjpeg-turbo8 libjpeg8 libjson-c5 libjson-maybexs-perl libjson-perl
#6 25.08   libjson-xs-perl libkmod2 libksba8 libldap-2.5-0 libldap-common
#6 25.08   liblist-compare-perl liblist-moreutils-perl liblist-moreutils-xs-perl
#6 25.08   liblist-someutils-perl liblist-someutils-xs-perl liblist-utilsby-perl
#6 25.08   liblocale-gettext-perl liblog-any-adapter-screen-perl liblog-any-perl
#6 25.08   liblsan0 liblsan0-arm64-cross liblwp-mediatypes-perl
#6 25.08   liblwp-protocol-https-perl liblzo2-2 libmagic-mgc libmagic1
#6 25.08   libmailtools-perl libmarkdown2 libmath-base85-perl libmd0
#6 25.08   libmodule-implementation-perl libmodule-runtime-perl libmoo-perl
#6 25.08   libmoox-aliases-perl libmoox-struct-perl libmouse-perl libmpc3 libmpdec3
#6 25.08   libmpfr6 libnamespace-autoclean-perl libnamespace-clean-perl
#6 25.08   libnet-domain-tld-perl libnet-http-perl libnet-ipv6addr-perl
#6 25.08   libnet-netmask-perl libnet-smtp-ssl-perl libnet-ssleay-perl
#6 25.08   libnetaddr-ip-perl libnghttp2-14 libnpth0 libnsl-dev libnss-systemd
#6 25.08   libnumber-compare-perl libobject-id-perl libpackage-stash-perl
#6 25.08   libpackage-stash-xs-perl libpackagekit-glib2-18 libpam-cap libpam-systemd
#6 25.08   libparams-classify-perl libparams-util-perl libpath-iterator-rule-perl
#6 25.08   libpath-tiny-perl libperl5.34 libperlio-gzip-perl libperlio-utf8-strict-perl
#6 25.08   libpipeline1 libpng16-16 libpod-constants-perl libpod-parser-perl
#6 25.08   libpolkit-agent-1-0 libpolkit-gobject-1-0 libproc-processtable-perl libpsl5
#6 25.08   libpython3-stdlib libpython3.10-minimal libpython3.10-stdlib libquadmath0
#6 25.08   libre-engine-re2-perl libre2-9 libreadline8 libreadonly-perl
#6 25.08   libref-util-perl libref-util-xs-perl libregexp-pattern-license-perl
#6 25.08   libregexp-pattern-perl librole-tiny-perl librtmp1 libsasl2-2
#6 25.08   libsasl2-modules libsasl2-modules-db libsereal-decoder-perl
#6 25.08   libsereal-encoder-perl libset-intspan-perl libsocket6-perl
#6 25.08   libsort-versions-perl libsqlite3-0 libssh-4 libstdc++-11-dev libstdc++6
#6 25.08   libstdc++6-arm64-cross libstemmer0d libstrictures-perl
#6 25.08   libstring-copyright-perl libstring-escape-perl libstring-shellquote-perl
#6 25.08   libsub-exporter-perl libsub-exporter-progressive-perl libsub-identify-perl
#6 25.08   libsub-install-perl libsub-name-perl libsub-quote-perl
#6 25.08   libsyntax-keyword-try-perl libsys-cpuaffinity-perl libterm-readkey-perl
#6 25.08   libtext-glob-perl libtext-levenshteinxs-perl libtext-markdown-discount-perl
#6 25.08   libtext-xslate-perl libtiff5 libtime-duration-perl libtime-moment-perl
#6 25.08   libtimedate-perl libtirpc-dev libtry-tiny-perl libtsan0 libtsan0-arm64-cross
#6 25.08   libtype-tiny-perl libtype-tiny-xs-perl libtypes-serialiser-perl libubsan1
#6 25.08   libubsan1-arm64-cross libuchardet0 libunicode-utf8-perl libunwind8
#6 25.08   liburi-perl libvariable-magic-perl libwant-perl libwebp7 libwww-perl
#6 25.08   libwww-robotrules-perl libx11-6 libx11-data libxau6 libxcb1 libxdelta2
#6 25.08   libxdmcp6 libxext6 libxml-libxml-perl libxml-namespacesupport-perl
#6 25.08   libxml-parser-perl libxml-sax-base-perl libxml-sax-expat-perl
#6 25.08   libxml-sax-perl libxml2 libxmlb2 libxmuu1 libxpm4 libxs-parse-keyword-perl
#6 25.08   libyaml-0-2 libyaml-libyaml-perl licensecheck lintian linux-libc-dev
#6 25.08   linux-libc-dev-arm64-cross lsb-release lto-disabled-list lzip lzop make
#6 25.08   man-db manpages manpages-dev media-types net-tools netbase
#6 25.08   networkd-dispatcher openssh-client openssl packagekit packagekit-tools patch
#6 25.08   patchutils pbuilder pbzip2 perl perl-modules-5.34 perl-openssl-defaults
#6 25.08   pinentry-curses pixz pkexec policykit-1 polkitd pristine-tar publicsuffix
#6 25.08   python-apt-common python3 python3-apt python3-blinker python3-certifi
#6 25.08   python3-cffi-backend python3-chardet python3-cryptography python3-dateutil
#6 25.08   python3-dbus python3-debian python3-distro python3-distro-info python3-gi
#6 25.08   python3-gpg python3-httplib2 python3-idna python3-importlib-metadata
#6 25.08   python3-jeepney python3-jwt python3-keyring python3-launchpadlib
#6 25.08   python3-lazr.restfulclient python3-lazr.uri python3-magic python3-minimal
#6 25.08   python3-more-itertools python3-oauthlib python3-pkg-resources
#6 25.08   python3-pyparsing python3-requests python3-secretstorage python3-six
#6 25.08   python3-software-properties python3-unidiff python3-urllib3 python3-wadllib
#6 25.08   python3-xdg python3-zipp python3.10 python3.10-minimal readline-common
#6 25.08   rpcsvc-proto shared-mime-info strace sudo systemd systemd-sysv
#6 25.08   systemd-timesyncd t1utils tzdata ucf unattended-upgrades unzip wdiff wget
#6 25.08   xauth xdelta xdelta3 xdg-user-dirs xz-utils zstd
#6 25.08 Suggested packages:
#6 25.08   binutils-doc bzip2-doc cpp-doc gcc-11-locales default-dbus-session-bus
#6 25.08   | dbus-session-bus debtags squid-deb-proxy-client debian-archive-keyring
#6 25.08   arch-test adequate at autopkgtest bls-standalone bsd-mailx | mailx
#6 25.08   check-all-the-things cvs-buildpackage debhelper diffoscope disorderfs
#6 25.08   dose-extra duck elpa-devscripts faketime gnuplot how-can-i-help
#6 25.08   libdbd-pg-perl libfile-desktopentry-perl libnet-smtps-perl libterm-size-perl
#6 25.08   libyaml-syck-perl mmdebstrap mozilla-devscripts mutt piuparts
#6 25.08   postgresql-client pristine-lfs quilt ratt reprotest svn-buildpackage w3m
#6 25.08   debian-keyring equivs libsoap-lite-perl dbus-user-session pinentry-gnome3
#6 25.08   tor shunit2 python3-paramiko mini-dinstall rsync g++-multilib
#6 25.08   g++-11-multilib gcc-11-doc gcc-multilib autoconf automake libtool flex bison
#6 25.08   gdb gcc-doc gcc-11-multilib gdb-aarch64-linux-gnu gettext-doc autopoint
#6 25.08   libasprintf-dev libgettextpo-dev git-daemon-run | git-daemon-sysvinit
#6 25.08   git-doc git-email git-gui gitk gitweb git-cvs git-mediawiki git-svn
#6 25.08   python3-notify2 parcimonie xloadimage scdaemon groff isoquery lrzip
#6 25.08   libdigest-hmac-perl libgssapi-perl glibc-doc bzr libgd-tools gdbm-l10n
#6 25.08   gstreamer1.0-tools libcrypt-ssleay-perl libossp-uuid-perl
#6 25.08   libscalar-number-perl libsasl2-modules-gssapi-mit
#6 25.08   | libsasl2-modules-gssapi-heimdal libsasl2-modules-ldap libsasl2-modules-otp
#6 25.08   libsasl2-modules-sql libstdc++-11-doc libbareword-filehandles-perl
#6 25.08   libindirect-perl libmultidimensional-perl libdevel-lexalias-perl
#6 25.08   libbusiness-isbn-perl libauthen-ntlm-perl libxml-sax-expatxs-perl
#6 25.08   bash-completion binutils-multiarch libtext-template-perl make-doc apparmor
#6 25.08   www-browser iw | wireless-tools keychain libpam-ssh monkeysphere ssh-askpass
#6 25.08   appstream ed diffutils-doc gdebi-core perl-doc libterm-readline-gnu-perl
#6 25.08   | libterm-readline-perl-perl libtap-harness-archive-perl pinentry-doc
#6 25.08   python3-doc python3-tk python3-venv python3-apt-dbg python-apt-doc
#6 25.08   python-blinker-doc python-cryptography-doc python3-cryptography-vectors
#6 25.08   python-dbus-doc python3-crypto gir1.2-secret-1 gnome-keyring
#6 25.08   libkf5wallet-bin python3-keyrings.alt python3-testresources
#6 25.08   python3-setuptools python-pyparsing-doc python3-openssl python3-socks
#6 25.08   python-requests-doc python-secretstorage-doc python3.10-venv python3.10-doc
#6 25.08   binfmt-support readline-doc systemd-container libtss2-esys-3.0.2-0
#6 25.08   libtss2-mu0 libtss2-rc0 bsd-mailx default-mta | mail-transport-agent
#6 25.08   needrestart powermgmt-base zip wdiff-doc
#6 25.49 The following NEW packages will be installed:
#6 25.49   binutils binutils-aarch64-linux-gnu binutils-common
#6 25.49   binutils-x86-64-linux-gnu bsdextrautils build-essential bzip2
#6 25.49   ca-certificates cowbuilder cowdancer cpp cpp-11 cpp-11-aarch64-linux-gnu
#6 25.49   cpp-aarch64-linux-gnu curl dbus dctrl-tools debootstrap devscripts diffstat
#6 25.49   dirmngr distro-info distro-info-data dmsetup dpkg-dev dput eatmydata
#6 25.49   fakeroot file fontconfig-config fonts-dejavu-core g++ g++-11 gcc gcc-11
#6 25.49   gcc-11-aarch64-linux-gnu gcc-11-aarch64-linux-gnu-base gcc-11-base
#6 25.49   gcc-11-cross-base gcc-12-cross-base gcc-aarch64-linux-gnu gettext
#6 25.49   gettext-base gir1.2-glib-2.0 gir1.2-packagekitglib-1.0 git git-buildpackage
#6 25.49   git-man gnupg gnupg-l10n gnupg-utils gpg gpg-agent gpg-wks-client
#6 25.49   gpg-wks-server gpgconf gpgsm groff-base intltool-debian iso-codes less
#6 25.49   libalgorithm-diff-perl libalgorithm-diff-xs-perl libalgorithm-merge-perl
#6 25.49   libaliased-perl libapparmor1 libappstream4 libapt-pkg-perl
#6 25.49   libarchive-zip-perl libarchive13 libargon2-1 libarray-intspan-perl libasan6
#6 25.49   libasan6-arm64-cross libassuan0 libatomic1 libatomic1-arm64-cross
#6 25.49   libauthen-sasl-perl libb-hooks-endofscope-perl libb-hooks-op-check-perl
#6 25.49   libbinutils libbrotli1 libbsd0 libc-dev-bin libc-devtools libc6-arm64-cross
#6 25.49   libc6-dev libc6-dev-arm64-cross libcap2-bin libcapture-tiny-perl libcbor0.8
#6 25.49   libcc1-0 libclass-data-inheritable-perl libclass-method-modifiers-perl
#6 25.49   libclass-xsaccessor-perl libclone-perl libcommon-sense-perl
#6 25.49   libconfig-tiny-perl libconst-fast-perl libcontextual-return-perl
#6 25.49   libcpanel-json-xs-perl libcrypt-dev libcryptsetup12 libctf-nobfd0 libctf0
#6 25.49   libcurl3-gnutls libcurl4 libdata-dpath-perl libdata-dump-perl
#6 25.49   libdata-messagepack-perl libdata-optlist-perl libdata-validate-domain-perl
#6 25.49   libdata-validate-ip-perl libdata-validate-uri-perl libdbus-1-3 libdeflate0
#6 25.49   libdevel-callchecker-perl libdevel-size-perl libdevel-stacktrace-perl
#6 25.49   libdevmapper1.02.1 libdistro-info-perl libdpkg-perl libdw1
#6 25.49   libdynaloader-functions-perl libeatmydata1 libedit2 libelf1
#6 25.49   libemail-address-xs-perl libencode-locale-perl liberror-perl
#6 25.49   libexception-class-perl libexpat1 libexporter-tiny-perl libfakeroot
#6 25.49   libfido2-1 libfile-basedir-perl libfile-chdir-perl libfile-dirlist-perl
#6 25.49   libfile-fcntllock-perl libfile-find-rule-perl libfile-homedir-perl
#6 25.49   libfile-listing-perl libfile-touch-perl libfile-which-perl libfont-afm-perl
#6 25.49   libfont-ttf-perl libfontconfig1 libfreetype6 libgcc-11-dev
#6 25.49   libgcc-11-dev-arm64-cross libgcc-s1-arm64-cross libgd3 libgdbm-compat4
#6 25.49   libgdbm6 libgirepository-1.0-1 libgit-wrapper-perl libgitlab-api-v4-perl
#6 25.49   libglib2.0-0 libglib2.0-bin libglib2.0-data libgomp1 libgomp1-arm64-cross
#6 25.49   libgpgme11 libgstreamer1.0-0 libhash-fieldhash-perl libhtml-form-perl
#6 25.49   libhtml-format-perl libhtml-html5-entities-perl libhtml-parser-perl
#6 25.49   libhtml-tagset-perl libhtml-tree-perl libhttp-cookies-perl
#6 25.49   libhttp-daemon-perl libhttp-date-perl libhttp-message-perl
#6 25.49   libhttp-negotiate-perl libhttp-tiny-multipart-perl libhwasan0-arm64-cross
#6 25.49   libicu70 libimport-into-perl libio-html-perl libio-interactive-perl
#6 25.49   libio-prompt-tiny-perl libio-prompter-perl libio-pty-perl
#6 25.49   libio-socket-ssl-perl libio-string-perl libip4tc2 libipc-run-perl
#6 25.49   libipc-run3-perl libipc-system-simple-perl libisl23 libiterator-perl
#6 25.49   libiterator-util-perl libitm1 libitm1-arm64-cross libjbig0 libjpeg-turbo8
#6 25.49   libjpeg8 libjson-c5 libjson-maybexs-perl libjson-perl libjson-xs-perl
#6 25.49   libkmod2 libksba8 libldap-2.5-0 libldap-common liblist-compare-perl
#6 25.49   liblist-moreutils-perl liblist-moreutils-xs-perl liblist-someutils-perl
#6 25.49   liblist-someutils-xs-perl liblist-utilsby-perl liblocale-gettext-perl
#6 25.49   liblog-any-adapter-screen-perl liblog-any-perl liblsan0 liblsan0-arm64-cross
#6 25.49   liblwp-mediatypes-perl liblwp-protocol-https-perl liblzo2-2 libmagic-mgc
#6 25.49   libmagic1 libmailtools-perl libmarkdown2 libmath-base85-perl libmd0
#6 25.49   libmodule-implementation-perl libmodule-runtime-perl libmoo-perl
#6 25.49   libmoox-aliases-perl libmoox-struct-perl libmouse-perl libmpc3 libmpdec3
#6 25.49   libmpfr6 libnamespace-autoclean-perl libnamespace-clean-perl
#6 25.49   libnet-domain-tld-perl libnet-http-perl libnet-ipv6addr-perl
#6 25.49   libnet-netmask-perl libnet-smtp-ssl-perl libnet-ssleay-perl
#6 25.49   libnetaddr-ip-perl libnghttp2-14 libnpth0 libnsl-dev libnss-systemd
#6 25.49   libnumber-compare-perl libobject-id-perl libpackage-stash-perl
#6 25.49   libpackage-stash-xs-perl libpackagekit-glib2-18 libpam-cap libpam-systemd
#6 25.49   libparams-classify-perl libparams-util-perl libpath-iterator-rule-perl
#6 25.49   libpath-tiny-perl libperl5.34 libperlio-gzip-perl libperlio-utf8-strict-perl
#6 25.49   libpipeline1 libpng16-16 libpod-constants-perl libpod-parser-perl
#6 25.49   libpolkit-agent-1-0 libpolkit-gobject-1-0 libproc-processtable-perl libpsl5
#6 25.49   libpython3-stdlib libpython3.10-minimal libpython3.10-stdlib libquadmath0
#6 25.49   libre-engine-re2-perl libre2-9 libreadline8 libreadonly-perl
#6 25.49   libref-util-perl libref-util-xs-perl libregexp-pattern-license-perl
#6 25.49   libregexp-pattern-perl librole-tiny-perl librtmp1 libsasl2-2
#6 25.49   libsasl2-modules libsasl2-modules-db libsereal-decoder-perl
#6 25.49   libsereal-encoder-perl libset-intspan-perl libsocket6-perl
#6 25.49   libsort-versions-perl libsqlite3-0 libssh-4 libstdc++-11-dev
#6 25.49   libstdc++6-arm64-cross libstemmer0d libstrictures-perl
#6 25.49   libstring-copyright-perl libstring-escape-perl libstring-shellquote-perl
#6 25.49   libsub-exporter-perl libsub-exporter-progressive-perl libsub-identify-perl
#6 25.49   libsub-install-perl libsub-name-perl libsub-quote-perl
#6 25.49   libsyntax-keyword-try-perl libsys-cpuaffinity-perl libterm-readkey-perl
#6 25.49   libtext-glob-perl libtext-levenshteinxs-perl libtext-markdown-discount-perl
#6 25.49   libtext-xslate-perl libtiff5 libtime-duration-perl libtime-moment-perl
#6 25.49   libtimedate-perl libtirpc-dev libtry-tiny-perl libtsan0 libtsan0-arm64-cross
#6 25.49   libtype-tiny-perl libtype-tiny-xs-perl libtypes-serialiser-perl libubsan1
#6 25.49   libubsan1-arm64-cross libuchardet0 libunicode-utf8-perl libunwind8
#6 25.49   liburi-perl libvariable-magic-perl libwant-perl libwebp7 libwww-perl
#6 25.49   libwww-robotrules-perl libx11-6 libx11-data libxau6 libxcb1 libxdelta2
#6 25.49   libxdmcp6 libxext6 libxml-libxml-perl libxml-namespacesupport-perl
#6 25.49   libxml-parser-perl libxml-sax-base-perl libxml-sax-expat-perl
#6 25.49   libxml-sax-perl libxml2 libxmlb2 libxmuu1 libxpm4 libxs-parse-keyword-perl
#6 25.49   libyaml-0-2 libyaml-libyaml-perl licensecheck lintian linux-libc-dev
#6 25.49   linux-libc-dev-arm64-cross lsb-release lto-disabled-list lzip lzop make
#6 25.49   man-db manpages manpages-dev media-types net-tools netbase
#6 25.49   networkd-dispatcher openssh-client openssl packagekit packagekit-tools patch
#6 25.49   patchutils pbuilder pbzip2 perl perl-modules-5.34 perl-openssl-defaults
#6 25.49   pinentry-curses pixz pkexec policykit-1 polkitd pristine-tar publicsuffix
#6 25.49   python-apt-common python3 python3-apt python3-blinker python3-certifi
#6 25.49   python3-cffi-backend python3-chardet python3-cryptography python3-dateutil
#6 25.49   python3-dbus python3-debian python3-distro python3-distro-info python3-gi
#6 25.49   python3-gpg python3-httplib2 python3-idna python3-importlib-metadata
#6 25.49   python3-jeepney python3-jwt python3-keyring python3-launchpadlib
#6 25.49   python3-lazr.restfulclient python3-lazr.uri python3-magic python3-minimal
#6 25.49   python3-more-itertools python3-oauthlib python3-pkg-resources
#6 25.49   python3-pyparsing python3-requests python3-secretstorage python3-six
#6 25.49   python3-software-properties python3-unidiff python3-urllib3 python3-wadllib
#6 25.49   python3-xdg python3-zipp python3.10 python3.10-minimal readline-common
#6 25.49   rpcsvc-proto shared-mime-info software-properties-common strace sudo systemd
#6 25.49   systemd-sysv systemd-timesyncd t1utils tzdata ucf unattended-upgrades unzip
#6 25.49   wdiff wget xauth xdelta xdelta3 xdg-user-dirs xz-utils zstd
#6 25.49 The following packages will be upgraded:
#6 25.49   gcc-12-base libgcc-s1 libstdc++6
#6 26.06 3 upgraded, 454 newly installed, 0 to remove and 1 not upgraded.
#6 26.06 Need to get 191 MB of archives.
#6 26.06 After this operation, 684 MB of additional disk space will be used.
#6 26.06 Get:1 http://archive.ubuntu.com/ubuntu jammy/main amd64 liblocale-gettext-perl amd64 1.07-4build3 [17.1 kB]
#6 26.60 Get:2 http://archive.ubuntu.com/ubuntu jammy-updates/main amd64 libpython3.10-minimal amd64 3.10.12-1~22.04.15 [816 kB]
#6 28.86 Get:3 http://archive.ubuntu.com/ubuntu jammy-updates/main amd64 libexpat1 amd64 2.4.7-1ubuntu0.7 [92.1 kB]
#6 28.92 Get:4 http://archive.ubuntu.com/ubuntu jammy-updates/main amd64 python3.10-minimal amd64 3.10.12-1~22.04.15 [2275 kB]
#6 29.85 Get:5 http://archive.ubuntu.com/ubuntu jammy-updates/main amd64 python3-minimal amd64 3.10.6-1~22.04.1 [24.3 kB]
#6 29.85 Get:6 http://archive.ubuntu.com/ubuntu jammy/main amd64 media-types all 7.0.0 [25.5 kB]
#6 29.85 Get:7 http://archive.ubuntu.com/ubuntu jammy-updates/main amd64 gcc-12-base amd64 12.3.0-1ubuntu1~22.04.3 [216 kB]
#6 29.86 Get:8 http://archive.ubuntu.com/ubuntu jammy-updates/main amd64 libgcc-s1 amd64 12.3.0-1ubuntu1~22.04.3 [53.9 kB]
#6 29.86 Get:9 http://archive.ubuntu.com/ubuntu jammy-updates/main amd64 libstdc++6 amd64 12.3.0-1ubuntu1~22.04.3 [699 kB]
#6 30.11 Get:10 http://archive.ubuntu.com/ubuntu jammy/main amd64 libmpdec3 amd64 2.5.1-2build2 [86.8 kB]
#6 30.13 Get:11 http://archive.ubuntu.com/ubuntu jammy/main amd64 readline-common all 8.1.2-1 [53.5 kB]
#6 30.14 Get:12 http://archive.ubuntu.com/ubuntu jammy/main amd64 libreadline8 amd64 8.1.2-1 [153 kB]
#6 30.40 Get:13 http://archive.ubuntu.com/ubuntu jammy-updates/main amd64 libsqlite3-0 amd64 3.37.2-2ubuntu0.5 [643 kB]
#6 30.41 Get:14 http://archive.ubuntu.com/ubuntu jammy-updates/main amd64 libpython3.10-stdlib amd64 3.10.12-1~22.04.15 [1850 kB]
#6 30.67 Get:15 http://archive.ubuntu.com/ubuntu jammy-updates/main amd64 python3.10 amd64 3.10.12-1~22.04.15 [508 kB]
#6 30.67 Get:16 http://archive.ubuntu.com/ubuntu jammy-updates/main amd64 libpython3-stdlib amd64 3.10.6-1~22.04.1 [6812 B]
#6 30.67 Get:17 http://archive.ubuntu.com/ubuntu jammy-updates/main amd64 python3 amd64 3.10.6-1~22.04.1 [22.8 kB]
#6 30.67 Get:18 http://archive.ubuntu.com/ubuntu jammy-updates/main amd64 libapparmor1 amd64 3.0.4-2ubuntu2.5 [39.6 kB]
#6 30.67 Get:19 http://archive.ubuntu.com/ubuntu jammy/main amd64 libargon2-1 amd64 0~20171227-0.3 [19.5 kB]
#6 30.67 Get:20 http://archive.ubuntu.com/ubuntu jammy-updates/main amd64 libdevmapper1.02.1 amd64 2:1.02.175-2.1ubuntu5 [139 kB]
#6 30.67 Get:21 http://archive.ubuntu.com/ubuntu jammy-updates/main amd64 libjson-c5 amd64 0.15-3~ubuntu1.22.04.2 [33.5 kB]
#6 30.67 Get:22 http://archive.ubuntu.com/ubuntu jammy-updates/main amd64 libcryptsetup12 amd64 2:2.4.3-1ubuntu1.3 [211 kB]
#6 31.13 Get:23 http://archive.ubuntu.com/ubuntu jammy-updates/main amd64 libip4tc2 amd64 1.8.7-1ubuntu5.2 [19.9 kB]
#6 31.13 Get:24 http://archive.ubuntu.com/ubuntu jammy/main amd64 libkmod2 amd64 29-1ubuntu1 [48.0 kB]
#6 31.15 Get:25 http://archive.ubuntu.com/ubuntu jammy-updates/main amd64 systemd amd64 249.11-0ubuntu3.17 [4583 kB]
#6 32.37 Get:26 http://archive.ubuntu.com/ubuntu jammy-updates/main amd64 systemd-sysv amd64 249.11-0ubuntu3.17 [10.5 kB]
#6 32.38 Get:27 http://archive.ubuntu.com/ubuntu jammy-updates/main amd64 perl-modules-5.34 all 5.34.0-3ubuntu1.5 [2977 kB]
#6 32.46 Get:28 http://archive.ubuntu.com/ubuntu jammy/main amd64 libgdbm6 amd64 1.23-1 [33.9 kB]
#6 32.47 Get:29 http://archive.ubuntu.com/ubuntu jammy/main amd64 libgdbm-compat4 amd64 1.23-1 [6606 B]
#6 32.47 Get:30 http://archive.ubuntu.com/ubuntu jammy-updates/main amd64 libperl5.34 amd64 5.34.0-3ubuntu1.5 [4797 kB]
#6 33.31 Get:31 http://archive.ubuntu.com/ubuntu jammy-updates/main amd64 perl amd64 5.34.0-3ubuntu1.5 [232 kB]
#6 33.32 Get:32 http://archive.ubuntu.com/ubuntu jammy-updates/main amd64 openssl amd64 3.0.2-0ubuntu1.21 [1184 kB]
#6 33.64 Get:33 http://archive.ubuntu.com/ubuntu jammy-updates/main amd64 ca-certificates all 20240203~22.04.1 [162 kB]
#6 33.64 Get:34 http://archive.ubuntu.com/ubuntu jammy-updates/main amd64 libdbus-1-3 amd64 1.12.20-2ubuntu4.1 [189 kB]
#6 33.65 Get:35 http://archive.ubuntu.com/ubuntu jammy-updates/main amd64 dbus amd64 1.12.20-2ubuntu4.1 [158 kB]
#6 33.66 Get:36 http://archive.ubuntu.com/ubuntu jammy-updates/main amd64 distro-info-data all 0.52ubuntu0.11 [5444 B]
#6 33.66 Get:37 http://archive.ubuntu.com/ubuntu jammy-updates/main amd64 distro-info amd64 1.1ubuntu0.2 [18.7 kB]
#6 33.66 Get:38 http://archive.ubuntu.com/ubuntu jammy-updates/main amd64 dmsetup amd64 2:1.02.175-2.1ubuntu5 [81.7 kB]
#6 33.67 Get:39 http://archive.ubuntu.com/ubuntu jammy-updates/main amd64 libglib2.0-0 amd64 2.72.4-0ubuntu2.9 [1467 kB]
#6 33.77 Get:40 http://archive.ubuntu.com/ubuntu jammy/main amd64 libgirepository-1.0-1 amd64 1.72.0-1 [55.6 kB]
#6 33.79 Get:41 http://archive.ubuntu.com/ubuntu jammy/main amd64 gir1.2-glib-2.0 amd64 1.72.0-1 [164 kB]
#6 33.88 Get:42 http://archive.ubuntu.com/ubuntu jammy/main amd64 iso-codes all 4.9.0-1 [3459 kB]
#6 34.68 Get:43 http://archive.ubuntu.com/ubuntu jammy-updates/main amd64 less amd64 590-1ubuntu0.22.04.3 [142 kB]
#6 34.68 Get:44 http://archive.ubuntu.com/ubuntu jammy/main amd64 libmd0 amd64 1.0.4-1build1 [23.0 kB]
#6 34.68 Get:45 http://archive.ubuntu.com/ubuntu jammy/main amd64 libbsd0 amd64 0.11.5-1 [44.8 kB]
#6 34.68 Get:46 http://archive.ubuntu.com/ubuntu jammy-updates/main amd64 libcap2-bin amd64 1:2.44-1ubuntu0.22.04.2 [26.0 kB]
#6 34.68 Get:47 http://archive.ubuntu.com/ubuntu jammy-updates/main amd64 libelf1 amd64 0.186-1ubuntu0.1 [51.1 kB]
#6 34.69 Get:48 http://archive.ubuntu.com/ubuntu jammy-updates/main amd64 libglib2.0-data all 2.72.4-0ubuntu2.9 [5088 B]
#6 34.69 Get:49 http://archive.ubuntu.com/ubuntu jammy/main amd64 libicu70 amd64 70.1-2 [10.6 MB]
#6 36.88 Get:50 http://archive.ubuntu.com/ubuntu jammy-updates/main amd64 libnss-systemd amd64 249.11-0ubuntu3.17 [133 kB]
#6 37.14 Get:51 http://archive.ubuntu.com/ubuntu jammy-updates/main amd64 libpam-cap amd64 1:2.44-1ubuntu0.22.04.2 [7930 B]
#6 37.14 Get:52 http://archive.ubuntu.com/ubuntu jammy-updates/main amd64 libpam-systemd amd64 249.11-0ubuntu3.17 [203 kB]
#6 37.15 Get:53 http://archive.ubuntu.com/ubuntu jammy-updates/main amd64 libxml2 amd64 2.9.13+dfsg-1ubuntu0.11 [765 kB]
#6 37.36 Get:54 http://archive.ubuntu.com/ubuntu jammy/main amd64 libyaml-0-2 amd64 0.2.2-1build2 [51.6 kB]
#6 37.36 Get:55 http://archive.ubuntu.com/ubuntu jammy/main amd64 lsb-release all 11.1.0ubuntu4 [10.8 kB]
#6 37.37 Get:56 http://archive.ubuntu.com/ubuntu jammy/main amd64 netbase all 6.3 [12.9 kB]
#6 37.37 Get:57 http://archive.ubuntu.com/ubuntu jammy/main amd64 python3-dbus amd64 1.2.18-3build1 [99.5 kB]
#6 37.37 Get:58 http://archive.ubuntu.com/ubuntu jammy-updates/main amd64 python3-gi amd64 3.42.1-0ubuntu1 [229 kB]
#6 37.38 Get:59 http://archive.ubuntu.com/ubuntu jammy-updates/main amd64 networkd-dispatcher all 2.1-2ubuntu0.22.04.2 [15.8 kB]
#6 37.39 Get:60 http://archive.ubuntu.com/ubuntu jammy-updates/main amd64 python-apt-common all 2.4.0ubuntu4.1 [14.7 kB]
#6 37.39 Get:61 http://archive.ubuntu.com/ubuntu jammy-updates/main amd64 python3-apt amd64 2.4.0ubuntu4.1 [164 kB]
#6 37.64 Get:62 http://archive.ubuntu.com/ubuntu jammy-updates/main amd64 python3-pkg-resources all 59.6.0-1.2ubuntu0.22.04.3 [133 kB]
#6 37.65 Get:63 http://archive.ubuntu.com/ubuntu jammy/main amd64 shared-mime-info amd64 2.1-2 [454 kB]
#6 38.10 Get:64 http://archive.ubuntu.com/ubuntu jammy-updates/main amd64 sudo amd64 1.9.9-1ubuntu2.5 [820 kB]
#6 38.17 Get:65 http://archive.ubuntu.com/ubuntu jammy-updates/main amd64 systemd-timesyncd amd64 249.11-0ubuntu3.17 [31.2 kB]
#6 38.17 Get:66 http://archive.ubuntu.com/ubuntu jammy-updates/main amd64 tzdata all 2025b-0ubuntu0.22.04.1 [347 kB]
#6 38.18 Get:67 http://archive.ubuntu.com/ubuntu jammy/main amd64 ucf all 3.0043 [56.1 kB]
#6 38.19 Get:68 http://archive.ubuntu.com/ubuntu jammy/main amd64 xdg-user-dirs amd64 0.17-2ubuntu4 [53.9 kB]
#6 38.19 Get:69 http://archive.ubuntu.com/ubuntu jammy-updates/main amd64 bsdextrautils amd64 2.37.2-4ubuntu3.4 [71.4 kB]
#6 38.19 Get:70 http://archive.ubuntu.com/ubuntu jammy-updates/main amd64 libmagic-mgc amd64 1:5.41-3ubuntu0.1 [257 kB]
#6 38.33 Get:71 http://archive.ubuntu.com/ubuntu jammy-updates/main amd64 libmagic1 amd64 1:5.41-3ubuntu0.1 [87.2 kB]
#6 38.33 Get:72 http://archive.ubuntu.com/ubuntu jammy-updates/main amd64 file amd64 1:5.41-3ubuntu0.1 [21.5 kB]
#6 38.35 Get:73 http://archive.ubuntu.com/ubuntu jammy/main amd64 gettext-base amd64 0.21-4ubuntu4 [37.8 kB]
#6 38.41 Get:74 http://archive.ubuntu.com/ubuntu jammy/main amd64 libuchardet0 amd64 0.0.7-1build2 [76.9 kB]
#6 38.89 Get:75 http://archive.ubuntu.com/ubuntu jammy/main amd64 groff-base amd64 1.22.4-8build1 [955 kB]
#6 38.93 Get:76 http://archive.ubuntu.com/ubuntu jammy/main amd64 libcbor0.8 amd64 0.8.0-2ubuntu1 [24.6 kB]
#6 38.93 Get:77 http://archive.ubuntu.com/ubuntu jammy/main amd64 libedit2 amd64 3.1-20210910-1build1 [96.8 kB]
#6 38.94 Get:78 http://archive.ubuntu.com/ubuntu jammy/main amd64 libfido2-1 amd64 1.10.0-1 [82.8 kB]
#6 38.94 Get:79 http://archive.ubuntu.com/ubuntu jammy-updates/main amd64 libnghttp2-14 amd64 1.43.0-1ubuntu0.2 [76.9 kB]
#6 38.94 Get:80 http://archive.ubuntu.com/ubuntu jammy/main amd64 libpipeline1 amd64 1.5.5-1 [23.5 kB]
#6 38.94 Get:81 http://archive.ubuntu.com/ubuntu jammy-updates/main amd64 libpng16-16 amd64 1.6.37-3ubuntu0.4 [192 kB]
#6 38.94 Get:82 http://archive.ubuntu.com/ubuntu jammy/main amd64 libpsl5 amd64 0.21.0-1.2build2 [58.4 kB]
#6 38.94 Get:83 http://archive.ubuntu.com/ubuntu jammy/main amd64 libxau6 amd64 1:1.0.9-1build5 [7634 B]
#6 39.14 Get:84 http://archive.ubuntu.com/ubuntu jammy/main amd64 libxdmcp6 amd64 1:1.1.3-0ubuntu5 [10.9 kB]
#6 39.17 Get:85 http://archive.ubuntu.com/ubuntu jammy/main amd64 libxcb1 amd64 1.14-3ubuntu3 [49.0 kB]
#6 39.68 Get:86 http://archive.ubuntu.com/ubuntu jammy-updates/main amd64 libx11-data all 2:1.7.5-1ubuntu0.3 [120 kB]
#6 39.68 Get:87 http://archive.ubuntu.com/ubuntu jammy-updates/main amd64 libx11-6 amd64 2:1.7.5-1ubuntu0.3 [667 kB]
#6 39.71 Get:88 http://archive.ubuntu.com/ubuntu jammy/main amd64 libxext6 amd64 2:1.3.4-1build1 [31.8 kB]
#6 39.71 Get:89 http://archive.ubuntu.com/ubuntu jammy/main amd64 libxmuu1 amd64 2:1.1.3-3 [10.2 kB]
#6 39.71 Get:90 http://archive.ubuntu.com/ubuntu jammy/main amd64 man-db amd64 2.10.2-1 [1187 kB]
#6 39.74 Get:91 http://archive.ubuntu.com/ubuntu jammy/main amd64 manpages all 5.10-1ubuntu1 [1375 kB]
#6 39.88 Get:92 http://archive.ubuntu.com/ubuntu jammy-updates/main amd64 openssh-client amd64 1:8.9p1-3ubuntu0.13 [903 kB]
#6 40.16 Get:93 http://archive.ubuntu.com/ubuntu jammy/main amd64 publicsuffix all 20211207.1025-1 [129 kB]
#6 40.16 Get:94 http://archive.ubuntu.com/ubuntu jammy-updates/main amd64 python3-distro-info all 1.1ubuntu0.2 [6554 B]
#6 40.16 Get:95 http://archive.ubuntu.com/ubuntu jammy-updates/main amd64 libunwind8 amd64 1.3.2-2build2.1 [54.5 kB]
#6 40.43 Get:96 http://archive.ubuntu.com/ubuntu jammy/main amd64 strace amd64 5.16-0ubuntu3 [567 kB]
#6 40.46 Get:97 http://archive.ubuntu.com/ubuntu jammy-updates/main amd64 wget amd64 1.21.2-2ubuntu1.1 [339 kB]
#6 40.73 Get:98 http://archive.ubuntu.com/ubuntu jammy/main amd64 xauth amd64 1:1.1-1build2 [27.5 kB]
#6 40.73 Get:99 http://archive.ubuntu.com/ubuntu jammy/main amd64 xz-utils amd64 5.2.5-2ubuntu1 [84.8 kB]
#6 40.74 Get:100 http://archive.ubuntu.com/ubuntu jammy-updates/main amd64 binutils-common amd64 2.38-4ubuntu2.12 [223 kB]
#6 40.74 Get:101 http://archive.ubuntu.com/ubuntu jammy-updates/main amd64 libbinutils amd64 2.38-4ubuntu2.12 [663 kB]
#6 41.39 Get:102 http://archive.ubuntu.com/ubuntu jammy-updates/main amd64 libctf-nobfd0 amd64 2.38-4ubuntu2.12 [108 kB]
#6 42.93 Get:103 http://archive.ubuntu.com/ubuntu jammy-updates/main amd64 libctf0 amd64 2.38-4ubuntu2.12 [103 kB]
#6 43.29 Get:104 http://archive.ubuntu.com/ubuntu jammy-updates/main amd64 binutils-x86-64-linux-gnu amd64 2.38-4ubuntu2.12 [2324 kB]
#6 45.71 Get:105 http://archive.ubuntu.com/ubuntu jammy-updates/main amd64 binutils amd64 2.38-4ubuntu2.12 [3184 B]
#6 45.71 Get:106 http://archive.ubuntu.com/ubuntu jammy-updates/main amd64 libc-dev-bin amd64 2.35-0ubuntu3.13 [20.3 kB]
#6 45.72 Get:107 http://archive.ubuntu.com/ubuntu jammy-updates/main amd64 linux-libc-dev amd64 5.15.0-171.181 [1316 kB]
#6 45.96 Get:108 http://archive.ubuntu.com/ubuntu jammy/main amd64 libcrypt-dev amd64 1:4.4.27-1 [112 kB]
#6 45.97 Get:109 http://archive.ubuntu.com/ubuntu jammy/main amd64 rpcsvc-proto amd64 1.4.2-0ubuntu6 [68.5 kB]
#6 45.97 Get:110 http://archive.ubuntu.com/ubuntu jammy-updates/main amd64 libtirpc-dev amd64 1.3.2-2ubuntu0.1 [192 kB]
#6 46.05 Get:111 http://archive.ubuntu.com/ubuntu jammy/main amd64 libnsl-dev amd64 1.3.0-2build2 [71.3 kB]
#6 46.06 Get:112 http://archive.ubuntu.com/ubuntu jammy-updates/main amd64 libc6-dev amd64 2.35-0ubuntu3.13 [2101 kB]
#6 46.23 Get:113 http://archive.ubuntu.com/ubuntu jammy-updates/main amd64 gcc-11-base amd64 11.4.0-1ubuntu1~22.04.3 [216 kB]
#6 46.48 Get:114 http://archive.ubuntu.com/ubuntu jammy/main amd64 libisl23 amd64 0.24-2build1 [727 kB]
#6 46.61 Get:115 http://archive.ubuntu.com/ubuntu jammy/main amd64 libmpfr6 amd64 4.1.0-3build3 [1425 kB]
#6 46.90 Get:116 http://archive.ubuntu.com/ubuntu jammy/main amd64 libmpc3 amd64 1.2.1-2build1 [46.9 kB]
#6 46.90 Get:117 http://archive.ubuntu.com/ubuntu jammy-updates/main amd64 cpp-11 amd64 11.4.0-1ubuntu1~22.04.3 [10.0 MB]
#6 48.61 Get:118 http://archive.ubuntu.com/ubuntu jammy/main amd64 cpp amd64 4:11.2.0-1ubuntu1 [27.7 kB]
#6 48.61 Get:119 http://archive.ubuntu.com/ubuntu jammy-updates/main amd64 libcc1-0 amd64 12.3.0-1ubuntu1~22.04.3 [48.3 kB]
#6 48.61 Get:120 http://archive.ubuntu.com/ubuntu jammy-updates/main amd64 libgomp1 amd64 12.3.0-1ubuntu1~22.04.3 [127 kB]
#6 48.62 Get:121 http://archive.ubuntu.com/ubuntu jammy-updates/main amd64 libitm1 amd64 12.3.0-1ubuntu1~22.04.3 [30.2 kB]
#6 48.62 Get:122 http://archive.ubuntu.com/ubuntu jammy-updates/main amd64 libatomic1 amd64 12.3.0-1ubuntu1~22.04.3 [10.5 kB]
#6 48.62 Get:123 http://archive.ubuntu.com/ubuntu jammy-updates/main amd64 libasan6 amd64 11.4.0-1ubuntu1~22.04.3 [2283 kB]
#6 49.37 Get:124 http://archive.ubuntu.com/ubuntu jammy-updates/main amd64 liblsan0 amd64 12.3.0-1ubuntu1~22.04.3 [1069 kB]
#6 49.46 Get:125 http://archive.ubuntu.com/ubuntu jammy-updates/main amd64 libtsan0 amd64 11.4.0-1ubuntu1~22.04.3 [2260 kB]
#6 49.65 Get:126 http://archive.ubuntu.com/ubuntu jammy-updates/main amd64 libubsan1 amd64 12.3.0-1ubuntu1~22.04.3 [976 kB]
#6 49.94 Get:127 http://archive.ubuntu.com/ubuntu jammy-updates/main amd64 libquadmath0 amd64 12.3.0-1ubuntu1~22.04.3 [154 kB]
#6 49.95 Get:128 http://archive.ubuntu.com/ubuntu jammy-updates/main amd64 libgcc-11-dev amd64 11.4.0-1ubuntu1~22.04.3 [2517 kB]
#6 50.58 Get:129 http://archive.ubuntu.com/ubuntu jammy-updates/main amd64 gcc-11 amd64 11.4.0-1ubuntu1~22.04.3 [20.1 MB]
#6 55.18 Get:130 http://archive.ubuntu.com/ubuntu jammy/main amd64 gcc amd64 4:11.2.0-1ubuntu1 [5112 B]
#6 55.18 Get:131 http://archive.ubuntu.com/ubuntu jammy-updates/main amd64 libstdc++-11-dev amd64 11.4.0-1ubuntu1~22.04.3 [2101 kB]
#6 56.14 Get:132 http://archive.ubuntu.com/ubuntu jammy-updates/main amd64 g++-11 amd64 11.4.0-1ubuntu1~22.04.3 [11.4 MB]
#6 58.42 Get:133 http://archive.ubuntu.com/ubuntu jammy/main amd64 g++ amd64 4:11.2.0-1ubuntu1 [1412 B]
#6 58.42 Get:134 http://archive.ubuntu.com/ubuntu jammy/main amd64 make amd64 4.3-4.1build1 [180 kB]
#6 58.47 Get:135 http://archive.ubuntu.com/ubuntu jammy-updates/main amd64 libdpkg-perl all 1.21.1ubuntu2.6 [237 kB]
#6 58.47 Get:136 http://archive.ubuntu.com/ubuntu jammy/main amd64 bzip2 amd64 1.0.8-5build1 [34.8 kB]
#6 58.47 Get:137 http://archive.ubuntu.com/ubuntu jammy/main amd64 patch amd64 2.7.6-7build2 [109 kB]
#6 58.47 Get:138 http://archive.ubuntu.com/ubuntu jammy/main amd64 lto-disabled-list all 24 [12.5 kB]
#6 58.47 Get:139 http://archive.ubuntu.com/ubuntu jammy-updates/main amd64 dpkg-dev all 1.21.1ubuntu2.6 [922 kB]
#6 58.68 Get:140 http://archive.ubuntu.com/ubuntu jammy/main amd64 build-essential amd64 12.9ubuntu3 [4744 B]
#6 58.68 Get:141 http://archive.ubuntu.com/ubuntu jammy/universe amd64 cowdancer amd64 0.89 [23.6 kB]
#6 58.70 Get:142 http://archive.ubuntu.com/ubuntu jammy-updates/main amd64 debootstrap all 1.0.126+nmu1ubuntu0.8 [40.6 kB]
#6 58.98 Get:143 http://archive.ubuntu.com/ubuntu jammy/universe amd64 pbuilder all 0.231build1 [315 kB]
#6 59.54 Get:144 http://archive.ubuntu.com/ubuntu jammy/universe amd64 cowbuilder amd64 0.89 [20.2 kB]
#6 59.54 Get:145 http://archive.ubuntu.com/ubuntu jammy-updates/main amd64 gcc-11-aarch64-linux-gnu-base amd64 11.4.0-1ubuntu1~22.04cross1 [20.5 kB]
#6 59.54 Get:146 http://archive.ubuntu.com/ubuntu jammy-updates/main amd64 cpp-11-aarch64-linux-gnu amd64 11.4.0-1ubuntu1~22.04cross1 [9421 kB]
#6 61.83 Get:147 http://archive.ubuntu.com/ubuntu jammy/main amd64 cpp-aarch64-linux-gnu amd64 4:11.2.0-1ubuntu1 [3478 B]
#6 61.83 Get:148 http://archive.ubuntu.com/ubuntu jammy/main amd64 libbrotli1 amd64 1.0.9-2build6 [315 kB]
#6 61.87 Get:149 http://archive.ubuntu.com/ubuntu jammy-updates/main amd64 libsasl2-modules-db amd64 2.1.27+dfsg2-3ubuntu1.2 [20.5 kB]
#6 61.88 Get:150 http://archive.ubuntu.com/ubuntu jammy-updates/main amd64 libsasl2-2 amd64 2.1.27+dfsg2-3ubuntu1.2 [53.8 kB]
#6 61.89 Get:151 http://archive.ubuntu.com/ubuntu jammy-updates/main amd64 libldap-2.5-0 amd64 2.5.20+dfsg-0ubuntu0.22.04.1 [184 kB]
#6 61.90 Get:152 http://archive.ubuntu.com/ubuntu jammy/main amd64 librtmp1 amd64 2.4+20151223.gitfa8646d.1-2build4 [58.2 kB]
#6 61.90 Get:153 http://archive.ubuntu.com/ubuntu jammy-updates/main amd64 libssh-4 amd64 0.9.6-2ubuntu0.22.04.6 [187 kB]
#6 61.94 Get:154 http://archive.ubuntu.com/ubuntu jammy-updates/main amd64 libcurl4 amd64 7.81.0-1ubuntu1.22 [290 kB]
#6 61.94 Get:155 http://archive.ubuntu.com/ubuntu jammy-updates/main amd64 curl amd64 7.81.0-1ubuntu1.22 [194 kB]
#6 62.11 Get:156 http://archive.ubuntu.com/ubuntu jammy/main amd64 dctrl-tools amd64 2.24-3build2 [66.9 kB]
#6 62.67 Get:157 http://archive.ubuntu.com/ubuntu jammy/main amd64 libfakeroot amd64 1.28-1ubuntu1 [31.5 kB]
#6 62.67 Get:158 http://archive.ubuntu.com/ubuntu jammy/main amd64 fakeroot amd64 1.28-1ubuntu1 [60.4 kB]
#6 62.67 Get:159 http://archive.ubuntu.com/ubuntu jammy/main amd64 libassuan0 amd64 2.5.5-1build1 [38.2 kB]
#6 62.67 Get:160 http://archive.ubuntu.com/ubuntu jammy-updates/main amd64 gpgconf amd64 2.2.27-3ubuntu2.5 [94.3 kB]
#6 62.68 Get:161 http://archive.ubuntu.com/ubuntu jammy-updates/main amd64 libksba8 amd64 1.6.0-2ubuntu0.2 [119 kB]
#6 62.68 Get:162 http://archive.ubuntu.com/ubuntu jammy/main amd64 libnpth0 amd64 1.6-3build2 [8664 B]
#6 62.68 Get:163 http://archive.ubuntu.com/ubuntu jammy-updates/main amd64 dirmngr amd64 2.2.27-3ubuntu2.5 [293 kB]
#6 62.78 Get:164 http://archive.ubuntu.com/ubuntu jammy-updates/main amd64 gnupg-l10n all 2.2.27-3ubuntu2.5 [54.5 kB]
#6 62.80 Get:165 http://archive.ubuntu.com/ubuntu jammy-updates/main amd64 gnupg-utils amd64 2.2.27-3ubuntu2.5 [309 kB]
#6 63.22 Get:166 http://archive.ubuntu.com/ubuntu jammy-updates/main amd64 gpg amd64 2.2.27-3ubuntu2.5 [519 kB]
#6 63.29 Get:167 http://archive.ubuntu.com/ubuntu jammy/main amd64 pinentry-curses amd64 1.1.1-1build2 [34.4 kB]
#6 63.29 Get:168 http://archive.ubuntu.com/ubuntu jammy-updates/main amd64 gpg-agent amd64 2.2.27-3ubuntu2.5 [209 kB]
#6 63.58 Get:169 http://archive.ubuntu.com/ubuntu jammy-updates/main amd64 gpg-wks-client amd64 2.2.27-3ubuntu2.5 [62.7 kB]
#6 63.58 Get:170 http://archive.ubuntu.com/ubuntu jammy-updates/main amd64 gpg-wks-server amd64 2.2.27-3ubuntu2.5 [57.6 kB]
#6 63.58 Get:171 http://archive.ubuntu.com/ubuntu jammy-updates/main amd64 gpgsm amd64 2.2.27-3ubuntu2.5 [197 kB]
#6 63.77 Get:172 http://archive.ubuntu.com/ubuntu jammy-updates/main amd64 gnupg all 2.2.27-3ubuntu2.5 [315 kB]
#6 63.77 Get:173 http://archive.ubuntu.com/ubuntu jammy/main amd64 libfile-dirlist-perl all 0.05-2 [7100 B]
#6 63.78 Get:174 http://archive.ubuntu.com/ubuntu jammy/main amd64 libfile-which-perl all 1.23-1 [13.8 kB]
#6 63.78 Get:175 http://archive.ubuntu.com/ubuntu jammy/main amd64 libfile-homedir-perl all 1.006-1 [38.3 kB]
#6 63.78 Get:176 http://archive.ubuntu.com/ubuntu jammy/main amd64 libfile-touch-perl all 0.12-1 [9024 B]
#6 63.78 Get:177 http://archive.ubuntu.com/ubuntu jammy/main amd64 libio-pty-perl amd64 1:1.15-2build2 [35.1 kB]
#6 63.86 Get:178 http://archive.ubuntu.com/ubuntu jammy/main amd64 libipc-run-perl all 20200505.0-1 [89.8 kB]
#6 64.14 Get:179 http://archive.ubuntu.com/ubuntu jammy/main amd64 libclass-method-modifiers-perl all 2.13-1 [16.2 kB]
#6 64.14 Get:180 http://archive.ubuntu.com/ubuntu jammy/main amd64 libclass-xsaccessor-perl amd64 1.19-3build9 [34.1 kB]
#6 64.15 Get:181 http://archive.ubuntu.com/ubuntu jammy/main amd64 libb-hooks-op-check-perl amd64 0.22-1build5 [10.3 kB]
#6 64.15 Get:182 http://archive.ubuntu.com/ubuntu jammy/main amd64 libdynaloader-functions-perl all 0.003-1.1 [12.1 kB]
#6 64.15 Get:183 http://archive.ubuntu.com/ubuntu jammy/main amd64 libdevel-callchecker-perl amd64 0.008-1ubuntu4 [14.9 kB]
#6 64.15 Get:184 http://archive.ubuntu.com/ubuntu jammy/main amd64 libparams-classify-perl amd64 0.015-1build5 [22.0 kB]
#6 64.15 Get:185 http://archive.ubuntu.com/ubuntu jammy/main amd64 libmodule-runtime-perl all 0.016-1 [16.2 kB]
#6 64.15 Get:186 http://archive.ubuntu.com/ubuntu jammy/main amd64 libimport-into-perl all 1.002005-1 [11.0 kB]
#6 64.15 Get:187 http://archive.ubuntu.com/ubuntu jammy/main amd64 librole-tiny-perl all 2.002004-1 [16.3 kB]
#6 64.42 Get:188 http://archive.ubuntu.com/ubuntu jammy/main amd64 libsub-quote-perl all 2.006006-1 [19.5 kB]
#6 64.70 Get:189 http://archive.ubuntu.com/ubuntu jammy/main amd64 libmoo-perl all 2.005004-3 [48.0 kB]
#6 64.70 Get:190 http://archive.ubuntu.com/ubuntu jammy/main amd64 libencode-locale-perl all 1.05-1.1 [11.8 kB]
#6 64.71 Get:191 http://archive.ubuntu.com/ubuntu jammy/main amd64 libtimedate-perl all 2.3300-2 [34.0 kB]
#6 64.71 Get:192 http://archive.ubuntu.com/ubuntu jammy/main amd64 libhttp-date-perl all 6.05-1 [9920 B]
#6 64.71 Get:193 http://archive.ubuntu.com/ubuntu jammy/main amd64 libfile-listing-perl all 6.14-1 [11.2 kB]
#6 64.71 Get:194 http://archive.ubuntu.com/ubuntu jammy/main amd64 libhtml-tagset-perl all 3.20-4 [12.5 kB]
#6 64.71 Get:195 http://archive.ubuntu.com/ubuntu jammy/main amd64 liburi-perl all 5.10-1 [78.8 kB]
#6 64.72 Get:196 http://archive.ubuntu.com/ubuntu jammy/main amd64 libhtml-parser-perl amd64 3.76-1build2 [88.4 kB]
#6 64.72 Get:197 http://archive.ubuntu.com/ubuntu jammy/main amd64 libhtml-tree-perl all 5.07-2 [200 kB]
#6 64.97 Get:198 http://archive.ubuntu.com/ubuntu jammy/main amd64 libio-html-perl all 1.004-2 [15.4 kB]
#6 64.98 Get:199 http://archive.ubuntu.com/ubuntu jammy/main amd64 liblwp-mediatypes-perl all 6.04-1 [19.5 kB]
#6 65.25 Get:200 http://archive.ubuntu.com/ubuntu jammy/main amd64 libhttp-message-perl all 6.36-1 [76.8 kB]
#6 65.27 Get:201 http://archive.ubuntu.com/ubuntu jammy/main amd64 libhttp-cookies-perl all 6.10-1 [18.4 kB]
#6 65.28 Get:202 http://archive.ubuntu.com/ubuntu jammy/main amd64 libhttp-negotiate-perl all 6.01-1 [12.5 kB]
#6 66.21 Get:203 http://archive.ubuntu.com/ubuntu jammy/main amd64 perl-openssl-defaults amd64 5build2 [7542 B]
#6 66.42 Get:204 http://archive.ubuntu.com/ubuntu jammy/main amd64 libnet-ssleay-perl amd64 1.92-1build2 [327 kB]
#6 67.70 Get:205 http://archive.ubuntu.com/ubuntu jammy/main amd64 libio-socket-ssl-perl all 2.074-2 [192 kB]
#6 67.91 Get:206 http://archive.ubuntu.com/ubuntu jammy/main amd64 libnet-http-perl all 6.22-1 [23.2 kB]
#6 67.91 Get:207 http://archive.ubuntu.com/ubuntu jammy/main amd64 liblwp-protocol-https-perl all 6.10-1 [10.9 kB]
#6 67.91 Get:208 http://archive.ubuntu.com/ubuntu jammy/main amd64 libtry-tiny-perl all 0.31-1 [21.8 kB]
#6 67.91 Get:209 http://archive.ubuntu.com/ubuntu jammy/main amd64 libwww-robotrules-perl all 6.02-1 [12.6 kB]
#6 67.91 Get:210 http://archive.ubuntu.com/ubuntu jammy/main amd64 libwww-perl all 6.61-1 [141 kB]
#6 68.13 Get:211 http://archive.ubuntu.com/ubuntu jammy/main amd64 patchutils amd64 0.4.2-1build2 [77.8 kB]
#6 68.27 Get:212 http://archive.ubuntu.com/ubuntu jammy/main amd64 wdiff amd64 1.2.2-2build3 [29.6 kB]
#6 68.28 Get:213 http://archive.ubuntu.com/ubuntu jammy/main amd64 devscripts amd64 2.22.1ubuntu1 [1057 kB]
#6 68.91 Get:214 http://archive.ubuntu.com/ubuntu jammy/main amd64 diffstat amd64 1.64-1build2 [29.2 kB]
#6 68.92 Get:215 http://archive.ubuntu.com/ubuntu jammy/main amd64 python3-chardet all 4.0.0-1 [98.0 kB]
#6 68.92 Get:216 http://archive.ubuntu.com/ubuntu jammy/main amd64 zstd amd64 1.4.8+dfsg-3build1 [603 kB]
#6 69.67 Get:217 http://archive.ubuntu.com/ubuntu jammy-updates/main amd64 python3-debian all 0.1.43ubuntu1.1 [107 kB]
#6 69.67 Get:218 http://archive.ubuntu.com/ubuntu jammy-updates/main amd64 libgpgme11 amd64 1.16.0-1.2ubuntu4.2 [136 kB]
#6 69.67 Get:219 http://archive.ubuntu.com/ubuntu jammy-updates/main amd64 python3-gpg amd64 1.16.0-1.2ubuntu4.2 [214 kB]
#6 69.68 Get:220 http://archive.ubuntu.com/ubuntu jammy-updates/main amd64 dput all 1.1.0ubuntu2.1 [44.7 kB]
#6 69.68 Get:221 http://archive.ubuntu.com/ubuntu jammy/main amd64 libeatmydata1 amd64 130-2build1 [7498 B]
#6 69.68 Get:222 http://archive.ubuntu.com/ubuntu jammy/main amd64 eatmydata all 130-2build1 [5584 B]
#6 69.68 Get:223 http://archive.ubuntu.com/ubuntu jammy/main amd64 fonts-dejavu-core all 2.37-2build1 [1041 kB]
#6 69.85 Get:224 http://archive.ubuntu.com/ubuntu jammy/main amd64 fontconfig-config all 2.13.1-4.2ubuntu5 [29.1 kB]
#6 69.85 Get:225 http://archive.ubuntu.com/ubuntu jammy-updates/main amd64 binutils-aarch64-linux-gnu amd64 2.38-4ubuntu2.12 [3624 kB]
#6 70.50 Get:226 http://archive.ubuntu.com/ubuntu jammy-updates/main amd64 gcc-11-cross-base all 11.4.0-1ubuntu1~22.04cross1 [15.5 kB]
#6 70.50 Get:227 http://archive.ubuntu.com/ubuntu jammy-updates/main amd64 gcc-12-cross-base all 12.3.0-1ubuntu1~22.04cross1 [15.7 kB]
#6 70.50 Get:228 http://archive.ubuntu.com/ubuntu jammy/main amd64 libc6-arm64-cross all 2.35-0ubuntu1cross3 [1147 kB]
#6 70.77 Get:229 http://archive.ubuntu.com/ubuntu jammy-updates/main amd64 libgcc-s1-arm64-cross all 12.3.0-1ubuntu1~22.04cross1 [39.8 kB]
#6 70.77 Get:230 http://archive.ubuntu.com/ubuntu jammy-updates/main amd64 libgomp1-arm64-cross all 12.3.0-1ubuntu1~22.04cross1 [122 kB]
#6 70.77 Get:231 http://archive.ubuntu.com/ubuntu jammy-updates/main amd64 libitm1-arm64-cross all 12.3.0-1ubuntu1~22.04cross1 [28.0 kB]
#6 70.77 Get:232 http://archive.ubuntu.com/ubuntu jammy-updates/main amd64 libatomic1-arm64-cross all 12.3.0-1ubuntu1~22.04cross1 [10.6 kB]
#6 70.77 Get:233 http://archive.ubuntu.com/ubuntu jammy-updates/main amd64 libasan6-arm64-cross all 11.4.0-1ubuntu1~22.04cross1 [2228 kB]
#6 71.34 Get:234 http://archive.ubuntu.com/ubuntu jammy-updates/main amd64 liblsan0-arm64-cross all 12.3.0-1ubuntu1~22.04cross1 [1034 kB]
#6 71.47 Get:235 http://archive.ubuntu.com/ubuntu jammy-updates/main amd64 libtsan0-arm64-cross all 11.4.0-1ubuntu1~22.04cross1 [2223 kB]
#6 71.85 Get:236 http://archive.ubuntu.com/ubuntu jammy-updates/main amd64 libstdc++6-arm64-cross all 12.3.0-1ubuntu1~22.04cross1 [616 kB]
#6 72.24 Get:237 http://archive.ubuntu.com/ubuntu jammy-updates/main amd64 libubsan1-arm64-cross all 12.3.0-1ubuntu1~22.04cross1 [964 kB]
#6 72.26 Get:238 http://archive.ubuntu.com/ubuntu jammy-updates/main amd64 libhwasan0-arm64-cross all 12.3.0-1ubuntu1~22.04cross1 [1117 kB]
#6 72.50 Get:239 http://archive.ubuntu.com/ubuntu jammy-updates/main amd64 libgcc-11-dev-arm64-cross all 11.4.0-1ubuntu1~22.04cross1 [1147 kB]
#6 72.70 Get:240 http://archive.ubuntu.com/ubuntu jammy-updates/main amd64 gcc-11-aarch64-linux-gnu amd64 11.4.0-1ubuntu1~22.04cross1 [18.8 MB]
#6 76.50 Get:241 http://archive.ubuntu.com/ubuntu jammy/main amd64 gcc-aarch64-linux-gnu amd64 4:11.2.0-1ubuntu1 [1242 B]
#6 76.51 Get:242 http://archive.ubuntu.com/ubuntu jammy/main amd64 gettext amd64 0.21-4ubuntu4 [868 kB]
#6 76.51 Get:243 http://archive.ubuntu.com/ubuntu jammy-updates/main amd64 libpackagekit-glib2-18 amd64 1.2.5-2ubuntu3 [124 kB]
#6 76.76 Get:244 http://archive.ubuntu.com/ubuntu jammy-updates/main amd64 gir1.2-packagekitglib-1.0 amd64 1.2.5-2ubuntu3 [25.3 kB]
#6 76.77 Get:245 http://archive.ubuntu.com/ubuntu jammy-updates/main amd64 libcurl3-gnutls amd64 7.81.0-1ubuntu1.22 [284 kB]
#6 76.79 Get:246 http://archive.ubuntu.com/ubuntu jammy/main amd64 liberror-perl all 0.17029-1 [26.5 kB]
#6 76.79 Get:247 http://archive.ubuntu.com/ubuntu jammy-updates/main amd64 git-man all 1:2.34.1-1ubuntu1.17 [954 kB]
#6 76.90 Get:248 http://archive.ubuntu.com/ubuntu jammy-updates/main amd64 git amd64 1:2.34.1-1ubuntu1.17 [3174 kB]
#6 77.81 Get:249 http://archive.ubuntu.com/ubuntu jammy/main amd64 python3-six all 1.16.0-3ubuntu1 [12.6 kB]
#6 77.81 Get:250 http://archive.ubuntu.com/ubuntu jammy/main amd64 python3-dateutil all 2.8.1-6 [78.4 kB]
#6 77.81 Get:251 http://archive.ubuntu.com/ubuntu jammy/universe amd64 git-buildpackage all 0.9.25 [799 kB]
#6 77.82 Get:252 http://archive.ubuntu.com/ubuntu jammy/main amd64 intltool-debian all 0.35.0+20060710.5 [24.9 kB]
#6 77.82 Get:253 http://archive.ubuntu.com/ubuntu jammy/main amd64 libalgorithm-diff-perl all 1.201-1 [41.8 kB]
#6 77.82 Get:254 http://archive.ubuntu.com/ubuntu jammy/main amd64 libalgorithm-diff-xs-perl amd64 0.04-6build3 [11.9 kB]
#6 77.82 Get:255 http://archive.ubuntu.com/ubuntu jammy/main amd64 libalgorithm-merge-perl all 0.08-3 [12.0 kB]
#6 77.82 Get:256 http://archive.ubuntu.com/ubuntu jammy/main amd64 libaliased-perl all 0.34-1.1 [13.3 kB]
#6 77.82 Get:257 http://archive.ubuntu.com/ubuntu jammy/main amd64 libstemmer0d amd64 2.2.0-1build1 [165 kB]
#6 78.75 Get:258 http://archive.ubuntu.com/ubuntu jammy/main amd64 libxmlb2 amd64 0.3.6-2build1 [67.8 kB]
#6 78.76 Get:259 http://archive.ubuntu.com/ubuntu jammy/main amd64 libappstream4 amd64 0.15.2-2 [192 kB]
#6 78.76 Get:260 http://archive.ubuntu.com/ubuntu jammy/main amd64 libapt-pkg-perl amd64 0.1.40build2 [72.5 kB]
#6 78.76 Get:261 http://archive.ubuntu.com/ubuntu jammy/main amd64 libarchive-zip-perl all 1.68-1 [90.2 kB]
#6 78.77 Get:262 http://archive.ubuntu.com/ubuntu jammy-updates/main amd64 libarchive13 amd64 3.6.0-1ubuntu1.5 [368 kB]
#6 78.77 Get:263 http://archive.ubuntu.com/ubuntu jammy/main amd64 libarray-intspan-perl all 2.004-1 [24.5 kB]
#6 78.77 Get:264 http://archive.ubuntu.com/ubuntu jammy/main amd64 libmodule-implementation-perl all 0.09-1.1 [11.6 kB]
#6 78.77 Get:265 http://archive.ubuntu.com/ubuntu jammy/main amd64 libsub-exporter-progressive-perl all 0.001013-1 [6784 B]
#6 78.77 Get:266 http://archive.ubuntu.com/ubuntu jammy/main amd64 libvariable-magic-perl amd64 0.62-1build5 [35.9 kB]
#6 78.78 Get:267 http://archive.ubuntu.com/ubuntu jammy/main amd64 libb-hooks-endofscope-perl all 0.25-1 [17.8 kB]
#6 79.27 Get:268 http://archive.ubuntu.com/ubuntu jammy-updates/main amd64 libfreetype6 amd64 2.11.1+dfsg-1ubuntu0.3 [388 kB]
#6 79.93 Get:269 http://archive.ubuntu.com/ubuntu jammy/main amd64 libfontconfig1 amd64 2.13.1-4.2ubuntu5 [131 kB]
#6 79.93 Get:270 http://archive.ubuntu.com/ubuntu jammy/main amd64 libjpeg-turbo8 amd64 2.1.2-0ubuntu1 [134 kB]
#6 79.93 Get:271 http://archive.ubuntu.com/ubuntu jammy/main amd64 libjpeg8 amd64 8c-2ubuntu10 [2264 B]
#6 79.93 Get:272 http://archive.ubuntu.com/ubuntu jammy/main amd64 libdeflate0 amd64 1.10-2 [70.9 kB]
#6 79.94 Get:273 http://archive.ubuntu.com/ubuntu jammy-updates/main amd64 libjbig0 amd64 2.1-3.1ubuntu0.22.04.1 [29.2 kB]
#6 79.94 Get:274 http://archive.ubuntu.com/ubuntu jammy-updates/main amd64 libwebp7 amd64 1.2.2-2ubuntu0.22.04.2 [206 kB]
#6 79.94 Get:275 http://archive.ubuntu.com/ubuntu jammy-updates/main amd64 libtiff5 amd64 4.3.0-6ubuntu0.12 [185 kB]
#6 79.94 Get:276 http://archive.ubuntu.com/ubuntu jammy-updates/main amd64 libxpm4 amd64 1:3.5.12-1ubuntu0.22.04.2 [36.7 kB]
#6 79.94 Get:277 http://archive.ubuntu.com/ubuntu jammy-updates/main amd64 libgd3 amd64 2.3.0-2ubuntu2.3 [129 kB]
#6 80.14 Get:278 http://archive.ubuntu.com/ubuntu jammy-updates/main amd64 libc-devtools amd64 2.35-0ubuntu3.13 [29.0 kB]
#6 80.15 Get:279 http://archive.ubuntu.com/ubuntu jammy/main amd64 libcapture-tiny-perl all 0.48-1 [20.4 kB]
#6 80.39 Get:280 http://archive.ubuntu.com/ubuntu jammy/main amd64 libclass-data-inheritable-perl all 0.08-3 [8084 B]
#6 80.40 Get:281 http://archive.ubuntu.com/ubuntu jammy/main amd64 libclone-perl amd64 0.45-1build3 [11.0 kB]
#6 80.40 Get:282 http://archive.ubuntu.com/ubuntu jammy/main amd64 libcommon-sense-perl amd64 3.75-2build1 [21.1 kB]
#6 80.40 Get:283 http://archive.ubuntu.com/ubuntu jammy/main amd64 libconfig-tiny-perl all 2.28-1 [13.1 kB]
#6 80.40 Get:284 http://archive.ubuntu.com/ubuntu jammy/main amd64 libparams-util-perl amd64 1.102-1build3 [22.7 kB]
#6 80.44 Get:285 http://archive.ubuntu.com/ubuntu jammy/main amd64 libsub-install-perl all 0.928-1.1 [9972 B]
#6 80.44 Get:286 http://archive.ubuntu.com/ubuntu jammy/main amd64 libdata-optlist-perl all 0.112-1 [11.0 kB]
#6 80.45 Get:287 http://archive.ubuntu.com/ubuntu jammy/main amd64 libsub-exporter-perl all 0.988-1 [50.6 kB]
#6 80.81 Get:288 http://archive.ubuntu.com/ubuntu jammy/main amd64 libconst-fast-perl all 0.014-1.1 [7756 B]
#6 80.81 Get:289 http://archive.ubuntu.com/ubuntu jammy/main amd64 libwant-perl amd64 0.29-1build7 [24.9 kB]
#6 80.81 Get:290 http://archive.ubuntu.com/ubuntu jammy/main amd64 libcontextual-return-perl all 0.004014-2 [53.1 kB]
#6 81.10 Get:291 http://archive.ubuntu.com/ubuntu jammy-updates/main amd64 libcpanel-json-xs-perl amd64 4.27-1ubuntu0.2 [115 kB]
#6 81.31 Get:292 http://archive.ubuntu.com/ubuntu jammy/main amd64 libdevel-stacktrace-perl all 2.0400-1 [22.7 kB]
#6 81.31 Get:293 http://archive.ubuntu.com/ubuntu jammy/main amd64 libexception-class-perl all 1.45-1 [28.6 kB]
#6 81.31 Get:294 http://archive.ubuntu.com/ubuntu jammy/main amd64 libiterator-perl all 0.03+ds1-1.1 [18.2 kB]
#6 81.31 Get:295 http://archive.ubuntu.com/ubuntu jammy/main amd64 libiterator-util-perl all 0.02+ds1-1.1 [13.6 kB]
#6 81.32 Get:296 http://archive.ubuntu.com/ubuntu jammy/main amd64 libexporter-tiny-perl all 1.002002-1 [36.2 kB]
#6 81.32 Get:297 http://archive.ubuntu.com/ubuntu jammy/main amd64 liblist-moreutils-xs-perl amd64 0.430-2build2 [41.9 kB]
#6 81.51 Get:298 http://archive.ubuntu.com/ubuntu jammy/main amd64 liblist-moreutils-perl all 0.430-2 [38.2 kB]
#6 81.56 Get:299 http://archive.ubuntu.com/ubuntu jammy/main amd64 libdata-dpath-perl all 0.58-1 [38.8 kB]
#6 81.56 Get:300 http://archive.ubuntu.com/ubuntu jammy/main amd64 libdata-dump-perl all 1.25-1 [25.9 kB]
#6 81.57 Get:301 http://archive.ubuntu.com/ubuntu jammy/main amd64 libdata-messagepack-perl amd64 1.01-2build1 [34.7 kB]
#6 82.04 Get:302 http://archive.ubuntu.com/ubuntu jammy/main amd64 libnet-domain-tld-perl all 1.75-1.1 [29.3 kB]
#6 82.04 Get:303 http://archive.ubuntu.com/ubuntu jammy/main amd64 libdata-validate-domain-perl all 0.10-1.1 [9992 B]
#6 82.47 Get:304 http://archive.ubuntu.com/ubuntu jammy/main amd64 libnet-ipv6addr-perl all 1.02-1 [21.0 kB]
#6 83.85 Get:305 http://archive.ubuntu.com/ubuntu jammy/main amd64 libnet-netmask-perl all 2.0001-1 [27.7 kB]
#6 83.99 Get:306 http://archive.ubuntu.com/ubuntu jammy/main amd64 libnetaddr-ip-perl amd64 4.079+dfsg-1build7 [82.4 kB]
#6 84.49 Get:307 http://archive.ubuntu.com/ubuntu jammy/main amd64 libdata-validate-ip-perl all 0.30-1 [17.3 kB]
#6 84.54 Get:308 http://archive.ubuntu.com/ubuntu jammy/main amd64 libdata-validate-uri-perl all 0.07-2 [11.1 kB]
#6 84.80 Get:309 http://archive.ubuntu.com/ubuntu jammy-updates/main amd64 libdistro-info-perl all 1.1ubuntu0.2 [5222 B]
#6 84.80 Get:310 http://archive.ubuntu.com/ubuntu jammy-updates/main amd64 libdw1 amd64 0.186-1ubuntu0.1 [251 kB]
#6 85.07 Get:311 http://archive.ubuntu.com/ubuntu jammy/main amd64 libemail-address-xs-perl amd64 1.04-1build6 [28.7 kB]
#6 85.07 Get:312 http://archive.ubuntu.com/ubuntu jammy/main amd64 libipc-system-simple-perl all 1.30-1 [23.2 kB]
#6 85.07 Get:313 http://archive.ubuntu.com/ubuntu jammy/main amd64 libfile-basedir-perl all 0.09-1 [15.7 kB]
#6 85.07 Get:314 http://archive.ubuntu.com/ubuntu jammy/main amd64 libfile-chdir-perl all 0.1008-1.1 [10.6 kB]
#6 85.08 Get:315 http://archive.ubuntu.com/ubuntu jammy/main amd64 libfile-fcntllock-perl amd64 0.22-3build7 [33.9 kB]
#6 85.22 Get:316 http://archive.ubuntu.com/ubuntu jammy/main amd64 libnumber-compare-perl all 0.03-2 [7058 B]
#6 85.22 Get:317 http://archive.ubuntu.com/ubuntu jammy/main amd64 libtext-glob-perl all 0.11-2 [8042 B]
#6 85.22 Get:318 http://archive.ubuntu.com/ubuntu jammy-updates/main amd64 libfile-find-rule-perl all 0.34-1ubuntu0.22.04.1 [26.2 kB]
#6 85.24 Get:319 http://archive.ubuntu.com/ubuntu jammy/main amd64 libfont-afm-perl all 1.20-3 [13.6 kB]
#6 85.27 Get:320 http://archive.ubuntu.com/ubuntu jammy/main amd64 libio-string-perl all 1.08-3.1 [10.7 kB]
#6 85.27 Get:321 http://archive.ubuntu.com/ubuntu jammy/main amd64 libfont-ttf-perl all 1.06-1.1 [316 kB]
#6 85.56 Get:322 http://archive.ubuntu.com/ubuntu jammy/main amd64 libsort-versions-perl all 1.62-1 [9294 B]
#6 85.56 Get:323 http://archive.ubuntu.com/ubuntu jammy/main amd64 libgit-wrapper-perl all 0.048-1 [29.9 kB]
#6 85.56 Get:324 http://archive.ubuntu.com/ubuntu jammy/main amd64 libhttp-tiny-multipart-perl all 0.08-1.1 [8660 B]
#6 85.56 Get:325 http://archive.ubuntu.com/ubuntu jammy/main amd64 libio-prompter-perl all 0.004015-1 [58.1 kB]
#6 85.57 Get:326 http://archive.ubuntu.com/ubuntu jammy/main amd64 libjson-perl all 4.04000-1 [81.8 kB]
#6 85.57 Get:327 http://archive.ubuntu.com/ubuntu jammy/main amd64 liblog-any-perl all 1.710-1 [68.4 kB]
#6 85.57 Get:328 http://archive.ubuntu.com/ubuntu jammy/main amd64 liblog-any-adapter-screen-perl all 0.140-2 [12.4 kB]
#6 85.57 Get:329 http://archive.ubuntu.com/ubuntu jammy/main amd64 libpackage-stash-perl all 0.39-1 [19.1 kB]
#6 85.57 Get:330 http://archive.ubuntu.com/ubuntu jammy/main amd64 libsub-identify-perl amd64 0.14-1build5 [10.4 kB]
#6 85.76 Get:331 http://archive.ubuntu.com/ubuntu jammy/main amd64 libsub-name-perl amd64 0.26-1build3 [11.4 kB]
#6 85.76 Get:332 http://archive.ubuntu.com/ubuntu jammy/main amd64 libnamespace-clean-perl all 0.27-1 [13.6 kB]
#6 85.76 Get:333 http://archive.ubuntu.com/ubuntu jammy/main amd64 libpath-tiny-perl all 0.122-1 [45.9 kB]
#6 85.77 Get:334 http://archive.ubuntu.com/ubuntu jammy/main amd64 libstrictures-perl all 2.000006-1 [16.3 kB]
#6 85.77 Get:335 http://archive.ubuntu.com/ubuntu jammy/main amd64 libtype-tiny-perl all 1.012004-1 [321 kB]
#6 86.02 Get:336 http://archive.ubuntu.com/ubuntu jammy/main amd64 libgitlab-api-v4-perl all 0.26-1 [84.1 kB]
#6 86.21 Get:337 http://archive.ubuntu.com/ubuntu jammy-updates/main amd64 libglib2.0-bin amd64 2.72.4-0ubuntu2.9 [80.9 kB]
#6 86.22 Get:338 http://archive.ubuntu.com/ubuntu jammy-updates/main amd64 libgstreamer1.0-0 amd64 1.20.3-0ubuntu1.1 [984 kB]
#6 86.38 Get:339 http://archive.ubuntu.com/ubuntu jammy/main amd64 libhash-fieldhash-perl amd64 0.15-1build5 [17.3 kB]
#6 86.38 Get:340 http://archive.ubuntu.com/ubuntu jammy/main amd64 libhtml-form-perl all 6.07-1 [22.2 kB]
#6 86.38 Get:341 http://archive.ubuntu.com/ubuntu jammy/main amd64 libhtml-format-perl all 2.12-1.1 [41.3 kB]
#6 86.39 Get:342 http://archive.ubuntu.com/ubuntu jammy/main amd64 libhtml-html5-entities-perl all 0.004-1.1 [20.8 kB]
#6 86.39 Get:343 http://archive.ubuntu.com/ubuntu jammy-updates/main amd64 libhttp-daemon-perl all 6.13-1ubuntu0.1 [22.9 kB]
#6 86.51 Get:344 http://archive.ubuntu.com/ubuntu jammy/main amd64 libio-interactive-perl all 1.023-1 [10.4 kB]
#6 86.51 Get:345 http://archive.ubuntu.com/ubuntu jammy/main amd64 libio-prompt-tiny-perl all 0.003-1 [8924 B]
#6 86.52 Get:346 http://archive.ubuntu.com/ubuntu jammy/main amd64 libtypes-serialiser-perl all 1.01-1 [11.6 kB]
#6 86.52 Get:347 http://archive.ubuntu.com/ubuntu jammy-updates/main amd64 libjson-xs-perl amd64 4.040-0ubuntu0.22.04.1 [87.0 kB]
#6 86.70 Get:348 http://archive.ubuntu.com/ubuntu jammy/main amd64 libjson-maybexs-perl all 1.004003-1 [11.3 kB]
#6 86.70 Get:349 http://archive.ubuntu.com/ubuntu jammy-updates/main amd64 libldap-common all 2.5.20+dfsg-0ubuntu0.22.04.1 [16.4 kB]
#6 86.70 Get:350 http://archive.ubuntu.com/ubuntu jammy/main amd64 liblist-compare-perl all 0.55-1 [63.3 kB]
#6 86.78 Get:351 http://archive.ubuntu.com/ubuntu jammy/main amd64 liblist-someutils-perl all 0.58-1 [29.7 kB]
#6 86.78 Get:352 http://archive.ubuntu.com/ubuntu jammy/main amd64 liblist-someutils-xs-perl amd64 0.58-2build3 [34.8 kB]
#6 86.79 Get:353 http://archive.ubuntu.com/ubuntu jammy/main amd64 liblist-utilsby-perl all 0.11-1 [14.7 kB]
#6 86.91 Get:354 http://archive.ubuntu.com/ubuntu jammy/main amd64 liblzo2-2 amd64 2.10-2build3 [53.7 kB]
#6 86.91 Get:355 http://archive.ubuntu.com/ubuntu jammy/main amd64 libnet-smtp-ssl-perl all 1.04-1 [5948 B]
#6 86.91 Get:356 http://archive.ubuntu.com/ubuntu jammy/main amd64 libmailtools-perl all 2.21-1 [80.7 kB]
#6 86.92 Get:357 http://archive.ubuntu.com/ubuntu jammy/main amd64 libmarkdown2 amd64 2.2.7-2 [38.3 kB]
#6 86.92 Get:358 http://archive.ubuntu.com/ubuntu jammy/main amd64 libmath-base85-perl all 0.5+dfsg-1 [6764 B]
#6 87.10 Get:359 http://archive.ubuntu.com/ubuntu jammy/main amd64 libmoox-aliases-perl all 0.001006-1.1 [6632 B]
#6 87.10 Get:360 http://archive.ubuntu.com/ubuntu jammy/main amd64 libnamespace-autoclean-perl all 0.29-1 [12.5 kB]
#6 87.11 Get:361 http://archive.ubuntu.com/ubuntu jammy/main amd64 libobject-id-perl all 0.1.2-2.1ubuntu1 [16.0 kB]
#6 87.11 Get:362 http://archive.ubuntu.com/ubuntu jammy/main amd64 libmoox-struct-perl all 0.020-1 [23.7 kB]
#6 87.11 Get:363 http://archive.ubuntu.com/ubuntu jammy/main amd64 libmouse-perl amd64 2.5.10-1build4 [161 kB]
#6 87.13 Get:364 http://archive.ubuntu.com/ubuntu jammy/main amd64 libpackage-stash-xs-perl amd64 0.29-1build5 [19.4 kB]
#6 87.38 Get:365 http://archive.ubuntu.com/ubuntu jammy/main amd64 libpath-iterator-rule-perl all 1.015-1 [40.8 kB]
#6 87.38 Get:366 http://archive.ubuntu.com/ubuntu jammy/main amd64 libperlio-gzip-perl amd64 0.19-1build8 [14.9 kB]
#6 87.38 Get:367 http://archive.ubuntu.com/ubuntu jammy/main amd64 libperlio-utf8-strict-perl amd64 0.009-1build1 [11.9 kB]
#6 87.38 Get:368 http://archive.ubuntu.com/ubuntu jammy/main amd64 libpod-parser-perl all 1.63-2 [82.2 kB]
#6 87.51 Get:369 http://archive.ubuntu.com/ubuntu jammy/main amd64 libpod-constants-perl all 0.19-2 [16.3 kB]
#6 87.51 Get:370 http://archive.ubuntu.com/ubuntu jammy/main amd64 libpolkit-gobject-1-0 amd64 0.105-33 [43.2 kB]
#6 87.51 Get:371 http://archive.ubuntu.com/ubuntu jammy/main amd64 libpolkit-agent-1-0 amd64 0.105-33 [16.8 kB]
#6 87.52 Get:372 http://archive.ubuntu.com/ubuntu jammy/main amd64 libproc-processtable-perl amd64 0.634-1build1 [37.5 kB]
#6 87.52 Get:373 http://archive.ubuntu.com/ubuntu jammy/main amd64 libre2-9 amd64 20220201+dfsg-1 [160 kB]
#6 87.58 Get:374 http://archive.ubuntu.com/ubuntu jammy/main amd64 libre-engine-re2-perl amd64 0.14-1build2 [18.8 kB]
#6 87.58 Get:375 http://archive.ubuntu.com/ubuntu jammy/main amd64 libreadonly-perl all 2.050-3 [19.9 kB]
#6 87.58 Get:376 http://archive.ubuntu.com/ubuntu jammy/main amd64 libref-util-perl all 0.204-1 [15.0 kB]
#6 87.58 Get:377 http://archive.ubuntu.com/ubuntu jammy/main amd64 libref-util-xs-perl amd64 0.117-1build5 [12.7 kB]
#6 87.72 Get:378 http://archive.ubuntu.com/ubuntu jammy/main amd64 libregexp-pattern-license-perl all 3.9.3-1 [84.1 kB]
#6 87.99 Get:379 http://archive.ubuntu.com/ubuntu jammy/main amd64 libregexp-pattern-perl all 0.2.14-1 [17.6 kB]
#6 87.99 Get:380 http://archive.ubuntu.com/ubuntu jammy-updates/main amd64 libsasl2-modules amd64 2.1.27+dfsg2-3ubuntu1.2 [68.8 kB]
#6 87.99 Get:381 http://archive.ubuntu.com/ubuntu jammy/main amd64 libsereal-decoder-perl amd64 4.023+ds-1 [100 kB]
#6 88.00 Get:382 http://archive.ubuntu.com/ubuntu jammy/main amd64 libsereal-encoder-perl amd64 4.023+ds-1 [104 kB]
#6 88.19 Get:383 http://archive.ubuntu.com/ubuntu jammy/main amd64 libset-intspan-perl all 1.19-2 [26.1 kB]
#6 88.20 Get:384 http://archive.ubuntu.com/ubuntu jammy/main amd64 libsocket6-perl amd64 0.29-1build4 [19.7 kB]
#6 88.20 Get:385 http://archive.ubuntu.com/ubuntu jammy/main amd64 libstring-copyright-perl all 0.003012-1 [21.3 kB]
#6 88.20 Get:386 http://archive.ubuntu.com/ubuntu jammy/main amd64 libstring-escape-perl all 2010.002-2 [17.6 kB]
#6 88.20 Get:387 http://archive.ubuntu.com/ubuntu jammy/main amd64 libstring-shellquote-perl all 1.04-1 [12.0 kB]
#6 88.20 Get:388 http://archive.ubuntu.com/ubuntu jammy/main amd64 libxs-parse-keyword-perl amd64 0.21-1build1 [51.0 kB]
#6 88.20 Get:389 http://archive.ubuntu.com/ubuntu jammy/main amd64 libsyntax-keyword-try-perl amd64 0.26-1build1 [27.1 kB]
#6 88.20 Get:390 http://archive.ubuntu.com/ubuntu jammy/universe amd64 libsys-cpuaffinity-perl amd64 1.13~03-1build1 [33.8 kB]
#6 88.40 Get:391 http://archive.ubuntu.com/ubuntu jammy/main amd64 libterm-readkey-perl amd64 2.38-1build4 [25.2 kB]
#6 88.40 Get:392 http://archive.ubuntu.com/ubuntu jammy/main amd64 libtext-levenshteinxs-perl amd64 0.03-4build10 [8254 B]
#6 88.41 Get:393 http://archive.ubuntu.com/ubuntu jammy/main amd64 libtext-markdown-discount-perl amd64 0.13-1build1 [12.9 kB]
#6 88.41 Get:394 http://archive.ubuntu.com/ubuntu jammy/main amd64 libtext-xslate-perl amd64 3.5.9-1build1 [186 kB]
#6 88.67 Get:395 http://archive.ubuntu.com/ubuntu jammy/main amd64 libtime-duration-perl all 1.21-1 [13.1 kB]
#6 88.67 Get:396 http://archive.ubuntu.com/ubuntu jammy/main amd64 libtime-moment-perl amd64 0.44-1build6 [74.9 kB]
#6 88.68 Get:397 http://archive.ubuntu.com/ubuntu jammy/main amd64 libtype-tiny-xs-perl amd64 0.022-1build2 [25.5 kB]
#6 88.68 Get:398 http://archive.ubuntu.com/ubuntu jammy/main amd64 libunicode-utf8-perl amd64 0.62-1build4 [18.9 kB]
#6 88.68 Get:399 http://archive.ubuntu.com/ubuntu jammy/universe amd64 libxdelta2 amd64 1.1.3-10.4 [51.1 kB]
#6 88.71 Get:400 http://archive.ubuntu.com/ubuntu jammy/main amd64 libxml-namespacesupport-perl all 1.12-1.1 [13.2 kB]
#6 88.71 Get:401 http://archive.ubuntu.com/ubuntu jammy/main amd64 libxml-sax-base-perl all 1.09-1.1 [19.0 kB]
#6 88.72 Get:402 http://archive.ubuntu.com/ubuntu jammy/main amd64 libxml-sax-perl all 1.02+dfsg-3 [57.0 kB]
#6 88.72 Get:403 http://archive.ubuntu.com/ubuntu jammy/main amd64 libxml-libxml-perl amd64 2.0207+dfsg+really+2.0134-1 [325 kB]
#6 89.05 Get:404 http://archive.ubuntu.com/ubuntu jammy/main amd64 libxml-parser-perl amd64 2.46-3build1 [212 kB]
#6 89.54 Get:405 http://archive.ubuntu.com/ubuntu jammy/main amd64 libxml-sax-expat-perl all 0.51-1 [10.5 kB]
#6 89.75 Get:406 http://archive.ubuntu.com/ubuntu jammy-updates/main amd64 libyaml-libyaml-perl amd64 0.83+ds-1ubuntu0.22.04.1 [29.6 kB]
#6 90.13 Get:407 http://archive.ubuntu.com/ubuntu jammy/main amd64 licensecheck all 3.2.14-2 [40.9 kB]
#6 90.19 Get:408 http://archive.ubuntu.com/ubuntu jammy/main amd64 libdevel-size-perl amd64 0.83-1build4 [20.7 kB]
#6 90.26 Get:409 http://archive.ubuntu.com/ubuntu jammy/main amd64 libipc-run3-perl all 0.048-2 [31.4 kB]
#6 90.37 Get:410 http://archive.ubuntu.com/ubuntu jammy/main amd64 lzip amd64 1.23-1 [80.5 kB]
#6 90.72 Get:411 http://archive.ubuntu.com/ubuntu jammy/main amd64 lzop amd64 1.04-2build2 [83.7 kB]
#6 90.86 Get:412 http://archive.ubuntu.com/ubuntu jammy/main amd64 t1utils amd64 1.41-4build2 [61.3 kB]
#6 90.93 Get:413 http://archive.ubuntu.com/ubuntu jammy-updates/main amd64 unzip amd64 6.0-26ubuntu3.2 [175 kB]
#6 91.25 Get:414 http://archive.ubuntu.com/ubuntu jammy-updates/main amd64 lintian all 2.114.0ubuntu1.7 [1080 kB]
#6 91.80 Get:415 http://archive.ubuntu.com/ubuntu jammy/main amd64 manpages-dev all 5.10-1ubuntu1 [2309 kB]
#6 92.44 Get:416 http://archive.ubuntu.com/ubuntu jammy-updates/main amd64 net-tools amd64 1.60+git20181103.0eebece-1ubuntu5.4 [204 kB]
#6 92.44 Get:417 http://archive.ubuntu.com/ubuntu jammy/main amd64 polkitd amd64 0.105-33 [80.0 kB]
#6 92.44 Get:418 http://archive.ubuntu.com/ubuntu jammy/main amd64 pkexec amd64 0.105-33 [15.2 kB]
#6 92.45 Get:419 http://archive.ubuntu.com/ubuntu jammy/main amd64 policykit-1 amd64 0.105-33 [2426 B]
#6 92.45 Get:420 http://archive.ubuntu.com/ubuntu jammy-updates/main amd64 packagekit amd64 1.2.5-2ubuntu3 [442 kB]
#6 92.45 Get:421 http://archive.ubuntu.com/ubuntu jammy-updates/main amd64 packagekit-tools amd64 1.2.5-2ubuntu3 [28.8 kB]
#6 92.57 Get:422 http://archive.ubuntu.com/ubuntu jammy/universe amd64 pbzip2 amd64 1.1.13-1build1 [40.0 kB]
#6 92.58 Get:423 http://archive.ubuntu.com/ubuntu jammy/universe amd64 pixz amd64 1.0.7-1 [21.1 kB]
#6 92.58 Get:424 http://archive.ubuntu.com/ubuntu jammy/universe amd64 xdelta amd64 1.1.3-10.4 [25.2 kB]
#6 92.65 Get:425 http://archive.ubuntu.com/ubuntu jammy/universe amd64 xdelta3 amd64 3.0.11-dfsg-1.2 [73.9 kB]
#6 92.88 Get:426 http://archive.ubuntu.com/ubuntu jammy/universe amd64 pristine-tar amd64 1.49 [111 kB]
#6 92.89 Get:427 http://archive.ubuntu.com/ubuntu jammy/main amd64 python3-blinker all 1.4+dfsg1-0.4 [14.0 kB]
#6 92.89 Get:428 http://archive.ubuntu.com/ubuntu jammy/main amd64 python3-certifi all 2020.6.20-1 [150 kB]
#6 92.89 Get:429 http://archive.ubuntu.com/ubuntu jammy/main amd64 python3-cffi-backend amd64 1.15.0-1build2 [77.4 kB]
#6 92.89 Get:430 http://archive.ubuntu.com/ubuntu jammy-updates/main amd64 python3-cryptography amd64 3.4.8-1ubuntu2.2 [236 kB]
#6 93.09 Get:431 http://archive.ubuntu.com/ubuntu jammy/main amd64 python3-pyparsing all 2.4.7-1 [61.4 kB]
#6 93.10 Get:432 http://archive.ubuntu.com/ubuntu jammy/main amd64 python3-httplib2 all 0.20.2-2 [30.4 kB]
#6 93.10 Get:433 http://archive.ubuntu.com/ubuntu jammy-updates/main amd64 python3-idna all 3.3-1ubuntu0.1 [52.1 kB]
#6 93.10 Get:434 http://archive.ubuntu.com/ubuntu jammy/main amd64 python3-more-itertools all 8.10.0-2 [47.9 kB]
#6 93.10 Get:435 http://archive.ubuntu.com/ubuntu jammy-updates/main amd64 python3-zipp all 1.0.0-3ubuntu0.1 [6288 B]
#6 93.10 Get:436 http://archive.ubuntu.com/ubuntu jammy/main amd64 python3-importlib-metadata all 4.6.4-1 [16.2 kB]
#6 93.36 Get:437 http://archive.ubuntu.com/ubuntu jammy/main amd64 python3-jeepney all 0.7.1-3 [36.8 kB]
#6 93.36 Get:438 http://archive.ubuntu.com/ubuntu jammy-updates/main amd64 python3-jwt all 2.3.0-1ubuntu0.2 [17.1 kB]
#6 93.36 Get:439 http://archive.ubuntu.com/ubuntu jammy/main amd64 python3-secretstorage all 3.3.1-1 [13.2 kB]
#6 93.37 Get:440 http://archive.ubuntu.com/ubuntu jammy/main amd64 python3-keyring all 23.5.0-1 [35.7 kB]
#6 93.37 Get:441 http://archive.ubuntu.com/ubuntu jammy/main amd64 python3-lazr.uri all 1.0.6-2 [14.4 kB]
#6 93.37 Get:442 http://archive.ubuntu.com/ubuntu jammy/main amd64 python3-wadllib all 1.3.6-1 [36.4 kB]
#6 93.37 Get:443 http://archive.ubuntu.com/ubuntu jammy/main amd64 python3-distro all 1.7.0-1 [17.0 kB]
#6 93.37 Get:444 http://archive.ubuntu.com/ubuntu jammy-updates/main amd64 python3-oauthlib all 3.2.0-1ubuntu0.1 [89.9 kB]
#6 93.54 Get:445 http://archive.ubuntu.com/ubuntu jammy/main amd64 python3-lazr.restfulclient all 0.14.4-1 [51.2 kB]
#6 93.58 Get:446 http://archive.ubuntu.com/ubuntu jammy/main amd64 python3-launchpadlib all 1.10.16-1 [125 kB]
#6 93.59 Get:447 http://archive.ubuntu.com/ubuntu jammy-updates/main amd64 python3-urllib3 all 1.26.5-1~exp1ubuntu0.6 [98.7 kB]
#6 93.86 Get:448 http://archive.ubuntu.com/ubuntu jammy-updates/main amd64 python3-requests all 2.25.1+dfsg-2ubuntu0.3 [48.8 kB]
#6 93.86 Get:449 http://archive.ubuntu.com/ubuntu jammy-updates/main amd64 python3-software-properties all 0.99.22.9 [28.8 kB]
#6 94.22 Get:450 http://archive.ubuntu.com/ubuntu jammy/main amd64 python3-unidiff all 0.5.5-2 [9180 B]
#6 94.22 Get:451 http://archive.ubuntu.com/ubuntu jammy/main amd64 python3-xdg all 0.27-2 [36.9 kB]
#6 94.22 Get:452 http://archive.ubuntu.com/ubuntu jammy-updates/main amd64 software-properties-common all 0.99.22.9 [14.1 kB]
#6 94.22 Get:453 http://archive.ubuntu.com/ubuntu jammy/main amd64 unattended-upgrades all 2.8ubuntu1 [49.4 kB]
#6 94.23 Get:454 http://archive.ubuntu.com/ubuntu jammy/main amd64 libauthen-sasl-perl all 2.1600-1.1 [43.1 kB]
#6 94.23 Get:455 http://archive.ubuntu.com/ubuntu jammy/main amd64 linux-libc-dev-arm64-cross all 5.15.0-22.22cross3 [1216 kB]
#6 94.40 Get:456 http://archive.ubuntu.com/ubuntu jammy/main amd64 libc6-dev-arm64-cross all 2.35-0ubuntu1cross3 [1546 kB]
#6 94.66 Get:457 http://archive.ubuntu.com/ubuntu jammy/main amd64 python3-magic all 2:0.4.24-2 [12.6 kB]
#6 94.95 debconf: delaying package configuration, since apt-utils is not installed
#6 95.00 Fetched 191 MB in 1min 9s (2755 kB/s)
#6 95.07 Selecting previously unselected package liblocale-gettext-perl.
#6 95.08 (Reading database ... (Reading database ... 5%(Reading database ... 10%(Reading database ... 15%(Reading database ... 20%(Reading database ... 25%(Reading database ... 30%(Reading database ... 35%(Reading database ... 40%(Reading database ... 45%(Reading database ... 50%(Reading database ... 55%(Reading database ... 60%(Reading database ... 65%(Reading database ... 70%(Reading database ... 75%(Reading database ... 80%(Reading database ... 85%(Reading database ... 90%(Reading database ... 95%(Reading database ... 100%(Reading database ... 4393 files and directories currently installed.)
#6 95.09 Preparing to unpack .../liblocale-gettext-perl_1.07-4build3_amd64.deb ...
#6 95.09 Unpacking liblocale-gettext-perl (1.07-4build3) ...
#6 95.18 Selecting previously unselected package libpython3.10-minimal:amd64.
#6 95.18 Preparing to unpack .../libpython3.10-minimal_3.10.12-1~22.04.15_amd64.deb ...
#6 95.18 Unpacking libpython3.10-minimal:amd64 (3.10.12-1~22.04.15) ...
#6 95.29 Selecting previously unselected package libexpat1:amd64.
#6 95.29 Preparing to unpack .../libexpat1_2.4.7-1ubuntu0.7_amd64.deb ...
#6 95.29 Unpacking libexpat1:amd64 (2.4.7-1ubuntu0.7) ...
#6 95.37 Selecting previously unselected package python3.10-minimal.
#6 95.37 Preparing to unpack .../python3.10-minimal_3.10.12-1~22.04.15_amd64.deb ...
#6 95.41 Unpacking python3.10-minimal (3.10.12-1~22.04.15) ...
#6 95.49 Setting up libpython3.10-minimal:amd64 (3.10.12-1~22.04.15) ...
#6 95.51 Setting up libexpat1:amd64 (2.4.7-1ubuntu0.7) ...
#6 95.51 Setting up python3.10-minimal (3.10.12-1~22.04.15) ...
#6 96.19 Selecting previously unselected package python3-minimal.
#6 96.19 (Reading database ... (Reading database ... 5%(Reading database ... 10%(Reading database ... 15%(Reading database ... 20%(Reading database ... 25%(Reading database ... 30%(Reading database ... 35%(Reading database ... 40%(Reading database ... 45%(Reading database ... 50%(Reading database ... 55%(Reading database ... 60%(Reading database ... 65%(Reading database ... 70%(Reading database ... 75%(Reading database ... 80%(Reading database ... 85%(Reading database ... 90%(Reading database ... 95%(Reading database ... 100%(Reading database ... 4711 files and directories currently installed.)
#6 96.19 Preparing to unpack .../python3-minimal_3.10.6-1~22.04.1_amd64.deb ...
#6 96.20 Unpacking python3-minimal (3.10.6-1~22.04.1) ...
#6 96.28 Selecting previously unselected package media-types.
#6 96.28 Preparing to unpack .../media-types_7.0.0_all.deb ...
#6 96.28 Unpacking media-types (7.0.0) ...
#6 96.36 Preparing to unpack .../gcc-12-base_12.3.0-1ubuntu1~22.04.3_amd64.deb ...
#6 96.36 Unpacking gcc-12-base:amd64 (12.3.0-1ubuntu1~22.04.3) over (12.3.0-1ubuntu1~22.04.2) ...
#6 96.43 Setting up gcc-12-base:amd64 (12.3.0-1ubuntu1~22.04.3) ...
#6 96.50 (Reading database ... (Reading database ... 5%(Reading database ... 10%(Reading database ... 15%(Reading database ... 20%(Reading database ... 25%(Reading database ... 30%(Reading database ... 35%(Reading database ... 40%(Reading database ... 45%(Reading database ... 50%(Reading database ... 55%(Reading database ... 60%(Reading database ... 65%(Reading database ... 70%(Reading database ... 75%(Reading database ... 80%(Reading database ... 85%(Reading database ... 90%(Reading database ... 95%(Reading database ... 100%(Reading database ... 4738 files and directories currently installed.)
#6 96.50 Preparing to unpack .../libgcc-s1_12.3.0-1ubuntu1~22.04.3_amd64.deb ...
#6 96.51 Unpacking libgcc-s1:amd64 (12.3.0-1ubuntu1~22.04.3) over (12.3.0-1ubuntu1~22.04.2) ...
#6 96.57 Setting up libgcc-s1:amd64 (12.3.0-1ubuntu1~22.04.3) ...
#6 96.69 (Reading database ... (Reading database ... 5%(Reading database ... 10%(Reading database ... 15%(Reading database ... 20%(Reading database ... 25%(Reading database ... 30%(Reading database ... 35%(Reading database ... 40%(Reading database ... 45%(Reading database ... 50%(Reading database ... 55%(Reading database ... 60%(Reading database ... 65%(Reading database ... 70%(Reading database ... 75%(Reading database ... 80%(Reading database ... 85%(Reading database ... 90%(Reading database ... 95%(Reading database ... 100%(Reading database ... 4738 files and directories currently installed.)
#6 96.69 Preparing to unpack .../libstdc++6_12.3.0-1ubuntu1~22.04.3_amd64.deb ...
#6 96.81 Unpacking libstdc++6:amd64 (12.3.0-1ubuntu1~22.04.3) over (12.3.0-1ubuntu1~22.04.2) ...
#6 96.90 Setting up libstdc++6:amd64 (12.3.0-1ubuntu1~22.04.3) ...
#6 96.97 Selecting previously unselected package libmpdec3:amd64.
#6 96.97 (Reading database ... (Reading database ... 5%(Reading database ... 10%(Reading database ... 15%(Reading database ... 20%(Reading database ... 25%(Reading database ... 30%(Reading database ... 35%(Reading database ... 40%(Reading database ... 45%(Reading database ... 50%(Reading database ... 55%(Reading database ... 60%(Reading database ... 65%(Reading database ... 70%(Reading database ... 75%(Reading database ... 80%(Reading database ... 85%(Reading database ... 90%(Reading database ... 95%(Reading database ... 100%(Reading database ... 4738 files and directories currently installed.)
#6 96.98 Preparing to unpack .../0-libmpdec3_2.5.1-2build2_amd64.deb ...
#6 96.98 Unpacking libmpdec3:amd64 (2.5.1-2build2) ...
#6 97.06 Selecting previously unselected package readline-common.
#6 97.06 Preparing to unpack .../1-readline-common_8.1.2-1_all.deb ...
#6 97.06 Unpacking readline-common (8.1.2-1) ...
#6 97.14 Selecting previously unselected package libreadline8:amd64.
#6 97.14 Preparing to unpack .../2-libreadline8_8.1.2-1_amd64.deb ...
#6 97.14 Unpacking libreadline8:amd64 (8.1.2-1) ...
#6 97.22 Selecting previously unselected package libsqlite3-0:amd64.
#6 97.22 Preparing to unpack .../3-libsqlite3-0_3.37.2-2ubuntu0.5_amd64.deb ...
#6 97.22 Unpacking libsqlite3-0:amd64 (3.37.2-2ubuntu0.5) ...
#6 97.30 Selecting previously unselected package libpython3.10-stdlib:amd64.
#6 97.30 Preparing to unpack .../4-libpython3.10-stdlib_3.10.12-1~22.04.15_amd64.deb ...
#6 97.30 Unpacking libpython3.10-stdlib:amd64 (3.10.12-1~22.04.15) ...
#6 97.41 Selecting previously unselected package python3.10.
#6 97.41 Preparing to unpack .../5-python3.10_3.10.12-1~22.04.15_amd64.deb ...
#6 97.41 Unpacking python3.10 (3.10.12-1~22.04.15) ...
#6 97.49 Selecting previously unselected package libpython3-stdlib:amd64.
#6 97.49 Preparing to unpack .../6-libpython3-stdlib_3.10.6-1~22.04.1_amd64.deb ...
#6 97.49 Unpacking libpython3-stdlib:amd64 (3.10.6-1~22.04.1) ...
#6 97.54 Setting up python3-minimal (3.10.6-1~22.04.1) ...
#6 98.00 Selecting previously unselected package python3.
#6 98.00 (Reading database ... (Reading database ... 5%(Reading database ... 10%(Reading database ... 15%(Reading database ... 20%(Reading database ... 25%(Reading database ... 30%(Reading database ... 35%(Reading database ... 40%(Reading database ... 45%(Reading database ... 50%(Reading database ... 55%(Reading database ... 60%(Reading database ... 65%(Reading database ... 70%(Reading database ... 75%(Reading database ... 80%(Reading database ... 85%(Reading database ... 90%(Reading database ... 95%(Reading database ... 100%(Reading database ... 5141 files and directories currently installed.)
#6 98.00 Preparing to unpack .../0-python3_3.10.6-1~22.04.1_amd64.deb ...
#6 98.04 Unpacking python3 (3.10.6-1~22.04.1) ...
#6 98.12 Selecting previously unselected package libapparmor1:amd64.
#6 98.12 Preparing to unpack .../1-libapparmor1_3.0.4-2ubuntu2.5_amd64.deb ...
#6 98.12 Unpacking libapparmor1:amd64 (3.0.4-2ubuntu2.5) ...
#6 98.20 Selecting previously unselected package libargon2-1:amd64.
#6 98.20 Preparing to unpack .../2-libargon2-1_0~20171227-0.3_amd64.deb ...
#6 98.20 Unpacking libargon2-1:amd64 (0~20171227-0.3) ...
#6 98.28 Selecting previously unselected package libdevmapper1.02.1:amd64.
#6 98.28 Preparing to unpack .../3-libdevmapper1.02.1_2%3a1.02.175-2.1ubuntu5_amd64.deb ...
#6 98.28 Unpacking libdevmapper1.02.1:amd64 (2:1.02.175-2.1ubuntu5) ...
#6 98.36 Selecting previously unselected package libjson-c5:amd64.
#6 98.36 Preparing to unpack .../4-libjson-c5_0.15-3~ubuntu1.22.04.2_amd64.deb ...
#6 98.36 Unpacking libjson-c5:amd64 (0.15-3~ubuntu1.22.04.2) ...
#6 98.44 Selecting previously unselected package libcryptsetup12:amd64.
#6 98.44 Preparing to unpack .../5-libcryptsetup12_2%3a2.4.3-1ubuntu1.3_amd64.deb ...
#6 98.44 Unpacking libcryptsetup12:amd64 (2:2.4.3-1ubuntu1.3) ...
#6 98.52 Selecting previously unselected package libip4tc2:amd64.
#6 98.52 Preparing to unpack .../6-libip4tc2_1.8.7-1ubuntu5.2_amd64.deb ...
#6 98.52 Unpacking libip4tc2:amd64 (1.8.7-1ubuntu5.2) ...
#6 98.60 Selecting previously unselected package libkmod2:amd64.
#6 98.60 Preparing to unpack .../7-libkmod2_29-1ubuntu1_amd64.deb ...
#6 98.60 Unpacking libkmod2:amd64 (29-1ubuntu1) ...
#6 98.68 Selecting previously unselected package systemd.
#6 98.68 Preparing to unpack .../8-systemd_249.11-0ubuntu3.17_amd64.deb ...
#6 98.86 Unpacking systemd (249.11-0ubuntu3.17) ...
#6 98.98 Setting up libapparmor1:amd64 (3.0.4-2ubuntu2.5) ...
#6 98.99 Setting up libargon2-1:amd64 (0~20171227-0.3) ...
#6 98.99 Setting up libdevmapper1.02.1:amd64 (2:1.02.175-2.1ubuntu5) ...
#6 99.00 Setting up libjson-c5:amd64 (0.15-3~ubuntu1.22.04.2) ...
#6 99.00 Setting up libcryptsetup12:amd64 (2:2.4.3-1ubuntu1.3) ...
#6 99.00 Setting up libip4tc2:amd64 (1.8.7-1ubuntu5.2) ...
#6 99.01 Setting up libkmod2:amd64 (29-1ubuntu1) ...
#6 99.01 Setting up systemd (249.11-0ubuntu3.17) ...
#6 99.05 Created symlink /etc/systemd/system/getty.target.wants/getty@tty1.service → /lib/systemd/system/getty@.service.
#6 99.07 Created symlink /etc/systemd/system/multi-user.target.wants/remote-fs.target → /lib/systemd/system/remote-fs.target.
#6 99.11 Created symlink /etc/systemd/system/dbus-org.freedesktop.resolve1.service → /lib/systemd/system/systemd-resolved.service.
#6 99.11 Created symlink /etc/systemd/system/multi-user.target.wants/systemd-resolved.service → /lib/systemd/system/systemd-resolved.service.
#6 99.16 ln: failed to create symbolic link '/etc/resolv.conf': Device or resource busy
#6 99.19 Created symlink /etc/systemd/system/sysinit.target.wants/systemd-pstore.service → /lib/systemd/system/systemd-pstore.service.
#6 99.21 Initializing machine ID from random generator.
#6 100.2 Selecting previously unselected package systemd-sysv.
#6 100.2 (Reading database ... (Reading database ... 5%(Reading database ... 10%(Reading database ... 15%(Reading database ... 20%(Reading database ... 25%(Reading database ... 30%(Reading database ... 35%(Reading database ... 40%(Reading database ... 45%(Reading database ... 50%(Reading database ... 55%(Reading database ... 60%(Reading database ... 65%(Reading database ... 70%(Reading database ... 75%(Reading database ... 80%(Reading database ... 85%(Reading database ... 90%(Reading database ... 95%(Reading database ... 100%(Reading database ... 5980 files and directories currently installed.)
#6 100.2 Preparing to unpack .../000-systemd-sysv_249.11-0ubuntu3.17_amd64.deb ...
#6 100.2 Unpacking systemd-sysv (249.11-0ubuntu3.17) ...
#6 100.3 Selecting previously unselected package perl-modules-5.34.
#6 100.3 Preparing to unpack .../001-perl-modules-5.34_5.34.0-3ubuntu1.5_all.deb ...
#6 100.3 Unpacking perl-modules-5.34 (5.34.0-3ubuntu1.5) ...
#6 100.4 Selecting previously unselected package libgdbm6:amd64.
#6 100.4 Preparing to unpack .../002-libgdbm6_1.23-1_amd64.deb ...
#6 100.4 Unpacking libgdbm6:amd64 (1.23-1) ...
#6 100.5 Selecting previously unselected package libgdbm-compat4:amd64.
#6 100.5 Preparing to unpack .../003-libgdbm-compat4_1.23-1_amd64.deb ...
#6 100.5 Unpacking libgdbm-compat4:amd64 (1.23-1) ...
#6 100.6 Selecting previously unselected package libperl5.34:amd64.
#6 100.6 Preparing to unpack .../004-libperl5.34_5.34.0-3ubuntu1.5_amd64.deb ...
#6 100.6 Unpacking libperl5.34:amd64 (5.34.0-3ubuntu1.5) ...
#6 100.8 Selecting previously unselected package perl.
#6 100.8 Preparing to unpack .../005-perl_5.34.0-3ubuntu1.5_amd64.deb ...
#6 100.8 Unpacking perl (5.34.0-3ubuntu1.5) ...
#6 100.9 Selecting previously unselected package openssl.
#6 100.9 Preparing to unpack .../006-openssl_3.0.2-0ubuntu1.21_amd64.deb ...
#6 100.9 Unpacking openssl (3.0.2-0ubuntu1.21) ...
#6 101.0 Selecting previously unselected package ca-certificates.
#6 101.0 Preparing to unpack .../007-ca-certificates_20240203~22.04.1_all.deb ...
#6 101.0 Unpacking ca-certificates (20240203~22.04.1) ...
#6 101.1 Selecting previously unselected package libdbus-1-3:amd64.
#6 101.1 Preparing to unpack .../008-libdbus-1-3_1.12.20-2ubuntu4.1_amd64.deb ...
#6 101.1 Unpacking libdbus-1-3:amd64 (1.12.20-2ubuntu4.1) ...
#6 101.2 Selecting previously unselected package dbus.
#6 101.2 Preparing to unpack .../009-dbus_1.12.20-2ubuntu4.1_amd64.deb ...
#6 101.3 Unpacking dbus (1.12.20-2ubuntu4.1) ...
#6 101.3 Selecting previously unselected package distro-info-data.
#6 101.3 Preparing to unpack .../010-distro-info-data_0.52ubuntu0.11_all.deb ...
#6 101.3 Unpacking distro-info-data (0.52ubuntu0.11) ...
#6 101.4 Selecting previously unselected package distro-info.
#6 101.4 Preparing to unpack .../011-distro-info_1.1ubuntu0.2_amd64.deb ...
#6 101.4 Unpacking distro-info (1.1ubuntu0.2) ...
#6 101.5 Selecting previously unselected package dmsetup.
#6 101.5 Preparing to unpack .../012-dmsetup_2%3a1.02.175-2.1ubuntu5_amd64.deb ...
#6 101.5 Unpacking dmsetup (2:1.02.175-2.1ubuntu5) ...
#6 101.6 Selecting previously unselected package libglib2.0-0:amd64.
#6 101.6 Preparing to unpack .../013-libglib2.0-0_2.72.4-0ubuntu2.9_amd64.deb ...
#6 101.6 Unpacking libglib2.0-0:amd64 (2.72.4-0ubuntu2.9) ...
#6 101.7 Selecting previously unselected package libgirepository-1.0-1:amd64.
#6 101.7 Preparing to unpack .../014-libgirepository-1.0-1_1.72.0-1_amd64.deb ...
#6 101.7 Unpacking libgirepository-1.0-1:amd64 (1.72.0-1) ...
#6 101.7 Selecting previously unselected package gir1.2-glib-2.0:amd64.
#6 101.7 Preparing to unpack .../015-gir1.2-glib-2.0_1.72.0-1_amd64.deb ...
#6 101.7 Unpacking gir1.2-glib-2.0:amd64 (1.72.0-1) ...
#6 101.8 Selecting previously unselected package iso-codes.
#6 101.8 Preparing to unpack .../016-iso-codes_4.9.0-1_all.deb ...
#6 101.8 Unpacking iso-codes (4.9.0-1) ...
#6 101.9 Selecting previously unselected package less.
#6 102.0 Preparing to unpack .../017-less_590-1ubuntu0.22.04.3_amd64.deb ...
#6 102.0 Unpacking less (590-1ubuntu0.22.04.3) ...
#6 102.0 Selecting previously unselected package libmd0:amd64.
#6 102.0 Preparing to unpack .../018-libmd0_1.0.4-1build1_amd64.deb ...
#6 102.1 Unpacking libmd0:amd64 (1.0.4-1build1) ...
#6 102.1 Selecting previously unselected package libbsd0:amd64.
#6 102.1 Preparing to unpack .../019-libbsd0_0.11.5-1_amd64.deb ...
#6 102.1 Unpacking libbsd0:amd64 (0.11.5-1) ...
#6 102.2 Selecting previously unselected package libcap2-bin.
#6 102.2 Preparing to unpack .../020-libcap2-bin_1%3a2.44-1ubuntu0.22.04.2_amd64.deb ...
#6 102.2 Unpacking libcap2-bin (1:2.44-1ubuntu0.22.04.2) ...
#6 102.3 Selecting previously unselected package libelf1:amd64.
#6 102.3 Preparing to unpack .../021-libelf1_0.186-1ubuntu0.1_amd64.deb ...
#6 102.3 Unpacking libelf1:amd64 (0.186-1ubuntu0.1) ...
#6 102.4 Selecting previously unselected package libglib2.0-data.
#6 102.4 Preparing to unpack .../022-libglib2.0-data_2.72.4-0ubuntu2.9_all.deb ...
#6 102.4 Unpacking libglib2.0-data (2.72.4-0ubuntu2.9) ...
#6 102.4 Selecting previously unselected package libicu70:amd64.
#6 102.4 Preparing to unpack .../023-libicu70_70.1-2_amd64.deb ...
#6 102.4 Unpacking libicu70:amd64 (70.1-2) ...
#6 102.6 Selecting previously unselected package libnss-systemd:amd64.
#6 102.6 Preparing to unpack .../024-libnss-systemd_249.11-0ubuntu3.17_amd64.deb ...
#6 102.6 Unpacking libnss-systemd:amd64 (249.11-0ubuntu3.17) ...
#6 102.7 Selecting previously unselected package libpam-cap:amd64.
#6 102.7 Preparing to unpack .../025-libpam-cap_1%3a2.44-1ubuntu0.22.04.2_amd64.deb ...
#6 102.7 Unpacking libpam-cap:amd64 (1:2.44-1ubuntu0.22.04.2) ...
#6 102.8 Selecting previously unselected package libpam-systemd:amd64.
#6 102.8 Preparing to unpack .../026-libpam-systemd_249.11-0ubuntu3.17_amd64.deb ...
#6 102.8 Unpacking libpam-systemd:amd64 (249.11-0ubuntu3.17) ...
#6 102.9 Selecting previously unselected package libxml2:amd64.
#6 102.9 Preparing to unpack .../027-libxml2_2.9.13+dfsg-1ubuntu0.11_amd64.deb ...
#6 102.9 Unpacking libxml2:amd64 (2.9.13+dfsg-1ubuntu0.11) ...
#6 102.9 Selecting previously unselected package libyaml-0-2:amd64.
#6 102.9 Preparing to unpack .../028-libyaml-0-2_0.2.2-1build2_amd64.deb ...
#6 102.9 Unpacking libyaml-0-2:amd64 (0.2.2-1build2) ...
#6 103.0 Selecting previously unselected package lsb-release.
#6 103.0 Preparing to unpack .../029-lsb-release_11.1.0ubuntu4_all.deb ...
#6 103.0 Unpacking lsb-release (11.1.0ubuntu4) ...
#6 103.1 Selecting previously unselected package netbase.
#6 103.1 Preparing to unpack .../030-netbase_6.3_all.deb ...
#6 103.1 Unpacking netbase (6.3) ...
#6 103.2 Selecting previously unselected package python3-dbus.
#6 103.2 Preparing to unpack .../031-python3-dbus_1.2.18-3build1_amd64.deb ...
#6 103.2 Unpacking python3-dbus (1.2.18-3build1) ...
#6 103.3 Selecting previously unselected package python3-gi.
#6 103.3 Preparing to unpack .../032-python3-gi_3.42.1-0ubuntu1_amd64.deb ...
#6 103.3 Unpacking python3-gi (3.42.1-0ubuntu1) ...
#6 103.3 Selecting previously unselected package networkd-dispatcher.
#6 103.3 Preparing to unpack .../033-networkd-dispatcher_2.1-2ubuntu0.22.04.2_all.deb ...
#6 103.3 Unpacking networkd-dispatcher (2.1-2ubuntu0.22.04.2) ...
#6 103.4 Selecting previously unselected package python-apt-common.
#6 103.4 Preparing to unpack .../034-python-apt-common_2.4.0ubuntu4.1_all.deb ...
#6 103.4 Unpacking python-apt-common (2.4.0ubuntu4.1) ...
#6 103.5 Selecting previously unselected package python3-apt.
#6 103.5 Preparing to unpack .../035-python3-apt_2.4.0ubuntu4.1_amd64.deb ...
#6 103.5 Unpacking python3-apt (2.4.0ubuntu4.1) ...
#6 103.6 Selecting previously unselected package python3-pkg-resources.
#6 103.6 Preparing to unpack .../036-python3-pkg-resources_59.6.0-1.2ubuntu0.22.04.3_all.deb ...
#6 103.6 Unpacking python3-pkg-resources (59.6.0-1.2ubuntu0.22.04.3) ...
#6 103.7 Selecting previously unselected package shared-mime-info.
#6 103.7 Preparing to unpack .../037-shared-mime-info_2.1-2_amd64.deb ...
#6 103.7 Unpacking shared-mime-info (2.1-2) ...
#6 103.7 Selecting previously unselected package sudo.
#6 103.7 Preparing to unpack .../038-sudo_1.9.9-1ubuntu2.5_amd64.deb ...
#6 103.8 Unpacking sudo (1.9.9-1ubuntu2.5) ...
#6 103.8 Selecting previously unselected package systemd-timesyncd.
#6 103.8 Preparing to unpack .../039-systemd-timesyncd_249.11-0ubuntu3.17_amd64.deb ...
#6 103.8 Unpacking systemd-timesyncd (249.11-0ubuntu3.17) ...
#6 103.9 Selecting previously unselected package tzdata.
#6 103.9 Preparing to unpack .../040-tzdata_2025b-0ubuntu0.22.04.1_all.deb ...
#6 103.9 Unpacking tzdata (2025b-0ubuntu0.22.04.1) ...
#6 104.1 Selecting previously unselected package ucf.
#6 104.1 Preparing to unpack .../041-ucf_3.0043_all.deb ...
#6 104.1 Moving old data out of the way
#6 104.1 Unpacking ucf (3.0043) ...
#6 104.2 Selecting previously unselected package xdg-user-dirs.
#6 104.2 Preparing to unpack .../042-xdg-user-dirs_0.17-2ubuntu4_amd64.deb ...
#6 104.2 Unpacking xdg-user-dirs (0.17-2ubuntu4) ...
#6 104.3 Selecting previously unselected package bsdextrautils.
#6 104.3 Preparing to unpack .../043-bsdextrautils_2.37.2-4ubuntu3.4_amd64.deb ...
#6 104.3 Unpacking bsdextrautils (2.37.2-4ubuntu3.4) ...
#6 104.4 Selecting previously unselected package libmagic-mgc.
#6 104.4 Preparing to unpack .../044-libmagic-mgc_1%3a5.41-3ubuntu0.1_amd64.deb ...
#6 104.4 Unpacking libmagic-mgc (1:5.41-3ubuntu0.1) ...
#6 104.5 Selecting previously unselected package libmagic1:amd64.
#6 104.5 Preparing to unpack .../045-libmagic1_1%3a5.41-3ubuntu0.1_amd64.deb ...
#6 104.5 Unpacking libmagic1:amd64 (1:5.41-3ubuntu0.1) ...
#6 104.6 Selecting previously unselected package file.
#6 104.6 Preparing to unpack .../046-file_1%3a5.41-3ubuntu0.1_amd64.deb ...
#6 104.6 Unpacking file (1:5.41-3ubuntu0.1) ...
#6 104.6 Selecting previously unselected package gettext-base.
#6 104.6 Preparing to unpack .../047-gettext-base_0.21-4ubuntu4_amd64.deb ...
#6 104.6 Unpacking gettext-base (0.21-4ubuntu4) ...
#6 104.7 Selecting previously unselected package libuchardet0:amd64.
#6 104.7 Preparing to unpack .../048-libuchardet0_0.0.7-1build2_amd64.deb ...
#6 104.7 Unpacking libuchardet0:amd64 (0.0.7-1build2) ...
#6 104.8 Selecting previously unselected package groff-base.
#6 104.8 Preparing to unpack .../049-groff-base_1.22.4-8build1_amd64.deb ...
#6 104.8 Unpacking groff-base (1.22.4-8build1) ...
#6 104.9 Selecting previously unselected package libcbor0.8:amd64.
#6 104.9 Preparing to unpack .../050-libcbor0.8_0.8.0-2ubuntu1_amd64.deb ...
#6 104.9 Unpacking libcbor0.8:amd64 (0.8.0-2ubuntu1) ...
#6 105.0 Selecting previously unselected package libedit2:amd64.
#6 105.0 Preparing to unpack .../051-libedit2_3.1-20210910-1build1_amd64.deb ...
#6 105.0 Unpacking libedit2:amd64 (3.1-20210910-1build1) ...
#6 105.1 Selecting previously unselected package libfido2-1:amd64.
#6 105.1 Preparing to unpack .../052-libfido2-1_1.10.0-1_amd64.deb ...
#6 105.1 Unpacking libfido2-1:amd64 (1.10.0-1) ...
#6 105.1 Selecting previously unselected package libnghttp2-14:amd64.
#6 105.1 Preparing to unpack .../053-libnghttp2-14_1.43.0-1ubuntu0.2_amd64.deb ...
#6 105.1 Unpacking libnghttp2-14:amd64 (1.43.0-1ubuntu0.2) ...
#6 105.2 Selecting previously unselected package libpipeline1:amd64.
#6 105.2 Preparing to unpack .../054-libpipeline1_1.5.5-1_amd64.deb ...
#6 105.2 Unpacking libpipeline1:amd64 (1.5.5-1) ...
#6 105.3 Selecting previously unselected package libpng16-16:amd64.
#6 105.3 Preparing to unpack .../055-libpng16-16_1.6.37-3ubuntu0.4_amd64.deb ...
#6 105.3 Unpacking libpng16-16:amd64 (1.6.37-3ubuntu0.4) ...
#6 105.4 Selecting previously unselected package libpsl5:amd64.
#6 105.4 Preparing to unpack .../056-libpsl5_0.21.0-1.2build2_amd64.deb ...
#6 105.4 Unpacking libpsl5:amd64 (0.21.0-1.2build2) ...
#6 105.5 Selecting previously unselected package libxau6:amd64.
#6 105.5 Preparing to unpack .../057-libxau6_1%3a1.0.9-1build5_amd64.deb ...
#6 105.5 Unpacking libxau6:amd64 (1:1.0.9-1build5) ...
#6 105.6 Selecting previously unselected package libxdmcp6:amd64.
#6 105.6 Preparing to unpack .../058-libxdmcp6_1%3a1.1.3-0ubuntu5_amd64.deb ...
#6 105.6 Unpacking libxdmcp6:amd64 (1:1.1.3-0ubuntu5) ...
#6 105.6 Selecting previously unselected package libxcb1:amd64.
#6 105.6 Preparing to unpack .../059-libxcb1_1.14-3ubuntu3_amd64.deb ...
#6 105.6 Unpacking libxcb1:amd64 (1.14-3ubuntu3) ...
#6 105.7 Selecting previously unselected package libx11-data.
#6 105.7 Preparing to unpack .../060-libx11-data_2%3a1.7.5-1ubuntu0.3_all.deb ...
#6 105.7 Unpacking libx11-data (2:1.7.5-1ubuntu0.3) ...
#6 105.8 Selecting previously unselected package libx11-6:amd64.
#6 105.8 Preparing to unpack .../061-libx11-6_2%3a1.7.5-1ubuntu0.3_amd64.deb ...
#6 105.8 Unpacking libx11-6:amd64 (2:1.7.5-1ubuntu0.3) ...
#6 105.9 Selecting previously unselected package libxext6:amd64.
#6 105.9 Preparing to unpack .../062-libxext6_2%3a1.3.4-1build1_amd64.deb ...
#6 105.9 Unpacking libxext6:amd64 (2:1.3.4-1build1) ...
#6 106.0 Selecting previously unselected package libxmuu1:amd64.
#6 106.0 Preparing to unpack .../063-libxmuu1_2%3a1.1.3-3_amd64.deb ...
#6 106.0 Unpacking libxmuu1:amd64 (2:1.1.3-3) ...
#6 106.1 Selecting previously unselected package man-db.
#6 106.1 Preparing to unpack .../064-man-db_2.10.2-1_amd64.deb ...
#6 106.1 Unpacking man-db (2.10.2-1) ...
#6 106.2 Selecting previously unselected package manpages.
#6 106.2 Preparing to unpack .../065-manpages_5.10-1ubuntu1_all.deb ...
#6 106.2 Unpacking manpages (5.10-1ubuntu1) ...
#6 106.3 Selecting previously unselected package openssh-client.
#6 106.3 Preparing to unpack .../066-openssh-client_1%3a8.9p1-3ubuntu0.13_amd64.deb ...
#6 106.4 Unpacking openssh-client (1:8.9p1-3ubuntu0.13) ...
#6 106.5 Selecting previously unselected package publicsuffix.
#6 106.5 Preparing to unpack .../067-publicsuffix_20211207.1025-1_all.deb ...
#6 106.5 Unpacking publicsuffix (20211207.1025-1) ...
#6 106.6 Selecting previously unselected package python3-distro-info.
#6 106.6 Preparing to unpack .../068-python3-distro-info_1.1ubuntu0.2_all.deb ...
#6 106.6 Unpacking python3-distro-info (1.1ubuntu0.2) ...
#6 106.7 Selecting previously unselected package libunwind8:amd64.
#6 106.7 Preparing to unpack .../069-libunwind8_1.3.2-2build2.1_amd64.deb ...
#6 106.7 Unpacking libunwind8:amd64 (1.3.2-2build2.1) ...
#6 106.8 Selecting previously unselected package strace.
#6 106.8 Preparing to unpack .../070-strace_5.16-0ubuntu3_amd64.deb ...
#6 106.8 Unpacking strace (5.16-0ubuntu3) ...
#6 106.9 Selecting previously unselected package wget.
#6 106.9 Preparing to unpack .../071-wget_1.21.2-2ubuntu1.1_amd64.deb ...
#6 106.9 Unpacking wget (1.21.2-2ubuntu1.1) ...
#6 107.0 Selecting previously unselected package xauth.
#6 107.0 Preparing to unpack .../072-xauth_1%3a1.1-1build2_amd64.deb ...
#6 107.0 Unpacking xauth (1:1.1-1build2) ...
#6 107.0 Selecting previously unselected package xz-utils.
#6 107.0 Preparing to unpack .../073-xz-utils_5.2.5-2ubuntu1_amd64.deb ...
#6 107.0 Unpacking xz-utils (5.2.5-2ubuntu1) ...
#6 107.1 Selecting previously unselected package binutils-common:amd64.
#6 107.1 Preparing to unpack .../074-binutils-common_2.38-4ubuntu2.12_amd64.deb ...
#6 107.1 Unpacking binutils-common:amd64 (2.38-4ubuntu2.12) ...
#6 107.2 Selecting previously unselected package libbinutils:amd64.
#6 107.2 Preparing to unpack .../075-libbinutils_2.38-4ubuntu2.12_amd64.deb ...
#6 107.2 Unpacking libbinutils:amd64 (2.38-4ubuntu2.12) ...
#6 107.3 Selecting previously unselected package libctf-nobfd0:amd64.
#6 107.3 Preparing to unpack .../076-libctf-nobfd0_2.38-4ubuntu2.12_amd64.deb ...
#6 107.3 Unpacking libctf-nobfd0:amd64 (2.38-4ubuntu2.12) ...
#6 107.4 Selecting previously unselected package libctf0:amd64.
#6 107.4 Preparing to unpack .../077-libctf0_2.38-4ubuntu2.12_amd64.deb ...
#6 107.4 Unpacking libctf0:amd64 (2.38-4ubuntu2.12) ...
#6 107.5 Selecting previously unselected package binutils-x86-64-linux-gnu.
#6 107.5 Preparing to unpack .../078-binutils-x86-64-linux-gnu_2.38-4ubuntu2.12_amd64.deb ...
#6 107.5 Unpacking binutils-x86-64-linux-gnu (2.38-4ubuntu2.12) ...
#6 107.6 Selecting previously unselected package binutils.
#6 107.6 Preparing to unpack .../079-binutils_2.38-4ubuntu2.12_amd64.deb ...
#6 107.6 Unpacking binutils (2.38-4ubuntu2.12) ...
#6 107.7 Selecting previously unselected package libc-dev-bin.
#6 107.7 Preparing to unpack .../080-libc-dev-bin_2.35-0ubuntu3.13_amd64.deb ...
#6 107.7 Unpacking libc-dev-bin (2.35-0ubuntu3.13) ...
#6 107.7 Selecting previously unselected package linux-libc-dev:amd64.
#6 107.7 Preparing to unpack .../081-linux-libc-dev_5.15.0-171.181_amd64.deb ...
#6 107.7 Unpacking linux-libc-dev:amd64 (5.15.0-171.181) ...
#6 107.9 Selecting previously unselected package libcrypt-dev:amd64.
#6 107.9 Preparing to unpack .../082-libcrypt-dev_1%3a4.4.27-1_amd64.deb ...
#6 107.9 Unpacking libcrypt-dev:amd64 (1:4.4.27-1) ...
#6 108.0 Selecting previously unselected package rpcsvc-proto.
#6 108.0 Preparing to unpack .../083-rpcsvc-proto_1.4.2-0ubuntu6_amd64.deb ...
#6 108.0 Unpacking rpcsvc-proto (1.4.2-0ubuntu6) ...
#6 108.1 Selecting previously unselected package libtirpc-dev:amd64.
#6 108.1 Preparing to unpack .../084-libtirpc-dev_1.3.2-2ubuntu0.1_amd64.deb ...
#6 108.1 Unpacking libtirpc-dev:amd64 (1.3.2-2ubuntu0.1) ...
#6 108.2 Selecting previously unselected package libnsl-dev:amd64.
#6 108.2 Preparing to unpack .../085-libnsl-dev_1.3.0-2build2_amd64.deb ...
#6 108.2 Unpacking libnsl-dev:amd64 (1.3.0-2build2) ...
#6 108.3 Selecting previously unselected package libc6-dev:amd64.
#6 108.3 Preparing to unpack .../086-libc6-dev_2.35-0ubuntu3.13_amd64.deb ...
#6 108.3 Unpacking libc6-dev:amd64 (2.35-0ubuntu3.13) ...
#6 108.4 Selecting previously unselected package gcc-11-base:amd64.
#6 108.4 Preparing to unpack .../087-gcc-11-base_11.4.0-1ubuntu1~22.04.3_amd64.deb ...
#6 108.4 Unpacking gcc-11-base:amd64 (11.4.0-1ubuntu1~22.04.3) ...
#6 108.5 Selecting previously unselected package libisl23:amd64.
#6 108.5 Preparing to unpack .../088-libisl23_0.24-2build1_amd64.deb ...
#6 108.5 Unpacking libisl23:amd64 (0.24-2build1) ...
#6 108.6 Selecting previously unselected package libmpfr6:amd64.
#6 108.6 Preparing to unpack .../089-libmpfr6_4.1.0-3build3_amd64.deb ...
#6 108.6 Unpacking libmpfr6:amd64 (4.1.0-3build3) ...
#6 108.7 Selecting previously unselected package libmpc3:amd64.
#6 108.7 Preparing to unpack .../090-libmpc3_1.2.1-2build1_amd64.deb ...
#6 108.7 Unpacking libmpc3:amd64 (1.2.1-2build1) ...
#6 108.8 Selecting previously unselected package cpp-11.
#6 108.8 Preparing to unpack .../091-cpp-11_11.4.0-1ubuntu1~22.04.3_amd64.deb ...
#6 108.8 Unpacking cpp-11 (11.4.0-1ubuntu1~22.04.3) ...
#6 109.0 Selecting previously unselected package cpp.
#6 109.0 Preparing to unpack .../092-cpp_4%3a11.2.0-1ubuntu1_amd64.deb ...
#6 109.0 Unpacking cpp (4:11.2.0-1ubuntu1) ...
#6 109.0 Selecting previously unselected package libcc1-0:amd64.
#6 109.0 Preparing to unpack .../093-libcc1-0_12.3.0-1ubuntu1~22.04.3_amd64.deb ...
#6 109.0 Unpacking libcc1-0:amd64 (12.3.0-1ubuntu1~22.04.3) ...
#6 109.1 Selecting previously unselected package libgomp1:amd64.
#6 109.1 Preparing to unpack .../094-libgomp1_12.3.0-1ubuntu1~22.04.3_amd64.deb ...
#6 109.1 Unpacking libgomp1:amd64 (12.3.0-1ubuntu1~22.04.3) ...
#6 109.2 Selecting previously unselected package libitm1:amd64.
#6 109.2 Preparing to unpack .../095-libitm1_12.3.0-1ubuntu1~22.04.3_amd64.deb ...
#6 109.2 Unpacking libitm1:amd64 (12.3.0-1ubuntu1~22.04.3) ...
#6 109.3 Selecting previously unselected package libatomic1:amd64.
#6 109.3 Preparing to unpack .../096-libatomic1_12.3.0-1ubuntu1~22.04.3_amd64.deb ...
#6 109.3 Unpacking libatomic1:amd64 (12.3.0-1ubuntu1~22.04.3) ...
#6 109.4 Selecting previously unselected package libasan6:amd64.
#6 109.4 Preparing to unpack .../097-libasan6_11.4.0-1ubuntu1~22.04.3_amd64.deb ...
#6 109.4 Unpacking libasan6:amd64 (11.4.0-1ubuntu1~22.04.3) ...
#6 109.5 Selecting previously unselected package liblsan0:amd64.
#6 109.5 Preparing to unpack .../098-liblsan0_12.3.0-1ubuntu1~22.04.3_amd64.deb ...
#6 109.5 Unpacking liblsan0:amd64 (12.3.0-1ubuntu1~22.04.3) ...
#6 109.5 Selecting previously unselected package libtsan0:amd64.
#6 109.5 Preparing to unpack .../099-libtsan0_11.4.0-1ubuntu1~22.04.3_amd64.deb ...
#6 109.5 Unpacking libtsan0:amd64 (11.4.0-1ubuntu1~22.04.3) ...
#6 109.6 Selecting previously unselected package libubsan1:amd64.
#6 109.6 Preparing to unpack .../100-libubsan1_12.3.0-1ubuntu1~22.04.3_amd64.deb ...
#6 109.7 Unpacking libubsan1:amd64 (12.3.0-1ubuntu1~22.04.3) ...
#6 109.7 Selecting previously unselected package libquadmath0:amd64.
#6 109.7 Preparing to unpack .../101-libquadmath0_12.3.0-1ubuntu1~22.04.3_amd64.deb ...
#6 109.7 Unpacking libquadmath0:amd64 (12.3.0-1ubuntu1~22.04.3) ...
#6 109.8 Selecting previously unselected package libgcc-11-dev:amd64.
#6 109.8 Preparing to unpack .../102-libgcc-11-dev_11.4.0-1ubuntu1~22.04.3_amd64.deb ...
#6 109.8 Unpacking libgcc-11-dev:amd64 (11.4.0-1ubuntu1~22.04.3) ...
#6 109.9 Selecting previously unselected package gcc-11.
#6 109.9 Preparing to unpack .../103-gcc-11_11.4.0-1ubuntu1~22.04.3_amd64.deb ...
#6 109.9 Unpacking gcc-11 (11.4.0-1ubuntu1~22.04.3) ...
#6 110.2 Selecting previously unselected package gcc.
#6 110.2 Preparing to unpack .../104-gcc_4%3a11.2.0-1ubuntu1_amd64.deb ...
#6 110.2 Unpacking gcc (4:11.2.0-1ubuntu1) ...
#6 110.2 Selecting previously unselected package libstdc++-11-dev:amd64.
#6 110.2 Preparing to unpack .../105-libstdc++-11-dev_11.4.0-1ubuntu1~22.04.3_amd64.deb ...
#6 110.2 Unpacking libstdc++-11-dev:amd64 (11.4.0-1ubuntu1~22.04.3) ...
#6 110.4 Selecting previously unselected package g++-11.
#6 110.4 Preparing to unpack .../106-g++-11_11.4.0-1ubuntu1~22.04.3_amd64.deb ...
#6 110.4 Unpacking g++-11 (11.4.0-1ubuntu1~22.04.3) ...
#6 110.6 Selecting previously unselected package g++.
#6 110.6 Preparing to unpack .../107-g++_4%3a11.2.0-1ubuntu1_amd64.deb ...
#6 110.6 Unpacking g++ (4:11.2.0-1ubuntu1) ...
#6 110.6 Selecting previously unselected package make.
#6 110.6 Preparing to unpack .../108-make_4.3-4.1build1_amd64.deb ...
#6 110.6 Unpacking make (4.3-4.1build1) ...
#6 110.7 Selecting previously unselected package libdpkg-perl.
#6 110.7 Preparing to unpack .../109-libdpkg-perl_1.21.1ubuntu2.6_all.deb ...
#6 110.7 Unpacking libdpkg-perl (1.21.1ubuntu2.6) ...
#6 110.8 Selecting previously unselected package bzip2.
#6 110.8 Preparing to unpack .../110-bzip2_1.0.8-5build1_amd64.deb ...
#6 110.8 Unpacking bzip2 (1.0.8-5build1) ...
#6 110.9 Selecting previously unselected package patch.
#6 110.9 Preparing to unpack .../111-patch_2.7.6-7build2_amd64.deb ...
#6 110.9 Unpacking patch (2.7.6-7build2) ...
#6 111.0 Selecting previously unselected package lto-disabled-list.
#6 111.0 Preparing to unpack .../112-lto-disabled-list_24_all.deb ...
#6 111.0 Unpacking lto-disabled-list (24) ...
#6 111.1 Selecting previously unselected package dpkg-dev.
#6 111.1 Preparing to unpack .../113-dpkg-dev_1.21.1ubuntu2.6_all.deb ...
#6 111.1 Unpacking dpkg-dev (1.21.1ubuntu2.6) ...
#6 111.1 Selecting previously unselected package build-essential.
#6 111.1 Preparing to unpack .../114-build-essential_12.9ubuntu3_amd64.deb ...
#6 111.1 Unpacking build-essential (12.9ubuntu3) ...
#6 111.2 Selecting previously unselected package cowdancer.
#6 111.2 Preparing to unpack .../115-cowdancer_0.89_amd64.deb ...
#6 111.2 Unpacking cowdancer (0.89) ...
#6 111.3 Selecting previously unselected package debootstrap.
#6 111.3 Preparing to unpack .../116-debootstrap_1.0.126+nmu1ubuntu0.8_all.deb ...
#6 111.3 Unpacking debootstrap (1.0.126+nmu1ubuntu0.8) ...
#6 111.4 Selecting previously unselected package pbuilder.
#6 111.4 Preparing to unpack .../117-pbuilder_0.231build1_all.deb ...
#6 111.5 Unpacking pbuilder (0.231build1) ...
#6 111.6 Selecting previously unselected package cowbuilder.
#6 111.6 Preparing to unpack .../118-cowbuilder_0.89_amd64.deb ...
#6 111.6 Unpacking cowbuilder (0.89) ...
#6 111.7 Selecting previously unselected package gcc-11-aarch64-linux-gnu-base:amd64.
#6 111.7 Preparing to unpack .../119-gcc-11-aarch64-linux-gnu-base_11.4.0-1ubuntu1~22.04cross1_amd64.deb ...
#6 111.7 Unpacking gcc-11-aarch64-linux-gnu-base:amd64 (11.4.0-1ubuntu1~22.04cross1) ...
#6 111.8 Selecting previously unselected package cpp-11-aarch64-linux-gnu.
#6 111.8 Preparing to unpack .../120-cpp-11-aarch64-linux-gnu_11.4.0-1ubuntu1~22.04cross1_amd64.deb ...
#6 111.8 Unpacking cpp-11-aarch64-linux-gnu (11.4.0-1ubuntu1~22.04cross1) ...
#6 112.0 Selecting previously unselected package cpp-aarch64-linux-gnu.
#6 112.0 Preparing to unpack .../121-cpp-aarch64-linux-gnu_4%3a11.2.0-1ubuntu1_amd64.deb ...
#6 112.0 Unpacking cpp-aarch64-linux-gnu (4:11.2.0-1ubuntu1) ...
#6 112.1 Selecting previously unselected package libbrotli1:amd64.
#6 112.1 Preparing to unpack .../122-libbrotli1_1.0.9-2build6_amd64.deb ...
#6 112.1 Unpacking libbrotli1:amd64 (1.0.9-2build6) ...
#6 112.2 Selecting previously unselected package libsasl2-modules-db:amd64.
#6 112.2 Preparing to unpack .../123-libsasl2-modules-db_2.1.27+dfsg2-3ubuntu1.2_amd64.deb ...
#6 112.2 Unpacking libsasl2-modules-db:amd64 (2.1.27+dfsg2-3ubuntu1.2) ...
#6 112.3 Selecting previously unselected package libsasl2-2:amd64.
#6 112.3 Preparing to unpack .../124-libsasl2-2_2.1.27+dfsg2-3ubuntu1.2_amd64.deb ...
#6 112.3 Unpacking libsasl2-2:amd64 (2.1.27+dfsg2-3ubuntu1.2) ...
#6 112.3 Selecting previously unselected package libldap-2.5-0:amd64.
#6 112.3 Preparing to unpack .../125-libldap-2.5-0_2.5.20+dfsg-0ubuntu0.22.04.1_amd64.deb ...
#6 112.3 Unpacking libldap-2.5-0:amd64 (2.5.20+dfsg-0ubuntu0.22.04.1) ...
#6 112.4 Selecting previously unselected package librtmp1:amd64.
#6 112.4 Preparing to unpack .../126-librtmp1_2.4+20151223.gitfa8646d.1-2build4_amd64.deb ...
#6 112.4 Unpacking librtmp1:amd64 (2.4+20151223.gitfa8646d.1-2build4) ...
#6 112.5 Selecting previously unselected package libssh-4:amd64.
#6 112.5 Preparing to unpack .../127-libssh-4_0.9.6-2ubuntu0.22.04.6_amd64.deb ...
#6 112.5 Unpacking libssh-4:amd64 (0.9.6-2ubuntu0.22.04.6) ...
#6 112.6 Selecting previously unselected package libcurl4:amd64.
#6 112.6 Preparing to unpack .../128-libcurl4_7.81.0-1ubuntu1.22_amd64.deb ...
#6 112.6 Unpacking libcurl4:amd64 (7.81.0-1ubuntu1.22) ...
#6 112.7 Selecting previously unselected package curl.
#6 112.7 Preparing to unpack .../129-curl_7.81.0-1ubuntu1.22_amd64.deb ...
#6 112.7 Unpacking curl (7.81.0-1ubuntu1.22) ...
#6 112.8 Selecting previously unselected package dctrl-tools.
#6 112.8 Preparing to unpack .../130-dctrl-tools_2.24-3build2_amd64.deb ...
#6 112.8 Unpacking dctrl-tools (2.24-3build2) ...
#6 112.9 Selecting previously unselected package libfakeroot:amd64.
#6 112.9 Preparing to unpack .../131-libfakeroot_1.28-1ubuntu1_amd64.deb ...
#6 112.9 Unpacking libfakeroot:amd64 (1.28-1ubuntu1) ...
#6 113.0 Selecting previously unselected package fakeroot.
#6 113.0 Preparing to unpack .../132-fakeroot_1.28-1ubuntu1_amd64.deb ...
#6 113.0 Unpacking fakeroot (1.28-1ubuntu1) ...
#6 113.1 Selecting previously unselected package libassuan0:amd64.
#6 113.1 Preparing to unpack .../133-libassuan0_2.5.5-1build1_amd64.deb ...
#6 113.1 Unpacking libassuan0:amd64 (2.5.5-1build1) ...
#6 113.2 Selecting previously unselected package gpgconf.
#6 113.2 Preparing to unpack .../134-gpgconf_2.2.27-3ubuntu2.5_amd64.deb ...
#6 113.2 Unpacking gpgconf (2.2.27-3ubuntu2.5) ...
#6 113.2 Selecting previously unselected package libksba8:amd64.
#6 113.2 Preparing to unpack .../135-libksba8_1.6.0-2ubuntu0.2_amd64.deb ...
#6 113.2 Unpacking libksba8:amd64 (1.6.0-2ubuntu0.2) ...
#6 113.3 Selecting previously unselected package libnpth0:amd64.
#6 113.3 Preparing to unpack .../136-libnpth0_1.6-3build2_amd64.deb ...
#6 113.3 Unpacking libnpth0:amd64 (1.6-3build2) ...
#6 113.4 Selecting previously unselected package dirmngr.
#6 113.4 Preparing to unpack .../137-dirmngr_2.2.27-3ubuntu2.5_amd64.deb ...
#6 113.5 Unpacking dirmngr (2.2.27-3ubuntu2.5) ...
#6 113.6 Selecting previously unselected package gnupg-l10n.
#6 113.6 Preparing to unpack .../138-gnupg-l10n_2.2.27-3ubuntu2.5_all.deb ...
#6 113.6 Unpacking gnupg-l10n (2.2.27-3ubuntu2.5) ...
#6 113.7 Selecting previously unselected package gnupg-utils.
#6 113.7 Preparing to unpack .../139-gnupg-utils_2.2.27-3ubuntu2.5_amd64.deb ...
#6 113.7 Unpacking gnupg-utils (2.2.27-3ubuntu2.5) ...
#6 113.8 Selecting previously unselected package gpg.
#6 113.8 Preparing to unpack .../140-gpg_2.2.27-3ubuntu2.5_amd64.deb ...
#6 113.8 Unpacking gpg (2.2.27-3ubuntu2.5) ...
#6 113.9 Selecting previously unselected package pinentry-curses.
#6 113.9 Preparing to unpack .../141-pinentry-curses_1.1.1-1build2_amd64.deb ...
#6 113.9 Unpacking pinentry-curses (1.1.1-1build2) ...
#6 114.0 Selecting previously unselected package gpg-agent.
#6 114.0 Preparing to unpack .../142-gpg-agent_2.2.27-3ubuntu2.5_amd64.deb ...
#6 114.0 Unpacking gpg-agent (2.2.27-3ubuntu2.5) ...
#6 114.0 Selecting previously unselected package gpg-wks-client.
#6 114.0 Preparing to unpack .../143-gpg-wks-client_2.2.27-3ubuntu2.5_amd64.deb ...
#6 114.0 Unpacking gpg-wks-client (2.2.27-3ubuntu2.5) ...
#6 114.1 Selecting previously unselected package gpg-wks-server.
#6 114.1 Preparing to unpack .../144-gpg-wks-server_2.2.27-3ubuntu2.5_amd64.deb ...
#6 114.1 Unpacking gpg-wks-server (2.2.27-3ubuntu2.5) ...
#6 114.2 Selecting previously unselected package gpgsm.
#6 114.2 Preparing to unpack .../145-gpgsm_2.2.27-3ubuntu2.5_amd64.deb ...
#6 114.2 Unpacking gpgsm (2.2.27-3ubuntu2.5) ...
#6 114.3 Selecting previously unselected package gnupg.
#6 114.3 Preparing to unpack .../146-gnupg_2.2.27-3ubuntu2.5_all.deb ...
#6 114.3 Unpacking gnupg (2.2.27-3ubuntu2.5) ...
#6 114.4 Selecting previously unselected package libfile-dirlist-perl.
#6 114.4 Preparing to unpack .../147-libfile-dirlist-perl_0.05-2_all.deb ...
#6 114.4 Unpacking libfile-dirlist-perl (0.05-2) ...
#6 114.5 Selecting previously unselected package libfile-which-perl.
#6 114.5 Preparing to unpack .../148-libfile-which-perl_1.23-1_all.deb ...
#6 114.5 Unpacking libfile-which-perl (1.23-1) ...
#6 114.6 Selecting previously unselected package libfile-homedir-perl.
#6 114.6 Preparing to unpack .../149-libfile-homedir-perl_1.006-1_all.deb ...
#6 114.6 Unpacking libfile-homedir-perl (1.006-1) ...
#6 114.7 Selecting previously unselected package libfile-touch-perl.
#6 114.7 Preparing to unpack .../150-libfile-touch-perl_0.12-1_all.deb ...
#6 114.7 Unpacking libfile-touch-perl (0.12-1) ...
#6 114.8 Selecting previously unselected package libio-pty-perl.
#6 114.8 Preparing to unpack .../151-libio-pty-perl_1%3a1.15-2build2_amd64.deb ...
#6 114.8 Unpacking libio-pty-perl (1:1.15-2build2) ...
#6 114.9 Selecting previously unselected package libipc-run-perl.
#6 114.9 Preparing to unpack .../152-libipc-run-perl_20200505.0-1_all.deb ...
#6 114.9 Unpacking libipc-run-perl (20200505.0-1) ...
#6 115.0 Selecting previously unselected package libclass-method-modifiers-perl.
#6 115.0 Preparing to unpack .../153-libclass-method-modifiers-perl_2.13-1_all.deb ...
#6 115.0 Unpacking libclass-method-modifiers-perl (2.13-1) ...
#6 115.1 Selecting previously unselected package libclass-xsaccessor-perl.
#6 115.1 Preparing to unpack .../154-libclass-xsaccessor-perl_1.19-3build9_amd64.deb ...
#6 115.1 Unpacking libclass-xsaccessor-perl (1.19-3build9) ...
#6 115.2 Selecting previously unselected package libb-hooks-op-check-perl.
#6 115.2 Preparing to unpack .../155-libb-hooks-op-check-perl_0.22-1build5_amd64.deb ...
#6 115.2 Unpacking libb-hooks-op-check-perl (0.22-1build5) ...
#6 115.3 Selecting previously unselected package libdynaloader-functions-perl.
#6 115.3 Preparing to unpack .../156-libdynaloader-functions-perl_0.003-1.1_all.deb ...
#6 115.3 Unpacking libdynaloader-functions-perl (0.003-1.1) ...
#6 115.4 Selecting previously unselected package libdevel-callchecker-perl.
#6 115.4 Preparing to unpack .../157-libdevel-callchecker-perl_0.008-1ubuntu4_amd64.deb ...
#6 115.4 Unpacking libdevel-callchecker-perl (0.008-1ubuntu4) ...
#6 115.5 Selecting previously unselected package libparams-classify-perl.
#6 115.5 Preparing to unpack .../158-libparams-classify-perl_0.015-1build5_amd64.deb ...
#6 115.5 Unpacking libparams-classify-perl (0.015-1build5) ...
#6 115.6 Selecting previously unselected package libmodule-runtime-perl.
#6 115.6 Preparing to unpack .../159-libmodule-runtime-perl_0.016-1_all.deb ...
#6 115.6 Unpacking libmodule-runtime-perl (0.016-1) ...
#6 115.6 Selecting previously unselected package libimport-into-perl.
#6 115.6 Preparing to unpack .../160-libimport-into-perl_1.002005-1_all.deb ...
#6 115.6 Unpacking libimport-into-perl (1.002005-1) ...
#6 115.7 Selecting previously unselected package librole-tiny-perl.
#6 115.7 Preparing to unpack .../161-librole-tiny-perl_2.002004-1_all.deb ...
#6 115.7 Unpacking librole-tiny-perl (2.002004-1) ...
#6 115.8 Selecting previously unselected package libsub-quote-perl.
#6 115.8 Preparing to unpack .../162-libsub-quote-perl_2.006006-1_all.deb ...
#6 115.8 Unpacking libsub-quote-perl (2.006006-1) ...
#6 115.9 Selecting previously unselected package libmoo-perl.
#6 115.9 Preparing to unpack .../163-libmoo-perl_2.005004-3_all.deb ...
#6 115.9 Unpacking libmoo-perl (2.005004-3) ...
#6 116.0 Selecting previously unselected package libencode-locale-perl.
#6 116.0 Preparing to unpack .../164-libencode-locale-perl_1.05-1.1_all.deb ...
#6 116.0 Unpacking libencode-locale-perl (1.05-1.1) ...
#6 116.0 Selecting previously unselected package libtimedate-perl.
#6 116.0 Preparing to unpack .../165-libtimedate-perl_2.3300-2_all.deb ...
#6 116.0 Unpacking libtimedate-perl (2.3300-2) ...
#6 116.1 Selecting previously unselected package libhttp-date-perl.
#6 116.1 Preparing to unpack .../166-libhttp-date-perl_6.05-1_all.deb ...
#6 116.1 Unpacking libhttp-date-perl (6.05-1) ...
#6 116.2 Selecting previously unselected package libfile-listing-perl.
#6 116.2 Preparing to unpack .../167-libfile-listing-perl_6.14-1_all.deb ...
#6 116.2 Unpacking libfile-listing-perl (6.14-1) ...
#6 116.3 Selecting previously unselected package libhtml-tagset-perl.
#6 116.3 Preparing to unpack .../168-libhtml-tagset-perl_3.20-4_all.deb ...
#6 116.3 Unpacking libhtml-tagset-perl (3.20-4) ...
#6 116.4 Selecting previously unselected package liburi-perl.
#6 116.4 Preparing to unpack .../169-liburi-perl_5.10-1_all.deb ...
#6 116.4 Unpacking liburi-perl (5.10-1) ...
#6 116.5 Selecting previously unselected package libhtml-parser-perl:amd64.
#6 116.5 Preparing to unpack .../170-libhtml-parser-perl_3.76-1build2_amd64.deb ...
#6 116.5 Unpacking libhtml-parser-perl:amd64 (3.76-1build2) ...
#6 116.5 Selecting previously unselected package libhtml-tree-perl.
#6 116.5 Preparing to unpack .../171-libhtml-tree-perl_5.07-2_all.deb ...
#6 116.5 Unpacking libhtml-tree-perl (5.07-2) ...
#6 116.6 Selecting previously unselected package libio-html-perl.
#6 116.6 Preparing to unpack .../172-libio-html-perl_1.004-2_all.deb ...
#6 116.6 Unpacking libio-html-perl (1.004-2) ...
#6 116.7 Selecting previously unselected package liblwp-mediatypes-perl.
#6 116.7 Preparing to unpack .../173-liblwp-mediatypes-perl_6.04-1_all.deb ...
#6 116.7 Unpacking liblwp-mediatypes-perl (6.04-1) ...
#6 116.8 Selecting previously unselected package libhttp-message-perl.
#6 116.8 Preparing to unpack .../174-libhttp-message-perl_6.36-1_all.deb ...
#6 116.8 Unpacking libhttp-message-perl (6.36-1) ...
#6 116.9 Selecting previously unselected package libhttp-cookies-perl.
#6 116.9 Preparing to unpack .../175-libhttp-cookies-perl_6.10-1_all.deb ...
#6 116.9 Unpacking libhttp-cookies-perl (6.10-1) ...
#6 117.0 Selecting previously unselected package libhttp-negotiate-perl.
#6 117.0 Preparing to unpack .../176-libhttp-negotiate-perl_6.01-1_all.deb ...
#6 117.0 Unpacking libhttp-negotiate-perl (6.01-1) ...
#6 117.0 Selecting previously unselected package perl-openssl-defaults:amd64.
#6 117.0 Preparing to unpack .../177-perl-openssl-defaults_5build2_amd64.deb ...
#6 117.0 Unpacking perl-openssl-defaults:amd64 (5build2) ...
#6 117.1 Selecting previously unselected package libnet-ssleay-perl:amd64.
#6 117.1 Preparing to unpack .../178-libnet-ssleay-perl_1.92-1build2_amd64.deb ...
#6 117.1 Unpacking libnet-ssleay-perl:amd64 (1.92-1build2) ...
#6 117.2 Selecting previously unselected package libio-socket-ssl-perl.
#6 117.2 Preparing to unpack .../179-libio-socket-ssl-perl_2.074-2_all.deb ...
#6 117.2 Unpacking libio-socket-ssl-perl (2.074-2) ...
#6 117.3 Selecting previously unselected package libnet-http-perl.
#6 117.3 Preparing to unpack .../180-libnet-http-perl_6.22-1_all.deb ...
#6 117.3 Unpacking libnet-http-perl (6.22-1) ...
#6 117.4 Selecting previously unselected package liblwp-protocol-https-perl.
#6 117.4 Preparing to unpack .../181-liblwp-protocol-https-perl_6.10-1_all.deb ...
#6 117.4 Unpacking liblwp-protocol-https-perl (6.10-1) ...
#6 117.4 Selecting previously unselected package libtry-tiny-perl.
#6 117.4 Preparing to unpack .../182-libtry-tiny-perl_0.31-1_all.deb ...
#6 117.4 Unpacking libtry-tiny-perl (0.31-1) ...
#6 117.5 Selecting previously unselected package libwww-robotrules-perl.
#6 117.5 Preparing to unpack .../183-libwww-robotrules-perl_6.02-1_all.deb ...
#6 117.5 Unpacking libwww-robotrules-perl (6.02-1) ...
#6 117.6 Selecting previously unselected package libwww-perl.
#6 117.6 Preparing to unpack .../184-libwww-perl_6.61-1_all.deb ...
#6 117.6 Unpacking libwww-perl (6.61-1) ...
#6 117.7 Selecting previously unselected package patchutils.
#6 117.7 Preparing to unpack .../185-patchutils_0.4.2-1build2_amd64.deb ...
#6 117.7 Unpacking patchutils (0.4.2-1build2) ...
#6 117.8 Selecting previously unselected package wdiff.
#6 117.8 Preparing to unpack .../186-wdiff_1.2.2-2build3_amd64.deb ...
#6 117.8 Unpacking wdiff (1.2.2-2build3) ...
#6 117.8 Selecting previously unselected package devscripts.
#6 117.8 Preparing to unpack .../187-devscripts_2.22.1ubuntu1_amd64.deb ...
#6 118.1 Unpacking devscripts (2.22.1ubuntu1) ...
#6 118.1 Selecting previously unselected package diffstat.
#6 118.1 Preparing to unpack .../188-diffstat_1.64-1build2_amd64.deb ...
#6 118.1 Unpacking diffstat (1.64-1build2) ...
#6 118.2 Selecting previously unselected package python3-chardet.
#6 118.2 Preparing to unpack .../189-python3-chardet_4.0.0-1_all.deb ...
#6 118.2 Unpacking python3-chardet (4.0.0-1) ...
#6 118.3 Selecting previously unselected package zstd.
#6 118.3 Preparing to unpack .../190-zstd_1.4.8+dfsg-3build1_amd64.deb ...
#6 118.3 Unpacking zstd (1.4.8+dfsg-3build1) ...
#6 118.4 Selecting previously unselected package python3-debian.
#6 118.4 Preparing to unpack .../191-python3-debian_0.1.43ubuntu1.1_all.deb ...
#6 118.4 Unpacking python3-debian (0.1.43ubuntu1.1) ...
#6 118.5 Selecting previously unselected package libgpgme11:amd64.
#6 118.5 Preparing to unpack .../192-libgpgme11_1.16.0-1.2ubuntu4.2_amd64.deb ...
#6 118.5 Unpacking libgpgme11:amd64 (1.16.0-1.2ubuntu4.2) ...
#6 118.6 Selecting previously unselected package python3-gpg.
#6 118.6 Preparing to unpack .../193-python3-gpg_1.16.0-1.2ubuntu4.2_amd64.deb ...
#6 118.6 Unpacking python3-gpg (1.16.0-1.2ubuntu4.2) ...
#6 118.6 Selecting previously unselected package dput.
#6 118.7 Preparing to unpack .../194-dput_1.1.0ubuntu2.1_all.deb ...
#6 118.7 Unpacking dput (1.1.0ubuntu2.1) ...
#6 118.8 Selecting previously unselected package libeatmydata1:amd64.
#6 118.8 Preparing to unpack .../195-libeatmydata1_130-2build1_amd64.deb ...
#6 118.8 Unpacking libeatmydata1:amd64 (130-2build1) ...
#6 118.9 Selecting previously unselected package eatmydata.
#6 118.9 Preparing to unpack .../196-eatmydata_130-2build1_all.deb ...
#6 118.9 Unpacking eatmydata (130-2build1) ...
#6 118.9 Selecting previously unselected package fonts-dejavu-core.
#6 118.9 Preparing to unpack .../197-fonts-dejavu-core_2.37-2build1_all.deb ...
#6 118.9 Unpacking fonts-dejavu-core (2.37-2build1) ...
#6 119.1 Selecting previously unselected package fontconfig-config.
#6 119.1 Preparing to unpack .../198-fontconfig-config_2.13.1-4.2ubuntu5_all.deb ...
#6 119.1 Unpacking fontconfig-config (2.13.1-4.2ubuntu5) ...
#6 119.2 Selecting previously unselected package binutils-aarch64-linux-gnu.
#6 119.2 Preparing to unpack .../199-binutils-aarch64-linux-gnu_2.38-4ubuntu2.12_amd64.deb ...
#6 119.2 Unpacking binutils-aarch64-linux-gnu (2.38-4ubuntu2.12) ...
#6 119.3 Selecting previously unselected package gcc-11-cross-base.
#6 119.3 Preparing to unpack .../200-gcc-11-cross-base_11.4.0-1ubuntu1~22.04cross1_all.deb ...
#6 119.3 Unpacking gcc-11-cross-base (11.4.0-1ubuntu1~22.04cross1) ...
#6 119.4 Selecting previously unselected package gcc-12-cross-base.
#6 119.4 Preparing to unpack .../201-gcc-12-cross-base_12.3.0-1ubuntu1~22.04cross1_all.deb ...
#6 119.4 Unpacking gcc-12-cross-base (12.3.0-1ubuntu1~22.04cross1) ...
#6 119.5 Selecting previously unselected package libc6-arm64-cross.
#6 119.5 Preparing to unpack .../202-libc6-arm64-cross_2.35-0ubuntu1cross3_all.deb ...
#6 119.5 Unpacking libc6-arm64-cross (2.35-0ubuntu1cross3) ...
#6 119.6 Selecting previously unselected package libgcc-s1-arm64-cross.
#6 119.6 Preparing to unpack .../203-libgcc-s1-arm64-cross_12.3.0-1ubuntu1~22.04cross1_all.deb ...
#6 119.6 Unpacking libgcc-s1-arm64-cross (12.3.0-1ubuntu1~22.04cross1) ...
#6 119.6 Selecting previously unselected package libgomp1-arm64-cross.
#6 119.6 Preparing to unpack .../204-libgomp1-arm64-cross_12.3.0-1ubuntu1~22.04cross1_all.deb ...
#6 119.6 Unpacking libgomp1-arm64-cross (12.3.0-1ubuntu1~22.04cross1) ...
#6 119.7 Selecting previously unselected package libitm1-arm64-cross.
#6 119.7 Preparing to unpack .../205-libitm1-arm64-cross_12.3.0-1ubuntu1~22.04cross1_all.deb ...
#6 119.7 Unpacking libitm1-arm64-cross (12.3.0-1ubuntu1~22.04cross1) ...
#6 119.8 Selecting previously unselected package libatomic1-arm64-cross.
#6 119.8 Preparing to unpack .../206-libatomic1-arm64-cross_12.3.0-1ubuntu1~22.04cross1_all.deb ...
#6 119.8 Unpacking libatomic1-arm64-cross (12.3.0-1ubuntu1~22.04cross1) ...
#6 119.9 Selecting previously unselected package libasan6-arm64-cross.
#6 119.9 Preparing to unpack .../207-libasan6-arm64-cross_11.4.0-1ubuntu1~22.04cross1_all.deb ...
#6 119.9 Unpacking libasan6-arm64-cross (11.4.0-1ubuntu1~22.04cross1) ...
#6 120.0 Selecting previously unselected package liblsan0-arm64-cross.
#6 120.0 Preparing to unpack .../208-liblsan0-arm64-cross_12.3.0-1ubuntu1~22.04cross1_all.deb ...
#6 120.0 Unpacking liblsan0-arm64-cross (12.3.0-1ubuntu1~22.04cross1) ...
#6 120.1 Selecting previously unselected package libtsan0-arm64-cross.
#6 120.1 Preparing to unpack .../209-libtsan0-arm64-cross_11.4.0-1ubuntu1~22.04cross1_all.deb ...
#6 120.1 Unpacking libtsan0-arm64-cross (11.4.0-1ubuntu1~22.04cross1) ...
#6 120.2 Selecting previously unselected package libstdc++6-arm64-cross.
#6 120.2 Preparing to unpack .../210-libstdc++6-arm64-cross_12.3.0-1ubuntu1~22.04cross1_all.deb ...
#6 120.2 Unpacking libstdc++6-arm64-cross (12.3.0-1ubuntu1~22.04cross1) ...
#6 120.3 Selecting previously unselected package libubsan1-arm64-cross.
#6 120.3 Preparing to unpack .../211-libubsan1-arm64-cross_12.3.0-1ubuntu1~22.04cross1_all.deb ...
#6 120.3 Unpacking libubsan1-arm64-cross (12.3.0-1ubuntu1~22.04cross1) ...
#6 120.4 Selecting previously unselected package libhwasan0-arm64-cross.
#6 120.4 Preparing to unpack .../212-libhwasan0-arm64-cross_12.3.0-1ubuntu1~22.04cross1_all.deb ...
#6 120.4 Unpacking libhwasan0-arm64-cross (12.3.0-1ubuntu1~22.04cross1) ...
#6 120.5 Selecting previously unselected package libgcc-11-dev-arm64-cross.
#6 120.5 Preparing to unpack .../213-libgcc-11-dev-arm64-cross_11.4.0-1ubuntu1~22.04cross1_all.deb ...
#6 120.5 Unpacking libgcc-11-dev-arm64-cross (11.4.0-1ubuntu1~22.04cross1) ...
#6 120.6 Selecting previously unselected package gcc-11-aarch64-linux-gnu.
#6 120.6 Preparing to unpack .../214-gcc-11-aarch64-linux-gnu_11.4.0-1ubuntu1~22.04cross1_amd64.deb ...
#6 120.6 Unpacking gcc-11-aarch64-linux-gnu (11.4.0-1ubuntu1~22.04cross1) ...
#6 120.8 Selecting previously unselected package gcc-aarch64-linux-gnu.
#6 120.8 Preparing to unpack .../215-gcc-aarch64-linux-gnu_4%3a11.2.0-1ubuntu1_amd64.deb ...
#6 120.8 Unpacking gcc-aarch64-linux-gnu (4:11.2.0-1ubuntu1) ...
#6 120.9 Selecting previously unselected package gettext.
#6 120.9 Preparing to unpack .../216-gettext_0.21-4ubuntu4_amd64.deb ...
#6 120.9 Unpacking gettext (0.21-4ubuntu4) ...
#6 121.0 Selecting previously unselected package libpackagekit-glib2-18:amd64.
#6 121.0 Preparing to unpack .../217-libpackagekit-glib2-18_1.2.5-2ubuntu3_amd64.deb ...
#6 121.0 Unpacking libpackagekit-glib2-18:amd64 (1.2.5-2ubuntu3) ...
#6 121.1 Selecting previously unselected package gir1.2-packagekitglib-1.0.
#6 121.1 Preparing to unpack .../218-gir1.2-packagekitglib-1.0_1.2.5-2ubuntu3_amd64.deb ...
#6 121.1 Unpacking gir1.2-packagekitglib-1.0 (1.2.5-2ubuntu3) ...
#6 121.2 Selecting previously unselected package libcurl3-gnutls:amd64.
#6 121.2 Preparing to unpack .../219-libcurl3-gnutls_7.81.0-1ubuntu1.22_amd64.deb ...
#6 121.2 Unpacking libcurl3-gnutls:amd64 (7.81.0-1ubuntu1.22) ...
#6 121.3 Selecting previously unselected package liberror-perl.
#6 121.3 Preparing to unpack .../220-liberror-perl_0.17029-1_all.deb ...
#6 121.3 Unpacking liberror-perl (0.17029-1) ...
#6 121.4 Selecting previously unselected package git-man.
#6 121.4 Preparing to unpack .../221-git-man_1%3a2.34.1-1ubuntu1.17_all.deb ...
#6 121.4 Unpacking git-man (1:2.34.1-1ubuntu1.17) ...
#6 121.5 Selecting previously unselected package git.
#6 121.5 Preparing to unpack .../222-git_1%3a2.34.1-1ubuntu1.17_amd64.deb ...
#6 121.5 Unpacking git (1:2.34.1-1ubuntu1.17) ...
#6 121.7 Selecting previously unselected package python3-six.
#6 121.7 Preparing to unpack .../223-python3-six_1.16.0-3ubuntu1_all.deb ...
#6 121.7 Unpacking python3-six (1.16.0-3ubuntu1) ...
#6 121.7 Selecting previously unselected package python3-dateutil.
#6 121.7 Preparing to unpack .../224-python3-dateutil_2.8.1-6_all.deb ...
#6 121.7 Unpacking python3-dateutil (2.8.1-6) ...
#6 121.8 Selecting previously unselected package git-buildpackage.
#6 121.8 Preparing to unpack .../225-git-buildpackage_0.9.25_all.deb ...
#6 121.8 Unpacking git-buildpackage (0.9.25) ...
#6 121.9 Selecting previously unselected package intltool-debian.
#6 121.9 Preparing to unpack .../226-intltool-debian_0.35.0+20060710.5_all.deb ...
#6 121.9 Unpacking intltool-debian (0.35.0+20060710.5) ...
#6 122.0 Selecting previously unselected package libalgorithm-diff-perl.
#6 122.0 Preparing to unpack .../227-libalgorithm-diff-perl_1.201-1_all.deb ...
#6 122.0 Unpacking libalgorithm-diff-perl (1.201-1) ...
#6 122.1 Selecting previously unselected package libalgorithm-diff-xs-perl.
#6 122.1 Preparing to unpack .../228-libalgorithm-diff-xs-perl_0.04-6build3_amd64.deb ...
#6 122.1 Unpacking libalgorithm-diff-xs-perl (0.04-6build3) ...
#6 122.2 Selecting previously unselected package libalgorithm-merge-perl.
#6 122.2 Preparing to unpack .../229-libalgorithm-merge-perl_0.08-3_all.deb ...
#6 122.2 Unpacking libalgorithm-merge-perl (0.08-3) ...
#6 122.3 Selecting previously unselected package libaliased-perl.
#6 122.3 Preparing to unpack .../230-libaliased-perl_0.34-1.1_all.deb ...
#6 122.3 Unpacking libaliased-perl (0.34-1.1) ...
#6 122.4 Selecting previously unselected package libstemmer0d:amd64.
#6 122.4 Preparing to unpack .../231-libstemmer0d_2.2.0-1build1_amd64.deb ...
#6 122.4 Unpacking libstemmer0d:amd64 (2.2.0-1build1) ...
#6 122.4 Selecting previously unselected package libxmlb2:amd64.
#6 122.4 Preparing to unpack .../232-libxmlb2_0.3.6-2build1_amd64.deb ...
#6 122.4 Unpacking libxmlb2:amd64 (0.3.6-2build1) ...
#6 122.5 Selecting previously unselected package libappstream4:amd64.
#6 122.5 Preparing to unpack .../233-libappstream4_0.15.2-2_amd64.deb ...
#6 122.5 Unpacking libappstream4:amd64 (0.15.2-2) ...
#6 122.6 Selecting previously unselected package libapt-pkg-perl.
#6 122.6 Preparing to unpack .../234-libapt-pkg-perl_0.1.40build2_amd64.deb ...
#6 122.6 Unpacking libapt-pkg-perl (0.1.40build2) ...
#6 122.7 Selecting previously unselected package libarchive-zip-perl.
#6 122.7 Preparing to unpack .../235-libarchive-zip-perl_1.68-1_all.deb ...
#6 122.7 Unpacking libarchive-zip-perl (1.68-1) ...
#6 122.8 Selecting previously unselected package libarchive13:amd64.
#6 122.8 Preparing to unpack .../236-libarchive13_3.6.0-1ubuntu1.5_amd64.deb ...
#6 122.8 Unpacking libarchive13:amd64 (3.6.0-1ubuntu1.5) ...
#6 122.9 Selecting previously unselected package libarray-intspan-perl.
#6 122.9 Preparing to unpack .../237-libarray-intspan-perl_2.004-1_all.deb ...
#6 122.9 Unpacking libarray-intspan-perl (2.004-1) ...
#6 122.9 Selecting previously unselected package libmodule-implementation-perl.
#6 122.9 Preparing to unpack .../238-libmodule-implementation-perl_0.09-1.1_all.deb ...
#6 122.9 Unpacking libmodule-implementation-perl (0.09-1.1) ...
#6 123.0 Selecting previously unselected package libsub-exporter-progressive-perl.
#6 123.0 Preparing to unpack .../239-libsub-exporter-progressive-perl_0.001013-1_all.deb ...
#6 123.0 Unpacking libsub-exporter-progressive-perl (0.001013-1) ...
#6 123.1 Selecting previously unselected package libvariable-magic-perl.
#6 123.1 Preparing to unpack .../240-libvariable-magic-perl_0.62-1build5_amd64.deb ...
#6 123.1 Unpacking libvariable-magic-perl (0.62-1build5) ...
#6 123.2 Selecting previously unselected package libb-hooks-endofscope-perl.
#6 123.2 Preparing to unpack .../241-libb-hooks-endofscope-perl_0.25-1_all.deb ...
#6 123.2 Unpacking libb-hooks-endofscope-perl (0.25-1) ...
#6 123.3 Selecting previously unselected package libfreetype6:amd64.
#6 123.3 Preparing to unpack .../242-libfreetype6_2.11.1+dfsg-1ubuntu0.3_amd64.deb ...
#6 123.3 Unpacking libfreetype6:amd64 (2.11.1+dfsg-1ubuntu0.3) ...
#6 123.3 Selecting previously unselected package libfontconfig1:amd64.
#6 123.3 Preparing to unpack .../243-libfontconfig1_2.13.1-4.2ubuntu5_amd64.deb ...
#6 123.3 Unpacking libfontconfig1:amd64 (2.13.1-4.2ubuntu5) ...
#6 123.4 Selecting previously unselected package libjpeg-turbo8:amd64.
#6 123.4 Preparing to unpack .../244-libjpeg-turbo8_2.1.2-0ubuntu1_amd64.deb ...
#6 123.4 Unpacking libjpeg-turbo8:amd64 (2.1.2-0ubuntu1) ...
#6 123.5 Selecting previously unselected package libjpeg8:amd64.
#6 123.5 Preparing to unpack .../245-libjpeg8_8c-2ubuntu10_amd64.deb ...
#6 123.5 Unpacking libjpeg8:amd64 (8c-2ubuntu10) ...
#6 123.6 Selecting previously unselected package libdeflate0:amd64.
#6 123.6 Preparing to unpack .../246-libdeflate0_1.10-2_amd64.deb ...
#6 123.6 Unpacking libdeflate0:amd64 (1.10-2) ...
#6 123.7 Selecting previously unselected package libjbig0:amd64.
#6 123.7 Preparing to unpack .../247-libjbig0_2.1-3.1ubuntu0.22.04.1_amd64.deb ...
#6 123.7 Unpacking libjbig0:amd64 (2.1-3.1ubuntu0.22.04.1) ...
#6 123.8 Selecting previously unselected package libwebp7:amd64.
#6 123.8 Preparing to unpack .../248-libwebp7_1.2.2-2ubuntu0.22.04.2_amd64.deb ...
#6 123.8 Unpacking libwebp7:amd64 (1.2.2-2ubuntu0.22.04.2) ...
#6 123.9 Selecting previously unselected package libtiff5:amd64.
#6 123.9 Preparing to unpack .../249-libtiff5_4.3.0-6ubuntu0.12_amd64.deb ...
#6 123.9 Unpacking libtiff5:amd64 (4.3.0-6ubuntu0.12) ...
#6 124.0 Selecting previously unselected package libxpm4:amd64.
#6 124.0 Preparing to unpack .../250-libxpm4_1%3a3.5.12-1ubuntu0.22.04.2_amd64.deb ...
#6 124.0 Unpacking libxpm4:amd64 (1:3.5.12-1ubuntu0.22.04.2) ...
#6 124.1 Selecting previously unselected package libgd3:amd64.
#6 124.1 Preparing to unpack .../251-libgd3_2.3.0-2ubuntu2.3_amd64.deb ...
#6 124.1 Unpacking libgd3:amd64 (2.3.0-2ubuntu2.3) ...
#6 124.2 Selecting previously unselected package libc-devtools.
#6 124.2 Preparing to unpack .../252-libc-devtools_2.35-0ubuntu3.13_amd64.deb ...
#6 124.2 Unpacking libc-devtools (2.35-0ubuntu3.13) ...
#6 124.2 Selecting previously unselected package libcapture-tiny-perl.
#6 124.2 Preparing to unpack .../253-libcapture-tiny-perl_0.48-1_all.deb ...
#6 124.2 Unpacking libcapture-tiny-perl (0.48-1) ...
#6 124.3 Selecting previously unselected package libclass-data-inheritable-perl.
#6 124.3 Preparing to unpack .../254-libclass-data-inheritable-perl_0.08-3_all.deb ...
#6 124.3 Unpacking libclass-data-inheritable-perl (0.08-3) ...
#6 124.4 Selecting previously unselected package libclone-perl.
#6 124.4 Preparing to unpack .../255-libclone-perl_0.45-1build3_amd64.deb ...
#6 124.4 Unpacking libclone-perl (0.45-1build3) ...
#6 124.5 Selecting previously unselected package libcommon-sense-perl:amd64.
#6 124.5 Preparing to unpack .../256-libcommon-sense-perl_3.75-2build1_amd64.deb ...
#6 124.5 Unpacking libcommon-sense-perl:amd64 (3.75-2build1) ...
#6 124.6 Selecting previously unselected package libconfig-tiny-perl.
#6 124.6 Preparing to unpack .../257-libconfig-tiny-perl_2.28-1_all.deb ...
#6 124.6 Unpacking libconfig-tiny-perl (2.28-1) ...
#6 124.6 Selecting previously unselected package libparams-util-perl.
#6 124.6 Preparing to unpack .../258-libparams-util-perl_1.102-1build3_amd64.deb ...
#6 124.6 Unpacking libparams-util-perl (1.102-1build3) ...
#6 124.7 Selecting previously unselected package libsub-install-perl.
#6 124.7 Preparing to unpack .../259-libsub-install-perl_0.928-1.1_all.deb ...
#6 124.7 Unpacking libsub-install-perl (0.928-1.1) ...
#6 124.8 Selecting previously unselected package libdata-optlist-perl.
#6 124.8 Preparing to unpack .../260-libdata-optlist-perl_0.112-1_all.deb ...
#6 124.8 Unpacking libdata-optlist-perl (0.112-1) ...
#6 124.9 Selecting previously unselected package libsub-exporter-perl.
#6 124.9 Preparing to unpack .../261-libsub-exporter-perl_0.988-1_all.deb ...
#6 124.9 Unpacking libsub-exporter-perl (0.988-1) ...
#6 125.0 Selecting previously unselected package libconst-fast-perl.
#6 125.0 Preparing to unpack .../262-libconst-fast-perl_0.014-1.1_all.deb ...
#6 125.0 Unpacking libconst-fast-perl (0.014-1.1) ...
#6 125.1 Selecting previously unselected package libwant-perl.
#6 125.1 Preparing to unpack .../263-libwant-perl_0.29-1build7_amd64.deb ...
#6 125.1 Unpacking libwant-perl (0.29-1build7) ...
#6 125.2 Selecting previously unselected package libcontextual-return-perl.
#6 125.2 Preparing to unpack .../264-libcontextual-return-perl_0.004014-2_all.deb ...
#6 125.2 Unpacking libcontextual-return-perl (0.004014-2) ...
#6 125.2 Selecting previously unselected package libcpanel-json-xs-perl:amd64.
#6 125.2 Preparing to unpack .../265-libcpanel-json-xs-perl_4.27-1ubuntu0.2_amd64.deb ...
#6 125.2 Unpacking libcpanel-json-xs-perl:amd64 (4.27-1ubuntu0.2) ...
#6 125.3 Selecting previously unselected package libdevel-stacktrace-perl.
#6 125.3 Preparing to unpack .../266-libdevel-stacktrace-perl_2.0400-1_all.deb ...
#6 125.3 Unpacking libdevel-stacktrace-perl (2.0400-1) ...
#6 125.4 Selecting previously unselected package libexception-class-perl.
#6 125.4 Preparing to unpack .../267-libexception-class-perl_1.45-1_all.deb ...
#6 125.4 Unpacking libexception-class-perl (1.45-1) ...
#6 125.5 Selecting previously unselected package libiterator-perl.
#6 125.5 Preparing to unpack .../268-libiterator-perl_0.03+ds1-1.1_all.deb ...
#6 125.5 Unpacking libiterator-perl (0.03+ds1-1.1) ...
#6 125.6 Selecting previously unselected package libiterator-util-perl.
#6 125.6 Preparing to unpack .../269-libiterator-util-perl_0.02+ds1-1.1_all.deb ...
#6 125.6 Unpacking libiterator-util-perl (0.02+ds1-1.1) ...
#6 125.7 Selecting previously unselected package libexporter-tiny-perl.
#6 125.7 Preparing to unpack .../270-libexporter-tiny-perl_1.002002-1_all.deb ...
#6 125.7 Unpacking libexporter-tiny-perl (1.002002-1) ...
#6 125.8 Selecting previously unselected package liblist-moreutils-xs-perl.
#6 125.8 Preparing to unpack .../271-liblist-moreutils-xs-perl_0.430-2build2_amd64.deb ...
#6 125.8 Unpacking liblist-moreutils-xs-perl (0.430-2build2) ...
#6 125.9 Selecting previously unselected package liblist-moreutils-perl.
#6 125.9 Preparing to unpack .../272-liblist-moreutils-perl_0.430-2_all.deb ...
#6 125.9 Unpacking liblist-moreutils-perl (0.430-2) ...
#6 125.9 Selecting previously unselected package libdata-dpath-perl.
#6 125.9 Preparing to unpack .../273-libdata-dpath-perl_0.58-1_all.deb ...
#6 125.9 Unpacking libdata-dpath-perl (0.58-1) ...
#6 126.0 Selecting previously unselected package libdata-dump-perl.
#6 126.0 Preparing to unpack .../274-libdata-dump-perl_1.25-1_all.deb ...
#6 126.0 Unpacking libdata-dump-perl (1.25-1) ...
#6 126.1 Selecting previously unselected package libdata-messagepack-perl.
#6 126.1 Preparing to unpack .../275-libdata-messagepack-perl_1.01-2build1_amd64.deb ...
#6 126.1 Unpacking libdata-messagepack-perl (1.01-2build1) ...
#6 126.2 Selecting previously unselected package libnet-domain-tld-perl.
#6 126.2 Preparing to unpack .../276-libnet-domain-tld-perl_1.75-1.1_all.deb ...
#6 126.2 Unpacking libnet-domain-tld-perl (1.75-1.1) ...
#6 126.3 Selecting previously unselected package libdata-validate-domain-perl.
#6 126.3 Preparing to unpack .../277-libdata-validate-domain-perl_0.10-1.1_all.deb ...
#6 126.3 Unpacking libdata-validate-domain-perl (0.10-1.1) ...
#6 126.4 Selecting previously unselected package libnet-ipv6addr-perl.
#6 126.4 Preparing to unpack .../278-libnet-ipv6addr-perl_1.02-1_all.deb ...
#6 126.4 Unpacking libnet-ipv6addr-perl (1.02-1) ...
#6 126.4 Selecting previously unselected package libnet-netmask-perl.
#6 126.4 Preparing to unpack .../279-libnet-netmask-perl_2.0001-1_all.deb ...
#6 126.4 Unpacking libnet-netmask-perl (2.0001-1) ...
#6 126.5 Selecting previously unselected package libnetaddr-ip-perl.
#6 126.5 Preparing to unpack .../280-libnetaddr-ip-perl_4.079+dfsg-1build7_amd64.deb ...
#6 126.5 Unpacking libnetaddr-ip-perl (4.079+dfsg-1build7) ...
#6 126.6 Selecting previously unselected package libdata-validate-ip-perl.
#6 126.6 Preparing to unpack .../281-libdata-validate-ip-perl_0.30-1_all.deb ...
#6 126.6 Unpacking libdata-validate-ip-perl (0.30-1) ...
#6 126.7 Selecting previously unselected package libdata-validate-uri-perl.
#6 126.7 Preparing to unpack .../282-libdata-validate-uri-perl_0.07-2_all.deb ...
#6 126.7 Unpacking libdata-validate-uri-perl (0.07-2) ...
#6 126.8 Selecting previously unselected package libdistro-info-perl.
#6 126.8 Preparing to unpack .../283-libdistro-info-perl_1.1ubuntu0.2_all.deb ...
#6 126.8 Unpacking libdistro-info-perl (1.1ubuntu0.2) ...
#6 126.8 Selecting previously unselected package libdw1:amd64.
#6 126.8 Preparing to unpack .../284-libdw1_0.186-1ubuntu0.1_amd64.deb ...
#6 126.8 Unpacking libdw1:amd64 (0.186-1ubuntu0.1) ...
#6 126.9 Selecting previously unselected package libemail-address-xs-perl.
#6 126.9 Preparing to unpack .../285-libemail-address-xs-perl_1.04-1build6_amd64.deb ...
#6 126.9 Unpacking libemail-address-xs-perl (1.04-1build6) ...
#6 127.0 Selecting previously unselected package libipc-system-simple-perl.
#6 127.0 Preparing to unpack .../286-libipc-system-simple-perl_1.30-1_all.deb ...
#6 127.0 Unpacking libipc-system-simple-perl (1.30-1) ...
#6 127.1 Selecting previously unselected package libfile-basedir-perl.
#6 127.1 Preparing to unpack .../287-libfile-basedir-perl_0.09-1_all.deb ...
#6 127.1 Unpacking libfile-basedir-perl (0.09-1) ...
#6 127.1 Selecting previously unselected package libfile-chdir-perl.
#6 127.2 Preparing to unpack .../288-libfile-chdir-perl_0.1008-1.1_all.deb ...
#6 127.2 Unpacking libfile-chdir-perl (0.1008-1.1) ...
#6 127.2 Selecting previously unselected package libfile-fcntllock-perl.
#6 127.2 Preparing to unpack .../289-libfile-fcntllock-perl_0.22-3build7_amd64.deb ...
#6 127.2 Unpacking libfile-fcntllock-perl (0.22-3build7) ...
#6 127.3 Selecting previously unselected package libnumber-compare-perl.
#6 127.3 Preparing to unpack .../290-libnumber-compare-perl_0.03-2_all.deb ...
#6 127.3 Unpacking libnumber-compare-perl (0.03-2) ...
#6 127.4 Selecting previously unselected package libtext-glob-perl.
#6 127.4 Preparing to unpack .../291-libtext-glob-perl_0.11-2_all.deb ...
#6 127.4 Unpacking libtext-glob-perl (0.11-2) ...
#6 127.5 Selecting previously unselected package libfile-find-rule-perl.
#6 127.5 Preparing to unpack .../292-libfile-find-rule-perl_0.34-1ubuntu0.22.04.1_all.deb ...
#6 127.5 Unpacking libfile-find-rule-perl (0.34-1ubuntu0.22.04.1) ...
#6 127.5 Selecting previously unselected package libfont-afm-perl.
#6 127.5 Preparing to unpack .../293-libfont-afm-perl_1.20-3_all.deb ...
#6 127.5 Unpacking libfont-afm-perl (1.20-3) ...
#6 127.6 Selecting previously unselected package libio-string-perl.
#6 127.6 Preparing to unpack .../294-libio-string-perl_1.08-3.1_all.deb ...
#6 127.6 Unpacking libio-string-perl (1.08-3.1) ...
#6 127.7 Selecting previously unselected package libfont-ttf-perl.
#6 127.7 Preparing to unpack .../295-libfont-ttf-perl_1.06-1.1_all.deb ...
#6 127.7 Unpacking libfont-ttf-perl (1.06-1.1) ...
#6 127.8 Selecting previously unselected package libsort-versions-perl.
#6 127.8 Preparing to unpack .../296-libsort-versions-perl_1.62-1_all.deb ...
#6 127.8 Unpacking libsort-versions-perl (1.62-1) ...
#6 127.9 Selecting previously unselected package libgit-wrapper-perl.
#6 127.9 Preparing to unpack .../297-libgit-wrapper-perl_0.048-1_all.deb ...
#6 127.9 Unpacking libgit-wrapper-perl (0.048-1) ...
#6 128.0 Selecting previously unselected package libhttp-tiny-multipart-perl.
#6 128.0 Preparing to unpack .../298-libhttp-tiny-multipart-perl_0.08-1.1_all.deb ...
#6 128.0 Unpacking libhttp-tiny-multipart-perl (0.08-1.1) ...
#6 128.0 Selecting previously unselected package libio-prompter-perl.
#6 128.1 Preparing to unpack .../299-libio-prompter-perl_0.004015-1_all.deb ...
#6 128.1 Unpacking libio-prompter-perl (0.004015-1) ...
#6 128.1 Selecting previously unselected package libjson-perl.
#6 128.1 Preparing to unpack .../300-libjson-perl_4.04000-1_all.deb ...
#6 128.1 Unpacking libjson-perl (4.04000-1) ...
#6 128.2 Selecting previously unselected package liblog-any-perl.
#6 128.2 Preparing to unpack .../301-liblog-any-perl_1.710-1_all.deb ...
#6 128.2 Unpacking liblog-any-perl (1.710-1) ...
#6 128.3 Selecting previously unselected package liblog-any-adapter-screen-perl.
#6 128.3 Preparing to unpack .../302-liblog-any-adapter-screen-perl_0.140-2_all.deb ...
#6 128.3 Unpacking liblog-any-adapter-screen-perl (0.140-2) ...
#6 128.4 Selecting previously unselected package libpackage-stash-perl.
#6 128.4 Preparing to unpack .../303-libpackage-stash-perl_0.39-1_all.deb ...
#6 128.4 Unpacking libpackage-stash-perl (0.39-1) ...
#6 128.5 Selecting previously unselected package libsub-identify-perl.
#6 128.5 Preparing to unpack .../304-libsub-identify-perl_0.14-1build5_amd64.deb ...
#6 128.5 Unpacking libsub-identify-perl (0.14-1build5) ...
#6 128.5 Selecting previously unselected package libsub-name-perl.
#6 128.5 Preparing to unpack .../305-libsub-name-perl_0.26-1build3_amd64.deb ...
#6 128.5 Unpacking libsub-name-perl (0.26-1build3) ...
#6 128.6 Selecting previously unselected package libnamespace-clean-perl.
#6 128.6 Preparing to unpack .../306-libnamespace-clean-perl_0.27-1_all.deb ...
#6 128.6 Unpacking libnamespace-clean-perl (0.27-1) ...
#6 128.7 Selecting previously unselected package libpath-tiny-perl.
#6 128.7 Preparing to unpack .../307-libpath-tiny-perl_0.122-1_all.deb ...
#6 128.7 Unpacking libpath-tiny-perl (0.122-1) ...
#6 128.8 Selecting previously unselected package libstrictures-perl.
#6 128.8 Preparing to unpack .../308-libstrictures-perl_2.000006-1_all.deb ...
#6 128.8 Unpacking libstrictures-perl (2.000006-1) ...
#6 128.9 Selecting previously unselected package libtype-tiny-perl.
#6 128.9 Preparing to unpack .../309-libtype-tiny-perl_1.012004-1_all.deb ...
#6 128.9 Unpacking libtype-tiny-perl (1.012004-1) ...
#6 129.0 Selecting previously unselected package libgitlab-api-v4-perl.
#6 129.0 Preparing to unpack .../310-libgitlab-api-v4-perl_0.26-1_all.deb ...
#6 129.0 Unpacking libgitlab-api-v4-perl (0.26-1) ...
#6 129.0 Selecting previously unselected package libglib2.0-bin.
#6 129.0 Preparing to unpack .../311-libglib2.0-bin_2.72.4-0ubuntu2.9_amd64.deb ...
#6 129.0 Unpacking libglib2.0-bin (2.72.4-0ubuntu2.9) ...
#6 129.1 Selecting previously unselected package libgstreamer1.0-0:amd64.
#6 129.1 Preparing to unpack .../312-libgstreamer1.0-0_1.20.3-0ubuntu1.1_amd64.deb ...
#6 129.1 Unpacking libgstreamer1.0-0:amd64 (1.20.3-0ubuntu1.1) ...
#6 129.2 Selecting previously unselected package libhash-fieldhash-perl.
#6 129.2 Preparing to unpack .../313-libhash-fieldhash-perl_0.15-1build5_amd64.deb ...
#6 129.2 Unpacking libhash-fieldhash-perl (0.15-1build5) ...
#6 129.3 Selecting previously unselected package libhtml-form-perl.
#6 129.3 Preparing to unpack .../314-libhtml-form-perl_6.07-1_all.deb ...
#6 129.3 Unpacking libhtml-form-perl (6.07-1) ...
#6 129.4 Selecting previously unselected package libhtml-format-perl.
#6 129.4 Preparing to unpack .../315-libhtml-format-perl_2.12-1.1_all.deb ...
#6 129.4 Unpacking libhtml-format-perl (2.12-1.1) ...
#6 129.5 Selecting previously unselected package libhtml-html5-entities-perl.
#6 129.5 Preparing to unpack .../316-libhtml-html5-entities-perl_0.004-1.1_all.deb ...
#6 129.5 Unpacking libhtml-html5-entities-perl (0.004-1.1) ...
#6 129.6 Selecting previously unselected package libhttp-daemon-perl.
#6 129.6 Preparing to unpack .../317-libhttp-daemon-perl_6.13-1ubuntu0.1_all.deb ...
#6 129.6 Unpacking libhttp-daemon-perl (6.13-1ubuntu0.1) ...
#6 129.7 Selecting previously unselected package libio-interactive-perl.
#6 129.7 Preparing to unpack .../318-libio-interactive-perl_1.023-1_all.deb ...
#6 129.7 Unpacking libio-interactive-perl (1.023-1) ...
#6 129.7 Selecting previously unselected package libio-prompt-tiny-perl.
#6 129.7 Preparing to unpack .../319-libio-prompt-tiny-perl_0.003-1_all.deb ...
#6 129.7 Unpacking libio-prompt-tiny-perl (0.003-1) ...
#6 129.8 Selecting previously unselected package libtypes-serialiser-perl.
#6 129.8 Preparing to unpack .../320-libtypes-serialiser-perl_1.01-1_all.deb ...
#6 129.8 Unpacking libtypes-serialiser-perl (1.01-1) ...
#6 129.9 Selecting previously unselected package libjson-xs-perl.
#6 129.9 Preparing to unpack .../321-libjson-xs-perl_4.040-0ubuntu0.22.04.1_amd64.deb ...
#6 129.9 Unpacking libjson-xs-perl (4.040-0ubuntu0.22.04.1) ...
#6 130.0 Selecting previously unselected package libjson-maybexs-perl.
#6 130.0 Preparing to unpack .../322-libjson-maybexs-perl_1.004003-1_all.deb ...
#6 130.0 Unpacking libjson-maybexs-perl (1.004003-1) ...
#6 130.1 Selecting previously unselected package libldap-common.
#6 130.1 Preparing to unpack .../323-libldap-common_2.5.20+dfsg-0ubuntu0.22.04.1_all.deb ...
#6 130.1 Unpacking libldap-common (2.5.20+dfsg-0ubuntu0.22.04.1) ...
#6 130.3 Selecting previously unselected package liblist-compare-perl.
#6 130.3 Preparing to unpack .../324-liblist-compare-perl_0.55-1_all.deb ...
#6 130.3 Unpacking liblist-compare-perl (0.55-1) ...
#6 130.4 Selecting previously unselected package liblist-someutils-perl.
#6 130.4 Preparing to unpack .../325-liblist-someutils-perl_0.58-1_all.deb ...
#6 130.4 Unpacking liblist-someutils-perl (0.58-1) ...
#6 130.5 Selecting previously unselected package liblist-someutils-xs-perl.
#6 130.5 Preparing to unpack .../326-liblist-someutils-xs-perl_0.58-2build3_amd64.deb ...
#6 130.5 Unpacking liblist-someutils-xs-perl (0.58-2build3) ...
#6 130.6 Selecting previously unselected package liblist-utilsby-perl.
#6 130.6 Preparing to unpack .../327-liblist-utilsby-perl_0.11-1_all.deb ...
#6 130.6 Unpacking liblist-utilsby-perl (0.11-1) ...
#6 130.8 Selecting previously unselected package liblzo2-2:amd64.
#6 130.8 Preparing to unpack .../328-liblzo2-2_2.10-2build3_amd64.deb ...
#6 130.8 Unpacking liblzo2-2:amd64 (2.10-2build3) ...
#6 130.9 Selecting previously unselected package libnet-smtp-ssl-perl.
#6 130.9 Preparing to unpack .../329-libnet-smtp-ssl-perl_1.04-1_all.deb ...
#6 130.9 Unpacking libnet-smtp-ssl-perl (1.04-1) ...
#6 131.0 Selecting previously unselected package libmailtools-perl.
#6 131.0 Preparing to unpack .../330-libmailtools-perl_2.21-1_all.deb ...
#6 131.0 Unpacking libmailtools-perl (2.21-1) ...
#6 131.2 Selecting previously unselected package libmarkdown2:amd64.
#6 131.2 Preparing to unpack .../331-libmarkdown2_2.2.7-2_amd64.deb ...
#6 131.2 Unpacking libmarkdown2:amd64 (2.2.7-2) ...
#6 131.3 Selecting previously unselected package libmath-base85-perl.
#6 131.3 Preparing to unpack .../332-libmath-base85-perl_0.5+dfsg-1_all.deb ...
#6 131.3 Unpacking libmath-base85-perl (0.5+dfsg-1) ...
#6 131.4 Selecting previously unselected package libmoox-aliases-perl.
#6 131.4 Preparing to unpack .../333-libmoox-aliases-perl_0.001006-1.1_all.deb ...
#6 131.4 Unpacking libmoox-aliases-perl (0.001006-1.1) ...
#6 131.4 Selecting previously unselected package libnamespace-autoclean-perl.
#6 131.4 Preparing to unpack .../334-libnamespace-autoclean-perl_0.29-1_all.deb ...
#6 131.4 Unpacking libnamespace-autoclean-perl (0.29-1) ...
#6 131.5 Selecting previously unselected package libobject-id-perl.
#6 131.5 Preparing to unpack .../335-libobject-id-perl_0.1.2-2.1ubuntu1_all.deb ...
#6 131.5 Unpacking libobject-id-perl (0.1.2-2.1ubuntu1) ...
#6 131.6 Selecting previously unselected package libmoox-struct-perl.
#6 131.6 Preparing to unpack .../336-libmoox-struct-perl_0.020-1_all.deb ...
#6 131.6 Unpacking libmoox-struct-perl (0.020-1) ...
#6 131.7 Selecting previously unselected package libmouse-perl.
#6 131.7 Preparing to unpack .../337-libmouse-perl_2.5.10-1build4_amd64.deb ...
#6 131.7 Unpacking libmouse-perl (2.5.10-1build4) ...
#6 131.8 Selecting previously unselected package libpackage-stash-xs-perl.
#6 131.8 Preparing to unpack .../338-libpackage-stash-xs-perl_0.29-1build5_amd64.deb ...
#6 131.8 Unpacking libpackage-stash-xs-perl (0.29-1build5) ...
#6 131.9 Selecting previously unselected package libpath-iterator-rule-perl.
#6 131.9 Preparing to unpack .../339-libpath-iterator-rule-perl_1.015-1_all.deb ...
#6 131.9 Unpacking libpath-iterator-rule-perl (1.015-1) ...
#6 132.0 Selecting previously unselected package libperlio-gzip-perl.
#6 132.0 Preparing to unpack .../340-libperlio-gzip-perl_0.19-1build8_amd64.deb ...
#6 132.0 Unpacking libperlio-gzip-perl (0.19-1build8) ...
#6 132.1 Selecting previously unselected package libperlio-utf8-strict-perl.
#6 132.1 Preparing to unpack .../341-libperlio-utf8-strict-perl_0.009-1build1_amd64.deb ...
#6 132.1 Unpacking libperlio-utf8-strict-perl (0.009-1build1) ...
#6 132.2 Selecting previously unselected package libpod-parser-perl.
#6 132.2 Preparing to unpack .../342-libpod-parser-perl_1.63-2_all.deb ...
#6 132.2 Adding 'diversion of /usr/bin/podselect to /usr/bin/podselect.bundled by libpod-parser-perl'
#6 132.2 Adding 'diversion of /usr/share/man/man1/podselect.1.gz to /usr/share/man/man1/podselect.bundled.1.gz by libpod-parser-perl'
#6 132.2 Unpacking libpod-parser-perl (1.63-2) ...
#6 132.3 Selecting previously unselected package libpod-constants-perl.
#6 132.3 Preparing to unpack .../343-libpod-constants-perl_0.19-2_all.deb ...
#6 132.3 Unpacking libpod-constants-perl (0.19-2) ...
#6 132.4 Selecting previously unselected package libpolkit-gobject-1-0:amd64.
#6 132.4 Preparing to unpack .../344-libpolkit-gobject-1-0_0.105-33_amd64.deb ...
#6 132.4 Unpacking libpolkit-gobject-1-0:amd64 (0.105-33) ...
#6 132.5 Selecting previously unselected package libpolkit-agent-1-0:amd64.
#6 132.5 Preparing to unpack .../345-libpolkit-agent-1-0_0.105-33_amd64.deb ...
#6 132.5 Unpacking libpolkit-agent-1-0:amd64 (0.105-33) ...
#6 132.6 Selecting previously unselected package libproc-processtable-perl:amd64.
#6 132.6 Preparing to unpack .../346-libproc-processtable-perl_0.634-1build1_amd64.deb ...
#6 132.6 Unpacking libproc-processtable-perl:amd64 (0.634-1build1) ...
#6 132.7 Selecting previously unselected package libre2-9:amd64.
#6 132.7 Preparing to unpack .../347-libre2-9_20220201+dfsg-1_amd64.deb ...
#6 132.7 Unpacking libre2-9:amd64 (20220201+dfsg-1) ...
#6 132.8 Selecting previously unselected package libre-engine-re2-perl:amd64.
#6 132.8 Preparing to unpack .../348-libre-engine-re2-perl_0.14-1build2_amd64.deb ...
#6 132.8 Unpacking libre-engine-re2-perl:amd64 (0.14-1build2) ...
#6 132.9 Selecting previously unselected package libreadonly-perl.
#6 132.9 Preparing to unpack .../349-libreadonly-perl_2.050-3_all.deb ...
#6 132.9 Unpacking libreadonly-perl (2.050-3) ...
#6 133.0 Selecting previously unselected package libref-util-perl.
#6 133.0 Preparing to unpack .../350-libref-util-perl_0.204-1_all.deb ...
#6 133.0 Unpacking libref-util-perl (0.204-1) ...
#6 133.1 Selecting previously unselected package libref-util-xs-perl.
#6 133.1 Preparing to unpack .../351-libref-util-xs-perl_0.117-1build5_amd64.deb ...
#6 133.1 Unpacking libref-util-xs-perl (0.117-1build5) ...
#6 133.2 Selecting previously unselected package libregexp-pattern-license-perl.
#6 133.2 Preparing to unpack .../352-libregexp-pattern-license-perl_3.9.3-1_all.deb ...
#6 133.2 Unpacking libregexp-pattern-license-perl (3.9.3-1) ...
#6 133.3 Selecting previously unselected package libregexp-pattern-perl.
#6 133.3 Preparing to unpack .../353-libregexp-pattern-perl_0.2.14-1_all.deb ...
#6 133.3 Unpacking libregexp-pattern-perl (0.2.14-1) ...
#6 133.4 Selecting previously unselected package libsasl2-modules:amd64.
#6 133.4 Preparing to unpack .../354-libsasl2-modules_2.1.27+dfsg2-3ubuntu1.2_amd64.deb ...
#6 133.4 Unpacking libsasl2-modules:amd64 (2.1.27+dfsg2-3ubuntu1.2) ...
#6 133.4 Selecting previously unselected package libsereal-decoder-perl.
#6 133.4 Preparing to unpack .../355-libsereal-decoder-perl_4.023+ds-1_amd64.deb ...
#6 133.4 Unpacking libsereal-decoder-perl (4.023+ds-1) ...
#6 133.5 Selecting previously unselected package libsereal-encoder-perl:amd64.
#6 133.5 Preparing to unpack .../356-libsereal-encoder-perl_4.023+ds-1_amd64.deb ...
#6 133.5 Unpacking libsereal-encoder-perl:amd64 (4.023+ds-1) ...
#6 133.6 Selecting previously unselected package libset-intspan-perl.
#6 133.6 Preparing to unpack .../357-libset-intspan-perl_1.19-2_all.deb ...
#6 133.6 Unpacking libset-intspan-perl (1.19-2) ...
#6 133.7 Selecting previously unselected package libsocket6-perl.
#6 133.7 Preparing to unpack .../358-libsocket6-perl_0.29-1build4_amd64.deb ...
#6 133.7 Unpacking libsocket6-perl (0.29-1build4) ...
#6 133.8 Selecting previously unselected package libstring-copyright-perl.
#6 133.8 Preparing to unpack .../359-libstring-copyright-perl_0.003012-1_all.deb ...
#6 133.8 Unpacking libstring-copyright-perl (0.003012-1) ...
#6 133.9 Selecting previously unselected package libstring-escape-perl.
#6 133.9 Preparing to unpack .../360-libstring-escape-perl_2010.002-2_all.deb ...
#6 133.9 Unpacking libstring-escape-perl (2010.002-2) ...
#6 134.0 Selecting previously unselected package libstring-shellquote-perl.
#6 134.0 Preparing to unpack .../361-libstring-shellquote-perl_1.04-1_all.deb ...
#6 134.0 Unpacking libstring-shellquote-perl (1.04-1) ...
#6 134.1 Selecting previously unselected package libxs-parse-keyword-perl.
#6 134.1 Preparing to unpack .../362-libxs-parse-keyword-perl_0.21-1build1_amd64.deb ...
#6 134.1 Unpacking libxs-parse-keyword-perl (0.21-1build1) ...
#6 134.2 Selecting previously unselected package libsyntax-keyword-try-perl.
#6 134.2 Preparing to unpack .../363-libsyntax-keyword-try-perl_0.26-1build1_amd64.deb ...
#6 134.2 Unpacking libsyntax-keyword-try-perl (0.26-1build1) ...
#6 134.3 Selecting previously unselected package libsys-cpuaffinity-perl:amd64.
#6 134.3 Preparing to unpack .../364-libsys-cpuaffinity-perl_1.13~03-1build1_amd64.deb ...
#6 134.3 Unpacking libsys-cpuaffinity-perl:amd64 (1.13~03-1build1) ...
#6 134.4 Selecting previously unselected package libterm-readkey-perl.
#6 134.4 Preparing to unpack .../365-libterm-readkey-perl_2.38-1build4_amd64.deb ...
#6 134.4 Unpacking libterm-readkey-perl (2.38-1build4) ...
#6 134.5 Selecting previously unselected package libtext-levenshteinxs-perl.
#6 134.5 Preparing to unpack .../366-libtext-levenshteinxs-perl_0.03-4build10_amd64.deb ...
#6 134.5 Unpacking libtext-levenshteinxs-perl (0.03-4build10) ...
#6 134.6 Selecting previously unselected package libtext-markdown-discount-perl:amd64.
#6 134.6 Preparing to unpack .../367-libtext-markdown-discount-perl_0.13-1build1_amd64.deb ...
#6 134.6 Unpacking libtext-markdown-discount-perl:amd64 (0.13-1build1) ...
#6 134.6 Selecting previously unselected package libtext-xslate-perl:amd64.
#6 134.6 Preparing to unpack .../368-libtext-xslate-perl_3.5.9-1build1_amd64.deb ...
#6 134.6 Unpacking libtext-xslate-perl:amd64 (3.5.9-1build1) ...
#6 134.7 Selecting previously unselected package libtime-duration-perl.
#6 134.7 Preparing to unpack .../369-libtime-duration-perl_1.21-1_all.deb ...
#6 134.7 Unpacking libtime-duration-perl (1.21-1) ...
#6 134.8 Selecting previously unselected package libtime-moment-perl.
#6 134.8 Preparing to unpack .../370-libtime-moment-perl_0.44-1build6_amd64.deb ...
#6 134.8 Unpacking libtime-moment-perl (0.44-1build6) ...
#6 134.9 Selecting previously unselected package libtype-tiny-xs-perl.
#6 134.9 Preparing to unpack .../371-libtype-tiny-xs-perl_0.022-1build2_amd64.deb ...
#6 134.9 Unpacking libtype-tiny-xs-perl (0.022-1build2) ...
#6 135.0 Selecting previously unselected package libunicode-utf8-perl.
#6 135.0 Preparing to unpack .../372-libunicode-utf8-perl_0.62-1build4_amd64.deb ...
#6 135.0 Unpacking libunicode-utf8-perl (0.62-1build4) ...
#6 135.1 Selecting previously unselected package libxdelta2:amd64.
#6 135.1 Preparing to unpack .../373-libxdelta2_1.1.3-10.4_amd64.deb ...
#6 135.1 Unpacking libxdelta2:amd64 (1.1.3-10.4) ...
#6 135.2 Selecting previously unselected package libxml-namespacesupport-perl.
#6 135.2 Preparing to unpack .../374-libxml-namespacesupport-perl_1.12-1.1_all.deb ...
#6 135.2 Unpacking libxml-namespacesupport-perl (1.12-1.1) ...
#6 135.3 Selecting previously unselected package libxml-sax-base-perl.
#6 135.3 Preparing to unpack .../375-libxml-sax-base-perl_1.09-1.1_all.deb ...
#6 135.3 Unpacking libxml-sax-base-perl (1.09-1.1) ...
#6 135.4 Selecting previously unselected package libxml-sax-perl.
#6 135.4 Preparing to unpack .../376-libxml-sax-perl_1.02+dfsg-3_all.deb ...
#6 135.4 Unpacking libxml-sax-perl (1.02+dfsg-3) ...
#6 135.5 Selecting previously unselected package libxml-libxml-perl.
#6 135.5 Preparing to unpack .../377-libxml-libxml-perl_2.0207+dfsg+really+2.0134-1_amd64.deb ...
#6 135.5 Unpacking libxml-libxml-perl (2.0207+dfsg+really+2.0134-1) ...
#6 135.6 Selecting previously unselected package libxml-parser-perl:amd64.
#6 135.6 Preparing to unpack .../378-libxml-parser-perl_2.46-3build1_amd64.deb ...
#6 135.6 Unpacking libxml-parser-perl:amd64 (2.46-3build1) ...
#6 135.7 Selecting previously unselected package libxml-sax-expat-perl.
#6 135.7 Preparing to unpack .../379-libxml-sax-expat-perl_0.51-1_all.deb ...
#6 135.7 Unpacking libxml-sax-expat-perl (0.51-1) ...
#6 135.8 Selecting previously unselected package libyaml-libyaml-perl.
#6 135.8 Preparing to unpack .../380-libyaml-libyaml-perl_0.83+ds-1ubuntu0.22.04.1_amd64.deb ...
#6 135.8 Unpacking libyaml-libyaml-perl (0.83+ds-1ubuntu0.22.04.1) ...
#6 135.9 Selecting previously unselected package licensecheck.
#6 135.9 Preparing to unpack .../381-licensecheck_3.2.14-2_all.deb ...
#6 135.9 Unpacking licensecheck (3.2.14-2) ...
#6 136.0 Selecting previously unselected package libdevel-size-perl.
#6 136.0 Preparing to unpack .../382-libdevel-size-perl_0.83-1build4_amd64.deb ...
#6 136.0 Unpacking libdevel-size-perl (0.83-1build4) ...
#6 136.0 Selecting previously unselected package libipc-run3-perl.
#6 136.0 Preparing to unpack .../383-libipc-run3-perl_0.048-2_all.deb ...
#6 136.0 Unpacking libipc-run3-perl (0.048-2) ...
#6 136.1 Selecting previously unselected package lzip.
#6 136.1 Preparing to unpack .../384-lzip_1.23-1_amd64.deb ...
#6 136.1 Unpacking lzip (1.23-1) ...
#6 136.2 Selecting previously unselected package lzop.
#6 136.2 Preparing to unpack .../385-lzop_1.04-2build2_amd64.deb ...
#6 136.2 Unpacking lzop (1.04-2build2) ...
#6 136.3 Selecting previously unselected package t1utils.
#6 136.3 Preparing to unpack .../386-t1utils_1.41-4build2_amd64.deb ...
#6 136.3 Unpacking t1utils (1.41-4build2) ...
#6 136.4 Selecting previously unselected package unzip.
#6 136.4 Preparing to unpack .../387-unzip_6.0-26ubuntu3.2_amd64.deb ...
#6 136.4 Unpacking unzip (6.0-26ubuntu3.2) ...
#6 136.5 Selecting previously unselected package lintian.
#6 136.5 Preparing to unpack .../388-lintian_2.114.0ubuntu1.7_all.deb ...
#6 136.5 Unpacking lintian (2.114.0ubuntu1.7) ...
#6 136.7 Selecting previously unselected package manpages-dev.
#6 136.7 Preparing to unpack .../389-manpages-dev_5.10-1ubuntu1_all.deb ...
#6 136.8 Unpacking manpages-dev (5.10-1ubuntu1) ...
#6 137.0 Selecting previously unselected package net-tools.
#6 137.0 Preparing to unpack .../390-net-tools_1.60+git20181103.0eebece-1ubuntu5.4_amd64.deb ...
#6 137.0 Unpacking net-tools (1.60+git20181103.0eebece-1ubuntu5.4) ...
#6 137.1 Selecting previously unselected package polkitd.
#6 137.1 Preparing to unpack .../391-polkitd_0.105-33_amd64.deb ...
#6 137.1 Unpacking polkitd (0.105-33) ...
#6 137.1 Selecting previously unselected package pkexec.
#6 137.1 Preparing to unpack .../392-pkexec_0.105-33_amd64.deb ...
#6 137.1 Unpacking pkexec (0.105-33) ...
#6 137.2 Selecting previously unselected package policykit-1.
#6 137.2 Preparing to unpack .../393-policykit-1_0.105-33_amd64.deb ...
#6 137.3 Unpacking policykit-1 (0.105-33) ...
#6 137.7 Selecting previously unselected package packagekit.
#6 137.7 Preparing to unpack .../394-packagekit_1.2.5-2ubuntu3_amd64.deb ...
#6 137.8 Unpacking packagekit (1.2.5-2ubuntu3) ...
#6 137.8 Selecting previously unselected package packagekit-tools.
#6 137.8 Preparing to unpack .../395-packagekit-tools_1.2.5-2ubuntu3_amd64.deb ...
#6 137.8 Unpacking packagekit-tools (1.2.5-2ubuntu3) ...
#6 137.9 Selecting previously unselected package pbzip2.
#6 137.9 Preparing to unpack .../396-pbzip2_1.1.13-1build1_amd64.deb ...
#6 137.9 Unpacking pbzip2 (1.1.13-1build1) ...
#6 138.0 Selecting previously unselected package pixz.
#6 138.0 Preparing to unpack .../397-pixz_1.0.7-1_amd64.deb ...
#6 138.0 Unpacking pixz (1.0.7-1) ...
#6 138.1 Selecting previously unselected package xdelta.
#6 138.1 Preparing to unpack .../398-xdelta_1.1.3-10.4_amd64.deb ...
#6 138.1 Unpacking xdelta (1.1.3-10.4) ...
#6 138.2 Selecting previously unselected package xdelta3.
#6 138.2 Preparing to unpack .../399-xdelta3_3.0.11-dfsg-1.2_amd64.deb ...
#6 138.2 Unpacking xdelta3 (3.0.11-dfsg-1.2) ...
#6 138.3 Selecting previously unselected package pristine-tar.
#6 138.3 Preparing to unpack .../400-pristine-tar_1.49_amd64.deb ...
#6 138.3 Unpacking pristine-tar (1.49) ...
#6 138.3 Selecting previously unselected package python3-blinker.
#6 138.3 Preparing to unpack .../401-python3-blinker_1.4+dfsg1-0.4_all.deb ...
#6 138.3 Unpacking python3-blinker (1.4+dfsg1-0.4) ...
#6 138.4 Selecting previously unselected package python3-certifi.
#6 138.4 Preparing to unpack .../402-python3-certifi_2020.6.20-1_all.deb ...
#6 138.4 Unpacking python3-certifi (2020.6.20-1) ...
#6 138.5 Selecting previously unselected package python3-cffi-backend:amd64.
#6 138.5 Preparing to unpack .../403-python3-cffi-backend_1.15.0-1build2_amd64.deb ...
#6 138.5 Unpacking python3-cffi-backend:amd64 (1.15.0-1build2) ...
#6 138.6 Selecting previously unselected package python3-cryptography.
#6 138.6 Preparing to unpack .../404-python3-cryptography_3.4.8-1ubuntu2.2_amd64.deb ...
#6 138.6 Unpacking python3-cryptography (3.4.8-1ubuntu2.2) ...
#6 138.7 Selecting previously unselected package python3-pyparsing.
#6 138.7 Preparing to unpack .../405-python3-pyparsing_2.4.7-1_all.deb ...
#6 138.7 Unpacking python3-pyparsing (2.4.7-1) ...
#6 138.8 Selecting previously unselected package python3-httplib2.
#6 138.8 Preparing to unpack .../406-python3-httplib2_0.20.2-2_all.deb ...
#6 138.8 Unpacking python3-httplib2 (0.20.2-2) ...
#6 138.9 Selecting previously unselected package python3-idna.
#6 138.9 Preparing to unpack .../407-python3-idna_3.3-1ubuntu0.1_all.deb ...
#6 138.9 Unpacking python3-idna (3.3-1ubuntu0.1) ...
#6 138.9 Selecting previously unselected package python3-more-itertools.
#6 138.9 Preparing to unpack .../408-python3-more-itertools_8.10.0-2_all.deb ...
#6 138.9 Unpacking python3-more-itertools (8.10.0-2) ...
#6 139.0 Selecting previously unselected package python3-zipp.
#6 139.0 Preparing to unpack .../409-python3-zipp_1.0.0-3ubuntu0.1_all.deb ...
#6 139.0 Unpacking python3-zipp (1.0.0-3ubuntu0.1) ...
#6 139.1 Selecting previously unselected package python3-importlib-metadata.
#6 139.1 Preparing to unpack .../410-python3-importlib-metadata_4.6.4-1_all.deb ...
#6 139.1 Unpacking python3-importlib-metadata (4.6.4-1) ...
#6 139.2 Selecting previously unselected package python3-jeepney.
#6 139.2 Preparing to unpack .../411-python3-jeepney_0.7.1-3_all.deb ...
#6 139.2 Unpacking python3-jeepney (0.7.1-3) ...
#6 139.3 Selecting previously unselected package python3-jwt.
#6 139.3 Preparing to unpack .../412-python3-jwt_2.3.0-1ubuntu0.2_all.deb ...
#6 139.3 Unpacking python3-jwt (2.3.0-1ubuntu0.2) ...
#6 139.4 Selecting previously unselected package python3-secretstorage.
#6 139.4 Preparing to unpack .../413-python3-secretstorage_3.3.1-1_all.deb ...
#6 139.4 Unpacking python3-secretstorage (3.3.1-1) ...
#6 139.4 Selecting previously unselected package python3-keyring.
#6 139.4 Preparing to unpack .../414-python3-keyring_23.5.0-1_all.deb ...
#6 139.4 Unpacking python3-keyring (23.5.0-1) ...
#6 139.5 Selecting previously unselected package python3-lazr.uri.
#6 139.5 Preparing to unpack .../415-python3-lazr.uri_1.0.6-2_all.deb ...
#6 139.5 Unpacking python3-lazr.uri (1.0.6-2) ...
#6 139.6 Selecting previously unselected package python3-wadllib.
#6 139.6 Preparing to unpack .../416-python3-wadllib_1.3.6-1_all.deb ...
#6 139.6 Unpacking python3-wadllib (1.3.6-1) ...
#6 139.7 Selecting previously unselected package python3-distro.
#6 139.7 Preparing to unpack .../417-python3-distro_1.7.0-1_all.deb ...
#6 139.7 Unpacking python3-distro (1.7.0-1) ...
#6 139.8 Selecting previously unselected package python3-oauthlib.
#6 139.8 Preparing to unpack .../418-python3-oauthlib_3.2.0-1ubuntu0.1_all.deb ...
#6 139.8 Unpacking python3-oauthlib (3.2.0-1ubuntu0.1) ...
#6 139.9 Selecting previously unselected package python3-lazr.restfulclient.
#6 139.9 Preparing to unpack .../419-python3-lazr.restfulclient_0.14.4-1_all.deb ...
#6 139.9 Unpacking python3-lazr.restfulclient (0.14.4-1) ...
#6 139.9 Selecting previously unselected package python3-launchpadlib.
#6 139.9 Preparing to unpack .../420-python3-launchpadlib_1.10.16-1_all.deb ...
#6 139.9 Unpacking python3-launchpadlib (1.10.16-1) ...
#6 140.1 Selecting previously unselected package python3-urllib3.
#6 140.1 Preparing to unpack .../421-python3-urllib3_1.26.5-1~exp1ubuntu0.6_all.deb ...
#6 140.1 Unpacking python3-urllib3 (1.26.5-1~exp1ubuntu0.6) ...
#6 140.1 Selecting previously unselected package python3-requests.
#6 140.1 Preparing to unpack .../422-python3-requests_2.25.1+dfsg-2ubuntu0.3_all.deb ...
#6 140.1 Unpacking python3-requests (2.25.1+dfsg-2ubuntu0.3) ...
#6 140.2 Selecting previously unselected package python3-software-properties.
#6 140.2 Preparing to unpack .../423-python3-software-properties_0.99.22.9_all.deb ...
#6 140.2 Unpacking python3-software-properties (0.99.22.9) ...
#6 140.3 Selecting previously unselected package python3-unidiff.
#6 140.3 Preparing to unpack .../424-python3-unidiff_0.5.5-2_all.deb ...
#6 140.3 Unpacking python3-unidiff (0.5.5-2) ...
#6 140.4 Selecting previously unselected package python3-xdg.
#6 140.4 Preparing to unpack .../425-python3-xdg_0.27-2_all.deb ...
#6 140.4 Unpacking python3-xdg (0.27-2) ...
#6 140.5 Selecting previously unselected package software-properties-common.
#6 140.5 Preparing to unpack .../426-software-properties-common_0.99.22.9_all.deb ...
#6 140.5 Unpacking software-properties-common (0.99.22.9) ...
#6 140.6 Selecting previously unselected package unattended-upgrades.
#6 140.6 Preparing to unpack .../427-unattended-upgrades_2.8ubuntu1_all.deb ...
#6 140.6 Unpacking unattended-upgrades (2.8ubuntu1) ...
#6 140.7 Selecting previously unselected package libauthen-sasl-perl.
#6 140.7 Preparing to unpack .../428-libauthen-sasl-perl_2.1600-1.1_all.deb ...
#6 140.7 Unpacking libauthen-sasl-perl (2.1600-1.1) ...
#6 140.7 Selecting previously unselected package linux-libc-dev-arm64-cross.
#6 140.7 Preparing to unpack .../429-linux-libc-dev-arm64-cross_5.15.0-22.22cross3_all.deb ...
#6 140.7 Unpacking linux-libc-dev-arm64-cross (5.15.0-22.22cross3) ...
#6 140.9 Selecting previously unselected package libc6-dev-arm64-cross.
#6 140.9 Preparing to unpack .../430-libc6-dev-arm64-cross_2.35-0ubuntu1cross3_all.deb ...
#6 140.9 Unpacking libc6-dev-arm64-cross (2.35-0ubuntu1cross3) ...
#6 141.0 Selecting previously unselected package python3-magic.
#6 141.0 Preparing to unpack .../431-python3-magic_2%3a0.4.24-2_all.deb ...
#6 141.0 Unpacking python3-magic (2:0.4.24-2) ...
#6 141.1 Setting up libksba8:amd64 (1.6.0-2ubuntu0.2) ...
#6 141.1 Setting up media-types (7.0.0) ...
#6 141.1 Setting up libpipeline1:amd64 (1.5.5-1) ...
#6 141.1 Setting up gcc-11-aarch64-linux-gnu-base:amd64 (11.4.0-1ubuntu1~22.04cross1) ...
#6 141.1 Setting up wdiff (1.2.2-2build3) ...
#6 141.1 Setting up gcc-11-base:amd64 (11.4.0-1ubuntu1~22.04.3) ...
#6 141.1 Setting up systemd-sysv (249.11-0ubuntu3.17) ...
#6 141.1 Setting up libxau6:amd64 (1:1.0.9-1build5) ...
#6 141.1 Setting up net-tools (1.60+git20181103.0eebece-1ubuntu5.4) ...
#6 141.1 Setting up libre2-9:amd64 (20220201+dfsg-1) ...
#6 141.1 Setting up lto-disabled-list (24) ...
#6 141.1 Setting up libpsl5:amd64 (0.21.0-1.2build2) ...
#6 141.1 Setting up gcc-12-cross-base (12.3.0-1ubuntu1~22.04cross1) ...
#6 141.1 Setting up bsdextrautils (2.37.2-4ubuntu3.4) ...
#6 141.1 update-alternatives: using /usr/bin/write.ul to provide /usr/bin/write (write) in auto mode
#6 141.1 update-alternatives: warning: skip creation of /usr/share/man/man1/write.1.gz because associated file /usr/share/man/man1/write.ul.1.gz (of link group write) doesn't exist
#6 141.2 Setting up wget (1.21.2-2ubuntu1.1) ...
#6 141.2 Setting up libtext-glob-perl (0.11-2) ...
#6 141.2 Setting up xdg-user-dirs (0.17-2ubuntu4) ...
#6 141.2 Setting up libmagic-mgc (1:5.41-3ubuntu0.1) ...
#6 141.2 Setting up libyaml-0-2:amd64 (0.2.2-1build2) ...
#6 141.2 Setting up libglib2.0-0:amd64 (2.72.4-0ubuntu2.9) ...
#6 141.3 No schema files found: doing nothing.
#6 141.3 Setting up distro-info-data (0.52ubuntu0.11) ...
#6 141.3 Setting up manpages (5.10-1ubuntu1) ...
#6 141.3 Setting up libxmlb2:amd64 (0.3.6-2build1) ...
#6 141.3 Setting up unzip (6.0-26ubuntu3.2) ...
#6 141.3 Setting up libcbor0.8:amd64 (0.8.0-2ubuntu1) ...
#6 141.3 Setting up libbrotli1:amd64 (1.0.9-2build6) ...
#6 141.3 Setting up libsqlite3-0:amd64 (3.37.2-2ubuntu0.5) ...
#6 141.3 Setting up libsasl2-modules:amd64 (2.1.27+dfsg2-3ubuntu1.2) ...
#6 141.4 Setting up binutils-common:amd64 (2.38-4ubuntu2.12) ...
#6 141.4 Setting up libnghttp2-14:amd64 (1.43.0-1ubuntu0.2) ...
#6 141.4 Setting up libmagic1:amd64 (1:5.41-3ubuntu0.1) ...
#6 141.4 Setting up libdeflate0:amd64 (1.10-2) ...
#6 141.4 Setting up less (590-1ubuntu0.22.04.3) ...
#6 141.4 Setting up perl-openssl-defaults:amd64 (5build2) ...
#6 141.4 Setting up linux-libc-dev:amd64 (5.15.0-171.181) ...
#6 141.4 Setting up libctf-nobfd0:amd64 (2.38-4ubuntu2.12) ...
#6 141.4 Setting up gettext-base (0.21-4ubuntu4) ...
#6 141.4 Setting up libpackagekit-glib2-18:amd64 (1.2.5-2ubuntu3) ...
#6 141.4 Setting up libnss-systemd:amd64 (249.11-0ubuntu3.17) ...
#6 141.4 First installation detected...
#6 141.4 Checking NSS setup...
#6 141.5 Setting up binutils-aarch64-linux-gnu (2.38-4ubuntu2.12) ...
#6 141.5 Setting up liblzo2-2:amd64 (2.10-2build3) ...
#6 141.5 Setting up libnpth0:amd64 (1.6-3build2) ...
#6 141.5 Setting up file (1:5.41-3ubuntu0.1) ...
#6 141.5 Setting up libassuan0:amd64 (2.5.5-1build1) ...
#6 141.5 Setting up libgomp1:amd64 (12.3.0-1ubuntu1~22.04.3) ...
#6 141.5 Setting up perl-modules-5.34 (5.34.0-3ubuntu1.5) ...
#6 141.5 Setting up bzip2 (1.0.8-5build1) ...
#6 141.5 Setting up libldap-common (2.5.20+dfsg-0ubuntu0.22.04.1) ...
#6 141.5 Setting up libunwind8:amd64 (1.3.2-2build2.1) ...
#6 141.5 Setting up pbzip2 (1.1.13-1build1) ...
#6 141.5 Setting up libjbig0:amd64 (2.1-3.1ubuntu0.22.04.1) ...
#6 141.5 Setting up libfakeroot:amd64 (1.28-1ubuntu1) ...
#6 141.5 Setting up libasan6:amd64 (11.4.0-1ubuntu1~22.04.3) ...
#6 141.5 Setting up libnumber-compare-perl (0.03-2) ...
#6 141.5 Setting up libsasl2-modules-db:amd64 (2.1.27+dfsg2-3ubuntu1.2) ...
#6 141.6 Setting up tzdata (2025b-0ubuntu0.22.04.1) ...
#6 141.8 
#6 141.8 Current default time zone: 'Etc/UTC'
#6 141.8 Local time is now:      Wed Mar 11 07:21:25 UTC 2026.
#6 141.8 Universal Time is now:  Wed Mar 11 07:21:25 UTC 2026.
#6 141.8 Run 'dpkg-reconfigure tzdata' if you wish to change it.
#6 141.8 
#6 141.8 Setting up libcap2-bin (1:2.44-1ubuntu0.22.04.2) ...
#6 141.8 Setting up fakeroot (1.28-1ubuntu1) ...
#6 141.9 update-alternatives: using /usr/bin/fakeroot-sysv to provide /usr/bin/fakeroot (fakeroot) in auto mode
#6 141.9 update-alternatives: warning: skip creation of /usr/share/man/man1/fakeroot.1.gz because associated file /usr/share/man/man1/fakeroot-sysv.1.gz (of link group fakeroot) doesn't exist
#6 141.9 update-alternatives: warning: skip creation of /usr/share/man/man1/faked.1.gz because associated file /usr/share/man/man1/faked-sysv.1.gz (of link group fakeroot) doesn't exist
#6 141.9 update-alternatives: warning: skip creation of /usr/share/man/es/man1/fakeroot.1.gz because associated file /usr/share/man/es/man1/fakeroot-sysv.1.gz (of link group fakeroot) doesn't exist
#6 141.9 update-alternatives: warning: skip creation of /usr/share/man/es/man1/faked.1.gz because associated file /usr/share/man/es/man1/faked-sysv.1.gz (of link group fakeroot) doesn't exist
#6 141.9 update-alternatives: warning: skip creation of /usr/share/man/fr/man1/fakeroot.1.gz because associated file /usr/share/man/fr/man1/fakeroot-sysv.1.gz (of link group fakeroot) doesn't exist
#6 141.9 update-alternatives: warning: skip creation of /usr/share/man/fr/man1/faked.1.gz because associated file /usr/share/man/fr/man1/faked-sysv.1.gz (of link group fakeroot) doesn't exist
#6 141.9 update-alternatives: warning: skip creation of /usr/share/man/sv/man1/fakeroot.1.gz because associated file /usr/share/man/sv/man1/fakeroot-sysv.1.gz (of link group fakeroot) doesn't exist
#6 141.9 update-alternatives: warning: skip creation of /usr/share/man/sv/man1/faked.1.gz because associated file /usr/share/man/sv/man1/faked-sysv.1.gz (of link group fakeroot) doesn't exist
#6 141.9 Setting up libglib2.0-data (2.72.4-0ubuntu2.9) ...
#6 141.9 Setting up libtirpc-dev:amd64 (1.3.2-2ubuntu0.1) ...
#6 141.9 Setting up cowdancer (0.89) ...
#6 141.9 Setting up rpcsvc-proto (1.4.2-0ubuntu6) ...
#6 141.9 Setting up libx11-data (2:1.7.5-1ubuntu0.3) ...
#6 141.9 Setting up make (4.3-4.1build1) ...
#6 141.9 Setting up libmpfr6:amd64 (4.1.0-3build3) ...
#6 141.9 Setting up gnupg-l10n (2.2.27-3ubuntu2.5) ...
#6 141.9 Setting up librtmp1:amd64 (2.4+20151223.gitfa8646d.1-2build4) ...
#6 141.9 Setting up lzip (1.23-1) ...
#6 142.0 update-alternatives: using /usr/bin/lzip.lzip to provide /usr/bin/lzip (lzip) in auto mode
#6 142.0 update-alternatives: warning: skip creation of /usr/share/man/man1/lzip.1.gz because associated file /usr/share/man/man1/lzip.lzip.1.gz (of link group lzip) doesn't exist
#6 142.0 update-alternatives: using /usr/bin/lzip.lzip to provide /usr/bin/lzip-compressor (lzip-compressor) in auto mode
#6 142.0 update-alternatives: warning: skip creation of /usr/share/man/man1/lzip-compressor.1.gz because associated file /usr/share/man/man1/lzip.lzip.1.gz (of link group lzip-compressor) doesn't exist
#6 142.0 update-alternatives: using /usr/bin/lzip.lzip to provide /usr/bin/lzip-decompressor (lzip-decompressor) in auto mode
#6 142.0 update-alternatives: warning: skip creation of /usr/share/man/man1/lzip-decompressor.1.gz because associated file /usr/share/man/man1/lzip.lzip.1.gz (of link group lzip-decompressor) doesn't exist
#6 142.0 Setting up strace (5.16-0ubuntu3) ...
#6 142.0 Setting up libdbus-1-3:amd64 (1.12.20-2ubuntu4.1) ...
#6 142.0 Setting up dbus (1.12.20-2ubuntu4.1) ...
#6 142.4 Setting up xz-utils (5.2.5-2ubuntu1) ...
#6 142.5 update-alternatives: using /usr/bin/xz to provide /usr/bin/lzma (lzma) in auto mode
#6 142.5 update-alternatives: warning: skip creation of /usr/share/man/man1/lzma.1.gz because associated file /usr/share/man/man1/xz.1.gz (of link group lzma) doesn't exist
#6 142.5 update-alternatives: warning: skip creation of /usr/share/man/man1/unlzma.1.gz because associated file /usr/share/man/man1/unxz.1.gz (of link group lzma) doesn't exist
#6 142.5 update-alternatives: warning: skip creation of /usr/share/man/man1/lzcat.1.gz because associated file /usr/share/man/man1/xzcat.1.gz (of link group lzma) doesn't exist
#6 142.5 update-alternatives: warning: skip creation of /usr/share/man/man1/lzmore.1.gz because associated file /usr/share/man/man1/xzmore.1.gz (of link group lzma) doesn't exist
#6 142.5 update-alternatives: warning: skip creation of /usr/share/man/man1/lzless.1.gz because associated file /usr/share/man/man1/xzless.1.gz (of link group lzma) doesn't exist
#6 142.5 update-alternatives: warning: skip creation of /usr/share/man/man1/lzdiff.1.gz because associated file /usr/share/man/man1/xzdiff.1.gz (of link group lzma) doesn't exist
#6 142.5 update-alternatives: warning: skip creation of /usr/share/man/man1/lzcmp.1.gz because associated file /usr/share/man/man1/xzcmp.1.gz (of link group lzma) doesn't exist
#6 142.5 update-alternatives: warning: skip creation of /usr/share/man/man1/lzgrep.1.gz because associated file /usr/share/man/man1/xzgrep.1.gz (of link group lzma) doesn't exist
#6 142.5 update-alternatives: warning: skip creation of /usr/share/man/man1/lzegrep.1.gz because associated file /usr/share/man/man1/xzegrep.1.gz (of link group lzma) doesn't exist
#6 142.5 update-alternatives: warning: skip creation of /usr/share/man/man1/lzfgrep.1.gz because associated file /usr/share/man/man1/xzfgrep.1.gz (of link group lzma) doesn't exist
#6 142.5 Setting up libc6-arm64-cross (2.35-0ubuntu1cross3) ...
#6 142.5 Setting up t1utils (1.41-4build2) ...
#6 142.5 Setting up libquadmath0:amd64 (12.3.0-1ubuntu1~22.04.3) ...
#6 142.5 Setting up diffstat (1.64-1build2) ...
#6 142.5 Setting up libpng16-16:amd64 (1.6.37-3ubuntu0.4) ...
#6 142.5 Setting up libmpc3:amd64 (1.2.1-2build1) ...
#6 142.5 Setting up systemd-timesyncd (249.11-0ubuntu3.17) ...
#6 143.1 Created symlink /etc/systemd/system/dbus-org.freedesktop.timesync1.service → /lib/systemd/system/systemd-timesyncd.service.
#6 143.1 Created symlink /etc/systemd/system/sysinit.target.wants/systemd-timesyncd.service → /lib/systemd/system/systemd-timesyncd.service.
#6 143.1 Setting up libatomic1:amd64 (12.3.0-1ubuntu1~22.04.3) ...
#6 143.1 Setting up patch (2.7.6-7build2) ...
#6 143.1 Setting up sudo (1.9.9-1ubuntu2.5) ...
#6 143.3 Setting up fonts-dejavu-core (2.37-2build1) ...
#6 143.3 Setting up libitm1-arm64-cross (12.3.0-1ubuntu1~22.04cross1) ...
#6 143.3 Setting up libxdelta2:amd64 (1.1.3-10.4) ...
#6 143.3 Setting up ucf (3.0043) ...
#6 143.5 Setting up libjpeg-turbo8:amd64 (2.1.2-0ubuntu1) ...
#6 143.5 Setting up libsasl2-2:amd64 (2.1.27+dfsg2-3ubuntu1.2) ...
#6 143.5 Setting up libssh-4:amd64 (0.9.6-2ubuntu0.22.04.6) ...
#6 143.5 Setting up libwebp7:amd64 (1.2.2-2ubuntu0.22.04.2) ...
#6 143.5 Setting up linux-libc-dev-arm64-cross (5.15.0-22.22cross3) ...
#6 143.5 Setting up libubsan1:amd64 (12.3.0-1ubuntu1~22.04.3) ...
#6 143.5 Setting up gcc-11-cross-base (11.4.0-1ubuntu1~22.04cross1) ...
#6 143.6 Setting up libmd0:amd64 (1.0.4-1build1) ...
#6 143.6 Setting up python-apt-common (2.4.0ubuntu4.1) ...
#6 143.6 Setting up dmsetup (2:1.02.175-2.1ubuntu5) ...
#6 143.6 Setting up libnsl-dev:amd64 (1.3.0-2build2) ...
#6 143.6 Setting up xdelta3 (3.0.11-dfsg-1.2) ...
#6 143.6 Setting up libcrypt-dev:amd64 (1:4.4.27-1) ...
#6 143.6 Setting up libuchardet0:amd64 (0.0.7-1build2) ...
#6 143.6 Setting up lzop (1.04-2build2) ...
#6 143.6 Setting up libeatmydata1:amd64 (130-2build1) ...
#6 143.6 Setting up libmpdec3:amd64 (2.5.1-2build2) ...
#6 143.6 Setting up libpam-systemd:amd64 (249.11-0ubuntu3.17) ...
#6 144.0 Setting up git-man (1:2.34.1-1ubuntu1.17) ...
#6 144.0 Setting up libgirepository-1.0-1:amd64 (1.72.0-1) ...
#6 144.0 Setting up netbase (6.3) ...
#6 144.0 Setting up libstemmer0d:amd64 (2.2.0-1build1) ...
#6 144.0 Setting up libbinutils:amd64 (2.38-4ubuntu2.12) ...
#6 144.0 Setting up libfido2-1:amd64 (1.10.0-1) ...
#6 144.0 Setting up libisl23:amd64 (0.24-2build1) ...
#6 144.0 Setting up libc-dev-bin (2.35-0ubuntu3.13) ...
#6 144.0 Setting up openssl (3.0.2-0ubuntu1.21) ...
#6 144.0 Setting up libbsd0:amd64 (0.11.5-1) ...
#6 144.0 Setting up libelf1:amd64 (0.186-1ubuntu0.1) ...
#6 144.0 Setting up libpam-cap:amd64 (1:2.44-1ubuntu0.22.04.2) ...
#6 144.4 Setting up readline-common (8.1.2-1) ...
#6 144.4 Setting up publicsuffix (20211207.1025-1) ...
#6 144.4 Setting up zstd (1.4.8+dfsg-3build1) ...
#6 144.5 Setting up libmarkdown2:amd64 (2.2.7-2) ...
#6 144.5 Setting up libcc1-0:amd64 (12.3.0-1ubuntu1~22.04.3) ...
#6 144.5 Setting up iso-codes (4.9.0-1) ...
#6 144.5 Setting up liblocale-gettext-perl (1.07-4build3) ...
#6 144.5 Setting up libpolkit-gobject-1-0:amd64 (0.105-33) ...
#6 144.5 Setting up liblsan0:amd64 (12.3.0-1ubuntu1~22.04.3) ...
#6 144.5 Setting up dctrl-tools (2.24-3build2) ...
#6 144.5 Setting up libitm1:amd64 (12.3.0-1ubuntu1~22.04.3) ...
#6 144.5 Setting up libgdbm6:amd64 (1.23-1) ...
#6 144.5 Setting up libicu70:amd64 (70.1-2) ...
#6 144.5 Setting up libgcc-s1-arm64-cross (12.3.0-1ubuntu1~22.04cross1) ...
#6 144.5 Setting up libtsan0:amd64 (11.4.0-1ubuntu1~22.04.3) ...
#6 144.5 Setting up libctf0:amd64 (2.38-4ubuntu2.12) ...
#6 144.6 Setting up libatomic1-arm64-cross (12.3.0-1ubuntu1~22.04cross1) ...
#6 144.6 Setting up libjpeg8:amd64 (8c-2ubuntu10) ...
#6 144.6 Setting up pinentry-curses (1.1.1-1build2) ...
#6 144.6 Setting up cpp-11 (11.4.0-1ubuntu1~22.04.3) ...
#6 144.6 Setting up liblsan0-arm64-cross (12.3.0-1ubuntu1~22.04cross1) ...
#6 144.6 Setting up distro-info (1.1ubuntu0.2) ...
#6 144.6 Setting up manpages-dev (5.10-1ubuntu1) ...
#6 144.6 Setting up libdw1:amd64 (0.186-1ubuntu0.1) ...
#6 144.6 Setting up libgomp1-arm64-cross (12.3.0-1ubuntu1~22.04cross1) ...
#6 144.6 Setting up libxdmcp6:amd64 (1:1.1.3-0ubuntu5) ...
#6 144.6 Setting up debootstrap (1.0.126+nmu1ubuntu0.8) ...
#6 144.6 Setting up eatmydata (130-2build1) ...
#6 144.6 Setting up libxcb1:amd64 (1.14-3ubuntu3) ...
#6 144.6 Setting up xdelta (1.1.3-10.4) ...
#6 144.6 Setting up libasan6-arm64-cross (11.4.0-1ubuntu1~22.04cross1) ...
#6 144.6 Setting up fontconfig-config (2.13.1-4.2ubuntu5) ...
#6 144.8 Setting up libedit2:amd64 (3.1-20210910-1build1) ...
#6 144.8 Setting up libreadline8:amd64 (8.1.2-1) ...
#6 144.8 Setting up libtsan0-arm64-cross (11.4.0-1ubuntu1~22.04cross1) ...
#6 144.8 Setting up libglib2.0-bin (2.72.4-0ubuntu2.9) ...
#6 144.8 Setting up libhwasan0-arm64-cross (12.3.0-1ubuntu1~22.04cross1) ...
#6 144.8 Setting up libc6-dev-arm64-cross (2.35-0ubuntu1cross3) ...
#6 144.8 Setting up libldap-2.5-0:amd64 (2.5.20+dfsg-0ubuntu0.22.04.1) ...
#6 144.8 Setting up libstdc++6-arm64-cross (12.3.0-1ubuntu1~22.04cross1) ...
#6 144.8 Setting up libpython3.10-stdlib:amd64 (3.10.12-1~22.04.15) ...
#6 144.8 Setting up ca-certificates (20240203~22.04.1) ...
#6 149.6 Updating certificates in /etc/ssl/certs...
#6 157.3 146 added, 0 removed; done.
#6 157.4 Setting up libfreetype6:amd64 (2.11.1+dfsg-1ubuntu0.3) ...
#6 157.4 Setting up libgdbm-compat4:amd64 (1.23-1) ...
#6 157.4 Setting up gir1.2-glib-2.0:amd64 (1.72.0-1) ...
#6 157.4 Setting up cpp-11-aarch64-linux-gnu (11.4.0-1ubuntu1~22.04cross1) ...
#6 157.4 Setting up libgcc-11-dev:amd64 (11.4.0-1ubuntu1~22.04.3) ...
#6 157.4 Setting up groff-base (1.22.4-8build1) ...
#6 157.4 Setting up cpp (4:11.2.0-1ubuntu1) ...
#6 157.4 Setting up gpgconf (2.2.27-3ubuntu2.5) ...
#6 157.4 Setting up libcurl4:amd64 (7.81.0-1ubuntu1.22) ...
#6 157.4 Setting up libpolkit-agent-1-0:amd64 (0.105-33) ...
#6 157.4 Setting up libc6-dev:amd64 (2.35-0ubuntu3.13) ...
#6 157.4 Setting up libx11-6:amd64 (2:1.7.5-1ubuntu0.3) ...
#6 157.4 Setting up libtiff5:amd64 (4.3.0-6ubuntu0.12) ...
#6 157.4 Setting up curl (7.81.0-1ubuntu1.22) ...
#6 157.4 Setting up libfontconfig1:amd64 (2.13.1-4.2ubuntu5) ...
#6 157.5 Setting up libxml2:amd64 (2.9.13+dfsg-1ubuntu0.11) ...
#6 157.5 Setting up libxmuu1:amd64 (2:1.1.3-3) ...
#6 157.5 Setting up polkitd (0.105-33) ...
#6 157.6 Setting up gpg (2.2.27-3ubuntu2.5) ...
#6 157.6 Setting up libgstreamer1.0-0:amd64 (1.20.3-0ubuntu1.1) ...
#6 157.6 Setcap worked! gst-ptp-helper is not suid!
#6 157.6 Setting up libpython3-stdlib:amd64 (3.10.6-1~22.04.1) ...
#6 157.6 Setting up gnupg-utils (2.2.27-3ubuntu2.5) ...
#6 157.6 Setting up binutils-x86-64-linux-gnu (2.38-4ubuntu2.12) ...
#6 157.6 Setting up libperl5.34:amd64 (5.34.0-3ubuntu1.5) ...
#6 157.6 Setting up gettext (0.21-4ubuntu4) ...
#6 157.6 Setting up gpg-agent (2.2.27-3ubuntu2.5) ...
#6 158.0 Created symlink /etc/systemd/user/sockets.target.wants/gpg-agent-browser.socket → /usr/lib/systemd/user/gpg-agent-browser.socket.
#6 158.3 Created symlink /etc/systemd/user/sockets.target.wants/gpg-agent-extra.socket → /usr/lib/systemd/user/gpg-agent-extra.socket.
#6 158.7 Created symlink /etc/systemd/user/sockets.target.wants/gpg-agent-ssh.socket → /usr/lib/systemd/user/gpg-agent-ssh.socket.
#6 159.0 Created symlink /etc/systemd/user/sockets.target.wants/gpg-agent.socket → /usr/lib/systemd/user/gpg-agent.socket.
#6 159.0 Setting up python3.10 (3.10.12-1~22.04.15) ...
#6 159.5 Setting up libxpm4:amd64 (1:3.5.12-1ubuntu0.22.04.2) ...
#6 159.5 Setting up libubsan1-arm64-cross (12.3.0-1ubuntu1~22.04cross1) ...
#6 159.5 Setting up libarchive13:amd64 (3.6.0-1ubuntu1.5) ...
#6 159.5 Setting up openssh-client (1:8.9p1-3ubuntu0.13) ...
#6 159.8 update-alternatives: using /usr/bin/ssh to provide /usr/bin/rsh (rsh) in auto mode
#6 159.8 update-alternatives: warning: skip creation of /usr/share/man/man1/rsh.1.gz because associated file /usr/share/man/man1/ssh.1.gz (of link group rsh) doesn't exist
#6 159.8 update-alternatives: using /usr/bin/slogin to provide /usr/bin/rlogin (rlogin) in auto mode
#6 159.8 update-alternatives: warning: skip creation of /usr/share/man/man1/rlogin.1.gz because associated file /usr/share/man/man1/slogin.1.gz (of link group rlogin) doesn't exist
#6 159.8 update-alternatives: using /usr/bin/scp to provide /usr/bin/rcp (rcp) in auto mode
#6 159.8 update-alternatives: warning: skip creation of /usr/share/man/man1/rcp.1.gz because associated file /usr/share/man/man1/scp.1.gz (of link group rcp) doesn't exist
#6 159.9 Setting up gpgsm (2.2.27-3ubuntu2.5) ...
#6 159.9 Setting up libxext6:amd64 (2:1.3.4-1build1) ...
#6 159.9 Setting up pkexec (0.105-33) ...
#6 159.9 Setting up libcurl3-gnutls:amd64 (7.81.0-1ubuntu1.22) ...
#6 159.9 Setting up python3 (3.10.6-1~22.04.1) ...
#6 160.8 Setting up binutils (2.38-4ubuntu2.12) ...
#6 160.8 Setting up python3-xdg (0.27-2) ...
#6 161.2 Setting up man-db (2.10.2-1) ...
#6 161.5 Building database of manual pages ...
#6 161.9 Created symlink /etc/systemd/system/timers.target.wants/man-db.timer → /lib/systemd/system/man-db.timer.
#6 161.9 Setting up libappstream4:amd64 (0.15.2-2) ...
#6 161.9 Setting up libgpgme11:amd64 (1.16.0-1.2ubuntu4.2) ...
#6 161.9 Setting up libgcc-11-dev-arm64-cross (11.4.0-1ubuntu1~22.04cross1) ...
#6 161.9 Setting up python3-six (1.16.0-3ubuntu1) ...
#6 162.3 Setting up dirmngr (2.2.27-3ubuntu2.5) ...
#6 162.6 Created symlink /etc/systemd/user/sockets.target.wants/dirmngr.socket → /usr/lib/systemd/user/dirmngr.socket.
#6 162.8 Setting up gir1.2-packagekitglib-1.0 (1.2.5-2ubuntu3) ...
#6 162.8 Setting up perl (5.34.0-3ubuntu1.5) ...
#6 162.9 Setting up cpp-aarch64-linux-gnu (4:11.2.0-1ubuntu1) ...
#6 162.9 Setting up libpackage-stash-xs-perl (0.29-1build5) ...
#6 162.9 Setting up libclass-data-inheritable-perl (0.08-3) ...
#6 162.9 Setting up libxs-parse-keyword-perl (0.21-1build1) ...
#6 162.9 Setting up python3-pyparsing (2.4.7-1) ...
#6 163.3 Setting up python3-gpg (1.16.0-1.2ubuntu4.2) ...
#6 163.7 Setting up libdata-dump-perl (1.25-1) ...
#6 163.7 Setting up python3-certifi (2020.6.20-1) ...
#6 164.1 Setting up libfile-find-rule-perl (0.34-1ubuntu0.22.04.1) ...
#6 164.1 Setting up libref-util-perl (0.204-1) ...
#6 164.1 Setting up libipc-system-simple-perl (1.30-1) ...
#6 164.1 Setting up libnet-domain-tld-perl (1.75-1.1) ...
#6 164.1 Setting up libperlio-utf8-strict-perl (0.009-1build1) ...
#6 164.1 Setting up libsocket6-perl (0.29-1build4) ...
#6 164.1 Setting up libio-prompt-tiny-perl (0.003-1) ...
#6 164.1 Setting up libhash-fieldhash-perl (0.15-1build5) ...
#6 164.1 Setting up python3-gi (3.42.1-0ubuntu1) ...
#6 164.5 Setting up shared-mime-info (2.1-2) ...
#6 165.1 Setting up libgd3:amd64 (2.3.0-2ubuntu2.3) ...
#6 165.1 Setting up libvariable-magic-perl (0.62-1build5) ...
#6 165.1 Setting up python3-idna (3.3-1ubuntu0.1) ...
#6 165.5 Setting up libio-html-perl (1.004-2) ...
#6 165.5 Setting up libpod-parser-perl (1.63-2) ...
#6 165.5 Setting up libb-hooks-op-check-perl (0.22-1build5) ...
#6 165.5 Setting up liblist-moreutils-xs-perl (0.430-2build2) ...
#6 165.5 Setting up libparams-util-perl (1.102-1build3) ...
#6 165.5 Setting up libdpkg-perl (1.21.1ubuntu2.6) ...
#6 165.5 Setting up python3-jeepney (0.7.1-3) ...
#6 165.9 Setting up libtime-duration-perl (1.21-1) ...
#6 165.9 Setting up python3-urllib3 (1.26.5-1~exp1ubuntu0.6) ...
#6 166.3 Setting up libsub-exporter-progressive-perl (0.001013-1) ...
#6 166.3 Setting up libarray-intspan-perl (2.004-1) ...
#6 166.3 Setting up libcapture-tiny-perl (0.48-1) ...
#6 166.3 Setting up libtimedate-perl (2.3300-2) ...
#6 166.3 Setting up libstdc++-11-dev:amd64 (11.4.0-1ubuntu1~22.04.3) ...
#6 166.3 Setting up gpg-wks-server (2.2.27-3ubuntu2.5) ...
#6 166.3 Setting up libsub-name-perl (0.26-1build3) ...
#6 166.3 Setting up libtype-tiny-xs-perl (0.022-1build2) ...
#6 166.3 Setting up libsyntax-keyword-try-perl (0.26-1build1) ...
#6 166.3 Setting up libdata-validate-domain-perl (0.10-1.1) ...
#6 166.3 Setting up libproc-processtable-perl:amd64 (0.634-1build1) ...
#6 166.4 Setting up libfile-chdir-perl (0.1008-1.1) ...
#6 166.4 Setting up gcc-11 (11.4.0-1ubuntu1~22.04.3) ...
#6 166.4 Setting up xauth (1:1.1-1build2) ...
#6 166.4 Setting up libpath-tiny-perl (0.122-1) ...
#6 166.4 Setting up libjson-perl (4.04000-1) ...
#6 166.4 Setting up pixz (1.0.7-1) ...
#6 166.4 Setting up python3-httplib2 (0.20.2-2) ...
#6 166.8 Setting up libipc-run3-perl (0.048-2) ...
#6 166.8 Setting up libaliased-perl (0.34-1.1) ...
#6 166.8 Setting up python3-dateutil (2.8.1-6) ...
#6 167.2 Setting up python3-unidiff (0.5.5-2) ...
#6 167.6 Setting up libstrictures-perl (2.000006-1) ...
#6 167.6 Setting up libsub-quote-perl (2.006006-1) ...
#6 167.6 Setting up libdevel-stacktrace-perl (2.0400-1) ...
#6 167.6 Setting up libclass-xsaccessor-perl (1.19-3build9) ...
#6 167.6 Setting up libsort-versions-perl (1.62-1) ...
#6 167.6 Setting up libexporter-tiny-perl (1.002002-1) ...
#6 167.6 Setting up libre-engine-re2-perl:amd64 (0.14-1build2) ...
#6 167.6 Setting up libfile-dirlist-perl (0.05-2) ...
#6 167.6 Setting up libterm-readkey-perl (2.38-1build4) ...
#6 167.6 Setting up lsb-release (11.1.0ubuntu4) ...
#6 167.7 Setting up python3-magic (2:0.4.24-2) ...
#6 168.1 Setting up libtext-levenshteinxs-perl (0.03-4build10) ...
#6 168.1 Setting up libperlio-gzip-perl (0.19-1build8) ...
#6 168.1 Setting up python3-distro-info (1.1ubuntu0.2) ...
#6 168.5 Setting up policykit-1 (0.105-33) ...
#6 168.6 Setting up libhtml-html5-entities-perl (0.004-1.1) ...
#6 168.6 Setting up libsereal-decoder-perl (4.023+ds-1) ...
#6 168.6 Setting up liburi-perl (5.10-1) ...
#6 168.6 Setting up libnet-ipv6addr-perl (1.02-1) ...
#6 168.6 Setting up libfile-touch-perl (0.12-1) ...
#6 168.6 Setting up python3-cffi-backend:amd64 (1.15.0-1build2) ...
#6 168.6 Setting up libc-devtools (2.35-0ubuntu3.13) ...
#6 168.6 Setting up python3-blinker (1.4+dfsg1-0.4) ...
#6 169.0 Setting up libemail-address-xs-perl (1.04-1build6) ...
#6 169.0 Setting up libnet-ssleay-perl:amd64 (1.92-1build2) ...
#6 169.0 Setting up python3-pkg-resources (59.6.0-1.2ubuntu0.22.04.3) ...
#6 169.4 Setting up libapt-pkg-perl (0.1.40build2) ...
#6 169.4 Setting up python3-more-itertools (8.10.0-2) ...
#6 169.8 Setting up libstring-escape-perl (2010.002-2) ...
#6 169.8 Setting up libhttp-date-perl (6.05-1) ...
#6 169.8 Setting up libfile-which-perl (1.23-1) ...
#6 169.8 Setting up python3-dbus (1.2.18-3build1) ...
#6 170.2 Setting up libfile-basedir-perl (0.09-1) ...
#6 170.2 Setting up libunicode-utf8-perl (0.62-1build4) ...
#6 170.2 Setting up libset-intspan-perl (1.19-2) ...
#6 170.2 Setting up libmouse-perl (2.5.10-1build4) ...
#6 170.2 Setting up libfile-listing-perl (6.14-1) ...
#6 170.2 Setting up python3-distro (1.7.0-1) ...
#6 170.6 Setting up libsys-cpuaffinity-perl:amd64 (1.13~03-1build1) ...
#6 170.6 Setting up gpg-wks-client (2.2.27-3ubuntu2.5) ...
#6 170.6 Setting up libregexp-pattern-perl (0.2.14-1) ...
#6 170.6 Setting up libdata-messagepack-perl (1.01-2build1) ...
#6 170.6 Setting up libfont-afm-perl (1.20-3) ...
#6 170.6 Setting up libwant-perl (0.29-1build7) ...
#6 170.6 Setting up libdynaloader-functions-perl (0.003-1.1) ...
#6 170.7 Setting up libclass-method-modifiers-perl (2.13-1) ...
#6 170.7 Setting up liblist-compare-perl (0.55-1) ...
#6 170.7 Setting up libref-util-xs-perl (0.117-1build5) ...
#6 170.7 Setting up python3-jwt (2.3.0-1ubuntu0.2) ...
#6 171.0 Setting up libio-pty-perl (1:1.15-2build2) ...
#6 171.0 Setting up g++-11 (11.4.0-1ubuntu1~22.04.3) ...
#6 171.0 Setting up gcc-11-aarch64-linux-gnu (11.4.0-1ubuntu1~22.04cross1) ...
#6 171.1 Setting up libfile-fcntllock-perl (0.22-3build7) ...
#6 171.1 Setting up libclone-perl (0.45-1build3) ...
#6 171.1 Setting up libalgorithm-diff-perl (1.201-1) ...
#6 171.1 Setting up libarchive-zip-perl (1.68-1) ...
#6 171.1 Setting up libsub-identify-perl (0.14-1build5) ...
#6 171.1 Setting up libdistro-info-perl (1.1ubuntu0.2) ...
#6 171.1 Setting up libcpanel-json-xs-perl:amd64 (4.27-1ubuntu0.2) ...
#6 171.1 Setting up python3-apt (2.4.0ubuntu4.1) ...
#6 171.5 Setting up libobject-id-perl (0.1.2-2.1ubuntu1) ...
#6 171.5 Setting up liblist-moreutils-perl (0.430-2) ...
#6 171.5 Setting up libhtml-tagset-perl (3.20-4) ...
#6 171.5 Setting up liblog-any-perl (1.710-1) ...
#6 171.5 Setting up libauthen-sasl-perl (2.1600-1.1) ...
#6 171.5 Setting up libdevel-size-perl (0.83-1build4) ...
#6 171.5 Setting up libpod-constants-perl (0.19-2) ...
#6 171.5 Setting up libregexp-pattern-license-perl (3.9.3-1) ...
#6 171.5 Setting up liblwp-mediatypes-perl (6.04-1) ...
#6 171.5 Setting up libyaml-libyaml-perl (0.83+ds-1ubuntu0.22.04.1) ...
#6 171.5 Setting up libio-interactive-perl (1.023-1) ...
#6 171.5 Setting up libtry-tiny-perl (0.31-1) ...
#6 171.5 Setting up libtype-tiny-perl (1.012004-1) ...
#6 171.5 Setting up libcommon-sense-perl:amd64 (3.75-2build1) ...
#6 171.5 Setting up libxml-namespacesupport-perl (1.12-1.1) ...
#6 171.5 Setting up libnet-http-perl (6.22-1) ...
#6 171.5 Setting up libpath-iterator-rule-perl (1.015-1) ...
#6 171.5 Setting up libtext-markdown-discount-perl:amd64 (0.13-1build1) ...
#6 171.5 Setting up libhttp-tiny-multipart-perl (0.08-1.1) ...
#6 171.5 Setting up libtime-moment-perl (0.44-1build6) ...
#6 171.5 Setting up libencode-locale-perl (1.05-1.1) ...
#6 171.5 Setting up python3-lazr.uri (1.0.6-2) ...
#6 171.9 Setting up libexception-class-perl (1.45-1) ...
#6 171.9 Setting up python3-zipp (1.0.0-3ubuntu0.1) ...
#6 172.3 Setting up libmath-base85-perl (0.5+dfsg-1) ...
#6 172.3 Setting up libconfig-tiny-perl (2.28-1) ...
#6 172.3 Setting up libsereal-encoder-perl:amd64 (4.023+ds-1) ...
#6 172.3 Setting up libdevel-callchecker-perl (0.008-1ubuntu4) ...
#6 172.3 Setting up liblist-utilsby-perl (0.11-1) ...
#6 172.3 Setting up libstring-shellquote-perl (1.04-1) ...
#6 172.3 Setting up libnet-netmask-perl (2.0001-1) ...
#6 172.3 Setting up libsub-install-perl (0.928-1.1) ...
#6 172.3 Setting up gcc (4:11.2.0-1ubuntu1) ...
#6 172.4 Setting up dpkg-dev (1.21.1ubuntu2.6) ...
#6 172.4 Setting up intltool-debian (0.35.0+20060710.5) ...
#6 172.4 Setting up liberror-perl (0.17029-1) ...
#6 172.4 Setting up patchutils (0.4.2-1build2) ...
#6 172.4 Setting up libjson-maybexs-perl (1.004003-1) ...
#6 172.4 Setting up libxml-sax-base-perl (1.09-1.1) ...
#6 172.4 Setting up libio-string-perl (1.08-3.1) ...
#6 172.4 Setting up libreadonly-perl (2.050-3) ...
#6 172.4 Setting up libnetaddr-ip-perl (4.079+dfsg-1build7) ...
#6 172.4 Setting up unattended-upgrades (2.8ubuntu1) ...
#6 172.9 
#6 172.9 Creating config file /etc/apt/apt.conf.d/20auto-upgrades with new version
#6 173.6 
#6 173.6 Creating config file /etc/apt/apt.conf.d/50unattended-upgrades with new version
#6 174.5 Created symlink /etc/systemd/system/multi-user.target.wants/unattended-upgrades.service → /lib/systemd/system/unattended-upgrades.service.
#6 174.9 Setting up python3-chardet (4.0.0-1) ...
#6 175.3 Setting up libstring-copyright-perl (0.003012-1) ...
#6 175.4 Setting up python3-cryptography (3.4.8-1ubuntu2.2) ...
#6 175.9 Setting up python3-wadllib (1.3.6-1) ...
#6 176.3 Setting up python3-debian (0.1.43ubuntu1.1) ...
#6 176.7 Setting up python3-requests (2.25.1+dfsg-2ubuntu0.3) ...
#6 177.1 Setting up libdata-optlist-perl (0.112-1) ...
#6 177.1 Setting up libipc-run-perl (20200505.0-1) ...
#6 177.1 Setting up git (1:2.34.1-1ubuntu1.17) ...
#6 177.2 Setting up libtext-xslate-perl:amd64 (3.5.9-1build1) ...
#6 177.2 Setting up libcontextual-return-perl (0.004014-2) ...
#6 177.2 Setting up libwww-robotrules-perl (6.02-1) ...
#6 177.2 Setting up libtypes-serialiser-perl (1.01-1) ...
#6 177.2 Setting up g++ (4:11.2.0-1ubuntu1) ...
#6 177.3 update-alternatives: using /usr/bin/g++ to provide /usr/bin/c++ (c++) in auto mode
#6 177.3 update-alternatives: warning: skip creation of /usr/share/man/man1/c++.1.gz because associated file /usr/share/man/man1/g++.1.gz (of link group c++) doesn't exist
#6 177.3 Setting up libhtml-parser-perl:amd64 (3.76-1build2) ...
#6 177.3 Setting up libgit-wrapper-perl (0.048-1) ...
#6 177.3 Setting up liblog-any-adapter-screen-perl (0.140-2) ...
#6 177.3 Setting up librole-tiny-perl (2.002004-1) ...
#6 177.3 Setting up gnupg (2.2.27-3ubuntu2.5) ...
#6 177.3 Setting up build-essential (12.9ubuntu3) ...
#6 177.3 Setting up packagekit (1.2.5-2ubuntu3) ...
#6 177.4 invoke-rc.d: could not determine current runlevel
#6 177.4 invoke-rc.d: policy-rc.d denied execution of force-reload.
#6 177.4 Failed to open connection to "system" message bus: Failed to connect to socket /run/dbus/system_bus_socket: No such file or directory
#6 177.8 Created symlink /etc/systemd/user/sockets.target.wants/pk-debconf-helper.socket → /usr/lib/systemd/user/pk-debconf-helper.socket.
#6 177.8 Setting up libfont-ttf-perl (1.06-1.1) ...
#6 177.8 Setting up libfile-homedir-perl (1.006-1) ...
#6 177.8 Setting up libalgorithm-diff-xs-perl (0.04-6build3) ...
#6 177.8 Setting up pristine-tar (1.49) ...
#6 177.8 Setting up libio-socket-ssl-perl (2.074-2) ...
#6 177.8 Setting up libsub-exporter-perl (0.988-1) ...
#6 177.8 Setting up libalgorithm-merge-perl (0.08-3) ...
#6 177.8 Setting up libhttp-message-perl (6.36-1) ...
#6 177.8 Setting up libdata-validate-ip-perl (0.30-1) ...
#6 177.8 Setting up libhtml-form-perl (6.07-1) ...
#6 177.8 Setting up libiterator-perl (0.03+ds1-1.1) ...
#6 177.8 Setting up networkd-dispatcher (2.1-2ubuntu0.22.04.2) ...
#6 178.2 Created symlink /etc/systemd/system/multi-user.target.wants/networkd-dispatcher.service → /lib/systemd/system/networkd-dispatcher.service.
#6 178.2 Setting up libjson-xs-perl (4.040-0ubuntu0.22.04.1) ...
#6 178.2 Setting up gcc-aarch64-linux-gnu (4:11.2.0-1ubuntu1) ...
#6 178.2 Setting up packagekit-tools (1.2.5-2ubuntu3) ...
#6 178.2 Setting up libhttp-negotiate-perl (6.01-1) ...
#6 178.2 Setting up libio-prompter-perl (0.004015-1) ...
#6 178.2 Setting up python3-importlib-metadata (4.6.4-1) ...
#6 178.6 Setting up libiterator-util-perl (0.02+ds1-1.1) ...
#6 178.6 Setting up libhttp-cookies-perl (6.10-1) ...
#6 178.6 Setting up pbuilder (0.231build1) ...
#6 178.9 Setting up libhtml-tree-perl (5.07-2) ...
#6 178.9 Setting up libparams-classify-perl (0.015-1build5) ...
#6 178.9 Setting up libhtml-format-perl (2.12-1.1) ...
#6 178.9 Setting up libxml-sax-perl (1.02+dfsg-3) ...
#6 179.3 update-perl-sax-parsers: Registering Perl SAX parser XML::SAX::PurePerl with priority 10...
#6 179.4 update-perl-sax-parsers: Updating overall Perl SAX parser modules info file...
#6 180.1 
#6 180.1 Creating config file /etc/perl/XML/SAX/ParserDetails.ini with new version
#6 180.3 Setting up dput (1.1.0ubuntu2.1) ...
#6 180.7 Setting up libdata-validate-uri-perl (0.07-2) ...
#6 180.7 Setting up python3-oauthlib (3.2.0-1ubuntu0.1) ...
#6 181.1 Setting up python3-secretstorage (3.3.1-1) ...
#6 181.5 Setting up libnet-smtp-ssl-perl (1.04-1) ...
#6 181.5 Setting up libmodule-runtime-perl (0.016-1) ...
#6 181.5 Setting up libmailtools-perl (2.21-1) ...
#6 181.5 Setting up libxml-libxml-perl (2.0207+dfsg+really+2.0134-1) ...
#6 181.6 update-perl-sax-parsers: Registering Perl SAX parser XML::LibXML::SAX::Parser with priority 50...
#6 181.8 update-perl-sax-parsers: Registering Perl SAX parser XML::LibXML::SAX with priority 50...
#6 181.9 update-perl-sax-parsers: Updating overall Perl SAX parser modules info file...
#6 182.7 Replacing config file /etc/perl/XML/SAX/ParserDetails.ini with new version
#6 182.8 Setting up libconst-fast-perl (0.014-1.1) ...
#6 182.8 Setting up libhttp-daemon-perl (6.13-1ubuntu0.1) ...
#6 182.8 Setting up python3-keyring (23.5.0-1) ...
#6 183.3 Setting up libdata-dpath-perl (0.58-1) ...
#6 183.3 Setting up python3-lazr.restfulclient (0.14.4-1) ...
#6 183.7 Setting up cowbuilder (0.89) ...
#6 183.7 Setting up libmodule-implementation-perl (0.09-1.1) ...
#6 183.7 Setting up libpackage-stash-perl (0.39-1) ...
#6 183.8 Setting up libimport-into-perl (1.002005-1) ...
#6 183.8 Setting up libmoo-perl (2.005004-3) ...
#6 183.8 Setting up python3-launchpadlib (1.10.16-1) ...
#6 184.2 Setting up liblist-someutils-perl (0.58-1) ...
#6 184.2 Setting up liblist-someutils-xs-perl (0.58-2build3) ...
#6 184.2 Setting up python3-software-properties (0.99.22.9) ...
#6 184.6 Setting up libmoox-aliases-perl (0.001006-1.1) ...
#6 184.6 Setting up libb-hooks-endofscope-perl (0.25-1) ...
#6 184.6 Setting up software-properties-common (0.99.22.9) ...
#6 184.9 Setting up libnamespace-clean-perl (0.27-1) ...
#6 184.9 Setting up libnamespace-autoclean-perl (0.29-1) ...
#6 184.9 Setting up libgitlab-api-v4-perl (0.26-1) ...
#6 184.9 Setting up libmoox-struct-perl (0.020-1) ...
#6 184.9 Setting up lintian (2.114.0ubuntu1.7) ...
#6 185.0 Setting up licensecheck (3.2.14-2) ...
#6 185.0 Setting up liblwp-protocol-https-perl (6.10-1) ...
#6 185.0 Setting up libwww-perl (6.61-1) ...
#6 185.0 Setting up devscripts (2.22.1ubuntu1) ...
#6 185.6 Setting up git-buildpackage (0.9.25) ...
#6 186.1 Setting up libxml-parser-perl:amd64 (2.46-3build1) ...
#6 186.1 Setting up libxml-sax-expat-perl (0.51-1) ...
#6 186.2 update-perl-sax-parsers: Registering Perl SAX parser XML::SAX::Expat with priority 50...
#6 186.3 update-perl-sax-parsers: Updating overall Perl SAX parser modules info file...
#6 187.1 Replacing config file /etc/perl/XML/SAX/ParserDetails.ini with new version
#6 187.3 Processing triggers for libc-bin (2.35-0ubuntu3.13) ...
#6 187.3 Processing triggers for ca-certificates (20240203~22.04.1) ...
#6 187.4 Updating certificates in /etc/ssl/certs...
#6 193.8 0 added, 0 removed; done.
#6 193.8 Running hooks in /etc/ca-certificates/update.d...
#6 193.8 done.
#6 193.8 Processing triggers for dbus (1.12.20-2ubuntu4.1) ...
#6 194.0 
#6 194.0 WARNING: apt does not have a stable CLI interface. Use with caution in scripts.
#6 194.0 
#6 194.0 Reading package lists...
#6 195.0 Building dependency tree...
#6 195.2 Reading state information...
#6 195.4 The following NEW packages will be installed:
#6 195.4   autoconf automake autopoint autotools-dev bison debhelper debugedit
#6 195.4   dh-autoreconf dh-buildinfo dh-strip-nondeterminism dos2unix dwz libacl1-dev
#6 195.4   libattr1-dev libdebhelper-perl libefivar-dev libefivar1 libelf-dev
#6 195.4   libfile-stripnondeterminism-perl libidn2-dev libpcre2-16-0 libpcre2-32-0
#6 195.4   libpcre2-dev libpcre2-posix3 libpsl-dev libselinux1-dev libsepol-dev
#6 195.4   libsigsegv2 libssl-dev libsub-override-perl libtext-unidecode-perl libtool
#6 195.4   m4 pkg-config po-debconf tex-common texinfo uuid-dev xxd zlib1g-dev
#6 196.5 0 upgraded, 40 newly installed, 0 to remove and 1 not upgraded.
#6 196.5 Need to get 10.6 MB of archives.
#6 196.5 After this operation, 46.5 MB of additional disk space will be used.
#6 196.5 Get:1 http://archive.ubuntu.com/ubuntu jammy/universe amd64 tex-common all 6.17 [33.7 kB]
#6 197.3 Get:2 http://archive.ubuntu.com/ubuntu jammy-updates/main amd64 xxd amd64 2:8.2.3995-1ubuntu2.24 [51.4 kB]
#6 197.6 Get:3 http://archive.ubuntu.com/ubuntu jammy/main amd64 libsigsegv2 amd64 2.13-1ubuntu3 [14.6 kB]
#6 197.7 Get:4 http://archive.ubuntu.com/ubuntu jammy/main amd64 m4 amd64 1.4.18-5ubuntu2 [199 kB]
#6 198.1 Get:5 http://archive.ubuntu.com/ubuntu jammy/main amd64 autoconf all 2.71-2 [338 kB]
#6 198.4 Get:6 http://archive.ubuntu.com/ubuntu jammy/main amd64 autotools-dev all 20220109.1 [44.9 kB]
#6 198.4 Get:7 http://archive.ubuntu.com/ubuntu jammy/main amd64 automake all 1:1.16.5-1.3 [558 kB]
#6 198.7 Get:8 http://archive.ubuntu.com/ubuntu jammy/main amd64 autopoint all 0.21-4ubuntu4 [422 kB]
#6 198.8 Get:9 http://archive.ubuntu.com/ubuntu jammy/main amd64 bison amd64 2:3.8.2+dfsg-1build1 [748 kB]
#6 198.9 Get:10 http://archive.ubuntu.com/ubuntu jammy/main amd64 libdebhelper-perl all 13.6ubuntu1 [67.2 kB]
#6 199.0 Get:11 http://archive.ubuntu.com/ubuntu jammy/main amd64 libtool all 2.4.6-15build2 [164 kB]
#6 199.0 Get:12 http://archive.ubuntu.com/ubuntu jammy/main amd64 dh-autoreconf all 20 [16.1 kB]
#6 199.0 Get:13 http://archive.ubuntu.com/ubuntu jammy/main amd64 libsub-override-perl all 0.09-2 [9532 B]
#6 199.0 Get:14 http://archive.ubuntu.com/ubuntu jammy/main amd64 libfile-stripnondeterminism-perl all 1.13.0-1 [18.1 kB]
#6 199.0 Get:15 http://archive.ubuntu.com/ubuntu jammy/main amd64 dh-strip-nondeterminism all 1.13.0-1 [5344 B]
#6 199.0 Get:16 http://archive.ubuntu.com/ubuntu jammy/main amd64 debugedit amd64 1:5.0-4build1 [47.2 kB]
#6 199.0 Get:17 http://archive.ubuntu.com/ubuntu jammy/main amd64 dwz amd64 0.14-1build2 [105 kB]
#6 199.0 Get:18 http://archive.ubuntu.com/ubuntu jammy/main amd64 po-debconf all 1.0.21+nmu1 [233 kB]
#6 199.3 Get:19 http://archive.ubuntu.com/ubuntu jammy/main amd64 debhelper all 13.6ubuntu1 [923 kB]
#6 199.3 Get:20 http://archive.ubuntu.com/ubuntu jammy/universe amd64 dh-buildinfo all 0.11+nmu2 [16.0 kB]
#6 199.3 Get:21 http://archive.ubuntu.com/ubuntu jammy/main amd64 libefivar1 amd64 37-6ubuntu2 [51.0 kB]
#6 199.3 Get:22 http://archive.ubuntu.com/ubuntu jammy/main amd64 libefivar-dev amd64 37-6ubuntu2 [16.2 kB]
#6 199.3 Get:23 http://archive.ubuntu.com/ubuntu jammy-updates/main amd64 zlib1g-dev amd64 1:1.2.11.dfsg-2ubuntu9.2 [164 kB]
#6 199.3 Get:24 http://archive.ubuntu.com/ubuntu jammy-updates/main amd64 libelf-dev amd64 0.186-1ubuntu0.1 [64.4 kB]
#6 199.4 Get:25 http://archive.ubuntu.com/ubuntu jammy-updates/main amd64 libpcre2-16-0 amd64 10.39-3ubuntu0.1 [203 kB]
#6 199.4 Get:26 http://archive.ubuntu.com/ubuntu jammy-updates/main amd64 libpcre2-32-0 amd64 10.39-3ubuntu0.1 [194 kB]
#6 199.4 Get:27 http://archive.ubuntu.com/ubuntu jammy-updates/main amd64 libpcre2-posix3 amd64 10.39-3ubuntu0.1 [6130 B]
#6 199.5 Get:28 http://archive.ubuntu.com/ubuntu jammy-updates/main amd64 libpcre2-dev amd64 10.39-3ubuntu0.1 [730 kB]
#6 199.6 Get:29 http://archive.ubuntu.com/ubuntu jammy/main amd64 libpsl-dev amd64 0.21.0-1.2build2 [77.9 kB]
#6 199.6 Get:30 http://archive.ubuntu.com/ubuntu jammy/main amd64 libsepol-dev amd64 3.3-1build1 [378 kB]
#6 199.6 Get:31 http://archive.ubuntu.com/ubuntu jammy/main amd64 libselinux1-dev amd64 3.3-1build2 [158 kB]
#6 199.6 Get:32 http://archive.ubuntu.com/ubuntu jammy-updates/main amd64 libssl-dev amd64 3.0.2-0ubuntu1.21 [2375 kB]
#6 199.8 Get:33 http://archive.ubuntu.com/ubuntu jammy/universe amd64 libtext-unidecode-perl all 1.30-1 [99.0 kB]
#6 199.8 Get:34 http://archive.ubuntu.com/ubuntu jammy/main amd64 pkg-config amd64 0.29.2-1ubuntu3 [48.2 kB]
#6 199.8 Get:35 http://archive.ubuntu.com/ubuntu jammy/universe amd64 texinfo amd64 6.8-4build1 [1423 kB]
#6 199.9 Get:36 http://archive.ubuntu.com/ubuntu jammy/universe amd64 dos2unix amd64 7.4.2-2 [384 kB]
#6 199.9 Get:37 http://archive.ubuntu.com/ubuntu jammy/main amd64 libattr1-dev amd64 1:2.5.1-1build1 [23.5 kB]
#6 199.9 Get:38 http://archive.ubuntu.com/ubuntu jammy/main amd64 libacl1-dev amd64 2.3.1-1 [78.0 kB]
#6 199.9 Get:39 http://archive.ubuntu.com/ubuntu jammy/main amd64 libidn2-dev amd64 2.3.2-2build1 [86.7 kB]
#6 199.9 Get:40 http://archive.ubuntu.com/ubuntu jammy-updates/main amd64 uuid-dev amd64 2.37.2-4ubuntu3.4 [33.1 kB]
#6 200.1 debconf: delaying package configuration, since apt-utils is not installed
#6 200.2 Fetched 10.6 MB in 4s (2358 kB/s)
#6 200.3 Selecting previously unselected package tex-common.
#6 200.3 (Reading database ... (Reading database ... 5%(Reading database ... 10%(Reading database ... 15%(Reading database ... 20%(Reading database ... 25%(Reading database ... 30%(Reading database ... 35%(Reading database ... 40%(Reading database ... 45%(Reading database ... 50%(Reading database ... 55%(Reading database ... 60%(Reading database ... 65%(Reading database ... 70%(Reading database ... 75%(Reading database ... 80%(Reading database ... 85%(Reading database ... 90%(Reading database ... 95%(Reading database ... 100%(Reading database ... 31485 files and directories currently installed.)
#6 200.3 Preparing to unpack .../00-tex-common_6.17_all.deb ...
#6 200.3 Unpacking tex-common (6.17) ...
#6 200.4 Selecting previously unselected package xxd.
#6 200.4 Preparing to unpack .../01-xxd_2%3a8.2.3995-1ubuntu2.24_amd64.deb ...
#6 200.4 Unpacking xxd (2:8.2.3995-1ubuntu2.24) ...
#6 200.5 Selecting previously unselected package libsigsegv2:amd64.
#6 200.5 Preparing to unpack .../02-libsigsegv2_2.13-1ubuntu3_amd64.deb ...
#6 200.5 Unpacking libsigsegv2:amd64 (2.13-1ubuntu3) ...
#6 200.6 Selecting previously unselected package m4.
#6 200.6 Preparing to unpack .../03-m4_1.4.18-5ubuntu2_amd64.deb ...
#6 200.6 Unpacking m4 (1.4.18-5ubuntu2) ...
#6 200.7 Selecting previously unselected package autoconf.
#6 200.7 Preparing to unpack .../04-autoconf_2.71-2_all.deb ...
#6 200.7 Unpacking autoconf (2.71-2) ...
#6 200.8 Selecting previously unselected package autotools-dev.
#6 200.8 Preparing to unpack .../05-autotools-dev_20220109.1_all.deb ...
#6 200.8 Unpacking autotools-dev (20220109.1) ...
#6 200.8 Selecting previously unselected package automake.
#6 200.8 Preparing to unpack .../06-automake_1%3a1.16.5-1.3_all.deb ...
#6 200.8 Unpacking automake (1:1.16.5-1.3) ...
#6 200.9 Selecting previously unselected package autopoint.
#6 200.9 Preparing to unpack .../07-autopoint_0.21-4ubuntu4_all.deb ...
#6 200.9 Unpacking autopoint (0.21-4ubuntu4) ...
#6 201.0 Selecting previously unselected package bison.
#6 201.0 Preparing to unpack .../08-bison_2%3a3.8.2+dfsg-1build1_amd64.deb ...
#6 201.0 Unpacking bison (2:3.8.2+dfsg-1build1) ...
#6 201.1 Selecting previously unselected package libdebhelper-perl.
#6 201.1 Preparing to unpack .../09-libdebhelper-perl_13.6ubuntu1_all.deb ...
#6 201.1 Unpacking libdebhelper-perl (13.6ubuntu1) ...
#6 201.2 Selecting previously unselected package libtool.
#6 201.2 Preparing to unpack .../10-libtool_2.4.6-15build2_all.deb ...
#6 201.2 Unpacking libtool (2.4.6-15build2) ...
#6 201.3 Selecting previously unselected package dh-autoreconf.
#6 201.3 Preparing to unpack .../11-dh-autoreconf_20_all.deb ...
#6 201.3 Unpacking dh-autoreconf (20) ...
#6 201.4 Selecting previously unselected package libsub-override-perl.
#6 201.4 Preparing to unpack .../12-libsub-override-perl_0.09-2_all.deb ...
#6 201.4 Unpacking libsub-override-perl (0.09-2) ...
#6 201.5 Selecting previously unselected package libfile-stripnondeterminism-perl.
#6 201.5 Preparing to unpack .../13-libfile-stripnondeterminism-perl_1.13.0-1_all.deb ...
#6 201.5 Unpacking libfile-stripnondeterminism-perl (1.13.0-1) ...
#6 201.5 Selecting previously unselected package dh-strip-nondeterminism.
#6 201.5 Preparing to unpack .../14-dh-strip-nondeterminism_1.13.0-1_all.deb ...
#6 201.5 Unpacking dh-strip-nondeterminism (1.13.0-1) ...
#6 201.6 Selecting previously unselected package debugedit.
#6 201.6 Preparing to unpack .../15-debugedit_1%3a5.0-4build1_amd64.deb ...
#6 201.6 Unpacking debugedit (1:5.0-4build1) ...
#6 201.7 Selecting previously unselected package dwz.
#6 201.7 Preparing to unpack .../16-dwz_0.14-1build2_amd64.deb ...
#6 201.7 Unpacking dwz (0.14-1build2) ...
#6 201.8 Selecting previously unselected package po-debconf.
#6 201.8 Preparing to unpack .../17-po-debconf_1.0.21+nmu1_all.deb ...
#6 201.8 Unpacking po-debconf (1.0.21+nmu1) ...
#6 201.9 Selecting previously unselected package debhelper.
#6 201.9 Preparing to unpack .../18-debhelper_13.6ubuntu1_all.deb ...
#6 201.9 Unpacking debhelper (13.6ubuntu1) ...
#6 202.0 Selecting previously unselected package dh-buildinfo.
#6 202.0 Preparing to unpack .../19-dh-buildinfo_0.11+nmu2_all.deb ...
#6 202.0 Unpacking dh-buildinfo (0.11+nmu2) ...
#6 202.1 Selecting previously unselected package libefivar1:amd64.
#6 202.1 Preparing to unpack .../20-libefivar1_37-6ubuntu2_amd64.deb ...
#6 202.1 Unpacking libefivar1:amd64 (37-6ubuntu2) ...
#6 202.1 Selecting previously unselected package libefivar-dev:amd64.
#6 202.1 Preparing to unpack .../21-libefivar-dev_37-6ubuntu2_amd64.deb ...
#6 202.1 Unpacking libefivar-dev:amd64 (37-6ubuntu2) ...
#6 202.2 Selecting previously unselected package zlib1g-dev:amd64.
#6 202.2 Preparing to unpack .../22-zlib1g-dev_1%3a1.2.11.dfsg-2ubuntu9.2_amd64.deb ...
#6 202.2 Unpacking zlib1g-dev:amd64 (1:1.2.11.dfsg-2ubuntu9.2) ...
#6 202.3 Selecting previously unselected package libelf-dev:amd64.
#6 202.3 Preparing to unpack .../23-libelf-dev_0.186-1ubuntu0.1_amd64.deb ...
#6 202.3 Unpacking libelf-dev:amd64 (0.186-1ubuntu0.1) ...
#6 202.4 Selecting previously unselected package libpcre2-16-0:amd64.
#6 202.4 Preparing to unpack .../24-libpcre2-16-0_10.39-3ubuntu0.1_amd64.deb ...
#6 202.4 Unpacking libpcre2-16-0:amd64 (10.39-3ubuntu0.1) ...
#6 202.5 Selecting previously unselected package libpcre2-32-0:amd64.
#6 202.5 Preparing to unpack .../25-libpcre2-32-0_10.39-3ubuntu0.1_amd64.deb ...
#6 202.5 Unpacking libpcre2-32-0:amd64 (10.39-3ubuntu0.1) ...
#6 202.5 Selecting previously unselected package libpcre2-posix3:amd64.
#6 202.5 Preparing to unpack .../26-libpcre2-posix3_10.39-3ubuntu0.1_amd64.deb ...
#6 202.5 Unpacking libpcre2-posix3:amd64 (10.39-3ubuntu0.1) ...
#6 202.6 Selecting previously unselected package libpcre2-dev:amd64.
#6 202.6 Preparing to unpack .../27-libpcre2-dev_10.39-3ubuntu0.1_amd64.deb ...
#6 202.6 Unpacking libpcre2-dev:amd64 (10.39-3ubuntu0.1) ...
#6 202.7 Selecting previously unselected package libpsl-dev:amd64.
#6 202.7 Preparing to unpack .../28-libpsl-dev_0.21.0-1.2build2_amd64.deb ...
#6 202.7 Unpacking libpsl-dev:amd64 (0.21.0-1.2build2) ...
#6 202.8 Selecting previously unselected package libsepol-dev:amd64.
#6 202.8 Preparing to unpack .../29-libsepol-dev_3.3-1build1_amd64.deb ...
#6 202.8 Unpacking libsepol-dev:amd64 (3.3-1build1) ...
#6 202.9 Selecting previously unselected package libselinux1-dev:amd64.
#6 202.9 Preparing to unpack .../30-libselinux1-dev_3.3-1build2_amd64.deb ...
#6 202.9 Unpacking libselinux1-dev:amd64 (3.3-1build2) ...
#6 203.0 Selecting previously unselected package libssl-dev:amd64.
#6 203.0 Preparing to unpack .../31-libssl-dev_3.0.2-0ubuntu1.21_amd64.deb ...
#6 203.0 Unpacking libssl-dev:amd64 (3.0.2-0ubuntu1.21) ...
#6 203.1 Selecting previously unselected package libtext-unidecode-perl.
#6 203.1 Preparing to unpack .../32-libtext-unidecode-perl_1.30-1_all.deb ...
#6 203.1 Unpacking libtext-unidecode-perl (1.30-1) ...
#6 203.2 Selecting previously unselected package pkg-config.
#6 203.2 Preparing to unpack .../33-pkg-config_0.29.2-1ubuntu3_amd64.deb ...
#6 203.2 Unpacking pkg-config (0.29.2-1ubuntu3) ...
#6 203.3 Selecting previously unselected package texinfo.
#6 203.3 Preparing to unpack .../34-texinfo_6.8-4build1_amd64.deb ...
#6 203.3 Unpacking texinfo (6.8-4build1) ...
#6 203.4 Selecting previously unselected package dos2unix.
#6 203.4 Preparing to unpack .../35-dos2unix_7.4.2-2_amd64.deb ...
#6 203.4 Unpacking dos2unix (7.4.2-2) ...
#6 203.5 Selecting previously unselected package libattr1-dev:amd64.
#6 203.5 Preparing to unpack .../36-libattr1-dev_1%3a2.5.1-1build1_amd64.deb ...
#6 203.5 Unpacking libattr1-dev:amd64 (1:2.5.1-1build1) ...
#6 203.6 Selecting previously unselected package libacl1-dev:amd64.
#6 203.6 Preparing to unpack .../37-libacl1-dev_2.3.1-1_amd64.deb ...
#6 203.6 Unpacking libacl1-dev:amd64 (2.3.1-1) ...
#6 203.7 Selecting previously unselected package libidn2-dev:amd64.
#6 203.7 Preparing to unpack .../38-libidn2-dev_2.3.2-2build1_amd64.deb ...
#6 203.7 Unpacking libidn2-dev:amd64 (2.3.2-2build1) ...
#6 203.8 Selecting previously unselected package uuid-dev:amd64.
#6 203.8 Preparing to unpack .../39-uuid-dev_2.37.2-4ubuntu3.4_amd64.deb ...
#6 203.8 Unpacking uuid-dev:amd64 (2.37.2-4ubuntu3.4) ...
#6 203.8 Setting up libattr1-dev:amd64 (1:2.5.1-1build1) ...
#6 203.8 Setting up po-debconf (1.0.21+nmu1) ...
#6 203.8 Setting up libdebhelper-perl (13.6ubuntu1) ...
#6 203.8 Setting up libpcre2-16-0:amd64 (10.39-3ubuntu0.1) ...
#6 203.8 Setting up xxd (2:8.2.3995-1ubuntu2.24) ...
#6 203.8 Setting up libpsl-dev:amd64 (0.21.0-1.2build2) ...
#6 203.8 Setting up tex-common (6.17) ...
#6 204.0 debconf: unable to initialize frontend: Dialog
#6 204.0 debconf: (TERM is not set, so the dialog frontend is not usable.)
#6 204.0 debconf: falling back to frontend: Readline
#6 204.7 update-language: texlive-base not installed and configured, doing nothing!
#6 204.7 Setting up autotools-dev (20220109.1) ...
#6 204.8 Setting up libpcre2-32-0:amd64 (10.39-3ubuntu0.1) ...
#6 204.8 Setting up uuid-dev:amd64 (2.37.2-4ubuntu3.4) ...
#6 204.8 Setting up libsigsegv2:amd64 (2.13-1ubuntu3) ...
#6 204.8 Setting up libssl-dev:amd64 (3.0.2-0ubuntu1.21) ...
#6 204.8 Setting up autopoint (0.21-4ubuntu4) ...
#6 204.8 Setting up pkg-config (0.29.2-1ubuntu3) ...
#6 204.9 Setting up libsepol-dev:amd64 (3.3-1build1) ...
#6 204.9 Setting up libidn2-dev:amd64 (2.3.2-2build1) ...
#6 204.9 Setting up zlib1g-dev:amd64 (1:1.2.11.dfsg-2ubuntu9.2) ...
#6 204.9 Setting up libpcre2-posix3:amd64 (10.39-3ubuntu0.1) ...
#6 204.9 Setting up dwz (0.14-1build2) ...
#6 204.9 Setting up debugedit (1:5.0-4build1) ...
#6 204.9 Setting up libefivar1:amd64 (37-6ubuntu2) ...
#6 204.9 Setting up libsub-override-perl (0.09-2) ...
#6 204.9 Setting up dos2unix (7.4.2-2) ...
#6 204.9 Setting up libtext-unidecode-perl (1.30-1) ...
#6 204.9 Setting up libefivar-dev:amd64 (37-6ubuntu2) ...
#6 204.9 Setting up libacl1-dev:amd64 (2.3.1-1) ...
#6 204.9 Setting up libfile-stripnondeterminism-perl (1.13.0-1) ...
#6 204.9 Setting up libpcre2-dev:amd64 (10.39-3ubuntu0.1) ...
#6 204.9 Setting up libtool (2.4.6-15build2) ...
#6 204.9 Setting up libselinux1-dev:amd64 (3.3-1build2) ...
#6 204.9 Setting up m4 (1.4.18-5ubuntu2) ...
#6 205.0 Setting up libelf-dev:amd64 (0.186-1ubuntu0.1) ...
#6 205.0 Setting up texinfo (6.8-4build1) ...
#6 205.2 Setting up autoconf (2.71-2) ...
#6 205.2 Setting up dh-strip-nondeterminism (1.13.0-1) ...
#6 205.2 Setting up bison (2:3.8.2+dfsg-1build1) ...
#6 205.2 update-alternatives: using /usr/bin/bison.yacc to provide /usr/bin/yacc (yacc) in auto mode
#6 205.2 update-alternatives: warning: skip creation of /usr/share/man/man1/yacc.1.gz because associated file /usr/share/man/man1/bison.yacc.1.gz (of link group yacc) doesn't exist
#6 205.2 Setting up automake (1:1.16.5-1.3) ...
#6 205.2 update-alternatives: using /usr/bin/automake-1.16 to provide /usr/bin/automake (automake) in auto mode
#6 205.2 update-alternatives: warning: skip creation of /usr/share/man/man1/automake.1.gz because associated file /usr/share/man/man1/automake-1.16.1.gz (of link group automake) doesn't exist
#6 205.2 update-alternatives: warning: skip creation of /usr/share/man/man1/aclocal.1.gz because associated file /usr/share/man/man1/aclocal-1.16.1.gz (of link group automake) doesn't exist
#6 205.2 Setting up dh-autoreconf (20) ...
#6 205.2 Setting up debhelper (13.6ubuntu1) ...
#6 205.2 Setting up dh-buildinfo (0.11+nmu2) ...
#6 205.2 Processing triggers for man-db (2.10.2-1) ...
#6 205.3 Processing triggers for libc-bin (2.35-0ubuntu3.13) ...
#6 DONE 205.5s

#7 [ 3/15] RUN wget https://github.com/rhboot/shim/releases/download/16.1/shim-16.1.tar.bz2
#7 0.190 --2026-03-11 07:22:29--  https://github.com/rhboot/shim/releases/download/16.1/shim-16.1.tar.bz2
#7 0.207 Resolving github.com (github.com)... 20.207.73.82
#7 0.310 Connecting to github.com (github.com)|20.207.73.82|:443... connected.
#7 0.435 HTTP request sent, awaiting response... 302 Found
#7 0.828 Location: https://release-assets.githubusercontent.com/github-production-release-asset/3996476/8001a88f-ecf5-45db-a772-05d60ffb2d8d?sp=r&sv=2018-11-09&sr=b&spr=https&se=2026-03-11T07%3A58%3A53Z&rscd=attachment%3B+filename%3Dshim-16.1.tar.bz2&rsct=application%2Foctet-stream&skoid=96c2d410-5711-43a1-aedd-ab1947aa7ab0&sktid=398a6654-997b-47e9-b12b-9515b896b4de&skt=2026-03-11T06%3A58%3A16Z&ske=2026-03-11T07%3A58%3A53Z&sks=b&skv=2018-11-09&sig=5zBWTTDTfOeLS2dzFIf5bhR93UoLc7%2Fe90p96vw2oNc%3D&jwt=eyJ0eXAiOiJKV1QiLCJhbGciOiJIUzI1NiJ9.eyJpc3MiOiJnaXRodWIuY29tIiwiYXVkIjoicmVsZWFzZS1hc3NldHMuZ2l0aHVidXNlcmNvbnRlbnQuY29tIiwia2V5Ijoia2V5MSIsImV4cCI6MTc3MzIxNDA0OSwibmJmIjoxNzczMjEzNzQ5LCJwYXRoIjoicmVsZWFzZWFzc2V0cHJvZHVjdGlvbi5ibG9iLmNvcmUud2luZG93cy5uZXQifQ.GeJHIIdSwITpIJGym__usGVBnYHQpHSMAY5za1EACP8&response-content-disposition=attachment%3B%20filename%3Dshim-16.1.tar.bz2&response-content-type=application%2Foctet-stream [following]
#7 0.828 --2026-03-11 07:22:29--  https://release-assets.githubusercontent.com/github-production-release-asset/3996476/8001a88f-ecf5-45db-a772-05d60ffb2d8d?sp=r&sv=2018-11-09&sr=b&spr=https&se=2026-03-11T07%3A58%3A53Z&rscd=attachment%3B+filename%3Dshim-16.1.tar.bz2&rsct=application%2Foctet-stream&skoid=96c2d410-5711-43a1-aedd-ab1947aa7ab0&sktid=398a6654-997b-47e9-b12b-9515b896b4de&skt=2026-03-11T06%3A58%3A16Z&ske=2026-03-11T07%3A58%3A53Z&sks=b&skv=2018-11-09&sig=5zBWTTDTfOeLS2dzFIf5bhR93UoLc7%2Fe90p96vw2oNc%3D&jwt=eyJ0eXAiOiJKV1QiLCJhbGciOiJIUzI1NiJ9.eyJpc3MiOiJnaXRodWIuY29tIiwiYXVkIjoicmVsZWFzZS1hc3NldHMuZ2l0aHVidXNlcmNvbnRlbnQuY29tIiwia2V5Ijoia2V5MSIsImV4cCI6MTc3MzIxNDA0OSwibmJmIjoxNzczMjEzNzQ5LCJwYXRoIjoicmVsZWFzZWFzc2V0cHJvZHVjdGlvbi5ibG9iLmNvcmUud2luZG93cy5uZXQifQ.GeJHIIdSwITpIJGym__usGVBnYHQpHSMAY5za1EACP8&response-content-disposition=attachment%3B%20filename%3Dshim-16.1.tar.bz2&response-content-type=application%2Foctet-stream
#7 0.829 Resolving release-assets.githubusercontent.com (release-assets.githubusercontent.com)... 185.199.110.133, 185.199.111.133, 185.199.108.133, ...
#7 0.903 Connecting to release-assets.githubusercontent.com (release-assets.githubusercontent.com)|185.199.110.133|:443... connected.
#7 0.965 HTTP request sent, awaiting response... 200 OK
#7 1.233 Length: 2348998 (2.2M) [application/octet-stream]
#7 1.239 Saving to: 'shim-16.1.tar.bz2'
#7 1.240 
#7 1.240      0K .......... .......... .......... .......... ..........  2% 4.53M 0s
#7 1.252     50K .......... .......... .......... .......... ..........  4% 4.60M 0s
#7 1.261    100K .......... .......... .......... .......... ..........  6% 4.77M 0s
#7 1.271    150K .......... .......... .......... .......... ..........  8% 9.74M 0s
#7 1.276    200K .......... .......... .......... .......... .......... 10% 12.7M 0s
#7 1.280    250K .......... .......... .......... .......... .......... 13% 4.87M 0s
#7 1.290    300K .......... .......... .......... .......... .......... 15% 22.5M 0s
#7 1.292    350K .......... .......... .......... .......... .......... 17% 41.6M 0s
#7 1.293    400K .......... .......... .......... .......... .......... 19% 12.3M 0s
#7 1.297    450K .......... .......... .......... .......... .......... 21%  280M 0s
#7 1.298    500K .......... .......... .......... .......... .......... 23% 8.22M 0s
#7 1.303    550K .......... .......... .......... .......... .......... 26% 11.6M 0s
#7 1.308    600K .......... .......... .......... .......... .......... 28% 9.45M 0s
#7 1.313    650K .......... .......... .......... .......... .......... 30% 16.0M 0s
#7 1.316    700K .......... .......... .......... .......... .......... 32% 41.0M 0s
#7 1.317    750K .......... .......... .......... .......... .......... 34%  197M 0s
#7 1.317    800K .......... .......... .......... .......... .......... 37% 9.11M 0s
#7 1.323    850K .......... .......... .......... .......... .......... 39% 35.2M 0s
#7 1.324    900K .......... .......... .......... .......... .......... 41% 29.8M 0s
#7 1.326    950K .......... .......... .......... .......... .......... 43% 37.7M 0s
#7 1.331   1000K .......... .......... .......... .......... .......... 45% 11.1M 0s
#7 1.331   1050K .......... .......... .......... .......... .......... 47% 37.7M 0s
#7 1.333   1100K .......... .......... .......... .......... .......... 50% 40.3M 0s
#7 1.334   1150K .......... .......... .......... .......... .......... 52% 14.0M 0s
#7 1.337   1200K .......... .......... .......... .......... .......... 54% 29.9M 0s
#7 1.339   1250K .......... .......... .......... .......... .......... 56% 12.4M 0s
#7 1.343   1300K .......... .......... .......... .......... .......... 58% 65.3M 0s
#7 1.344   1350K .......... .......... .......... .......... .......... 61% 45.8M 0s
#7 1.346   1400K .......... .......... .......... .......... .......... 63% 8.33M 0s
#7 1.351   1450K .......... .......... .......... .......... .......... 65% 37.8M 0s
#7 1.352   1500K .......... .......... .......... .......... .......... 67% 35.7M 0s
#7 1.353   1550K .......... .......... .......... .......... .......... 69% 41.4M 0s
#7 1.354   1600K .......... .......... .......... .......... .......... 71% 10.8M 0s
#7 1.359   1650K .......... .......... .......... .......... .......... 74% 44.3M 0s
#7 1.360   1700K .......... .......... .......... .......... .......... 76% 31.1M 0s
#7 1.362   1750K .......... .......... .......... .......... .......... 78% 9.53M 0s
#7 1.367   1800K .......... .......... .......... .......... .......... 80% 36.1M 0s
#7 1.368   1850K .......... .......... .......... .......... .......... 82% 38.1M 0s
#7 1.369   1900K .......... .......... .......... .......... .......... 85% 37.6M 0s
#7 1.371   1950K .......... .......... .......... .......... .......... 87% 9.58M 0s
#7 1.376   2000K .......... .......... .......... .......... .......... 89% 40.9M 0s
#7 1.377   2050K .......... .......... .......... .......... .......... 91% 28.4M 0s
#7 1.379   2100K .......... .......... .......... .......... .......... 93% 9.04M 0s
#7 1.384   2150K .......... .......... .......... .......... .......... 95%  319M 0s
#7 1.385   2200K .......... .......... .......... .......... .......... 98% 18.7M 0s
#7 1.387   2250K .......... .......... .......... .......... ...       100%  237M=0.1s
#7 1.388 
#7 1.390 2026-03-11 07:22:30 (15.2 MB/s) - 'shim-16.1.tar.bz2' saved [2348998/2348998]
#7 1.390 
#7 DONE 1.4s

#8 [ 4/15] RUN mkdir /shim-build
#8 DONE 0.1s

#9 [ 5/15] RUN tar -xvf shim-16.1.tar.bz2 --directory /shim-build
#9 0.169 shim-16.1/
#9 0.171 shim-16.1/.clang-format
#9 0.171 shim-16.1/.github/
#9 0.172 shim-16.1/.github/workflows/
#9 0.172 shim-16.1/.github/workflows/mkosi.yml
#9 0.172 shim-16.1/.github/workflows/pullrequest.yml
#9 0.172 shim-16.1/.gitignore
#9 0.172 shim-16.1/.gitmodules
#9 0.172 shim-16.1/BUILDING
#9 0.172 shim-16.1/CODE_OF_CONDUCT.md
#9 0.172 shim-16.1/COPYRIGHT
#9 0.172 shim-16.1/Cryptlib/
#9 0.172 shim-16.1/Cryptlib/Base.h
#9 0.172 shim-16.1/Cryptlib/Cipher/
#9 0.172 shim-16.1/Cryptlib/Cipher/CryptAesNull.c
#9 0.172 shim-16.1/Cryptlib/Cipher/CryptArc4Null.c
#9 0.172 shim-16.1/Cryptlib/Cipher/CryptTdesNull.c
#9 0.172 shim-16.1/Cryptlib/Cryptlib.diff
#9 0.172 shim-16.1/Cryptlib/Hash/
#9 0.173 shim-16.1/Cryptlib/Hash/CryptMd4Null.c
#9 0.173 shim-16.1/Cryptlib/Hash/CryptMd5.c
#9 0.173 shim-16.1/Cryptlib/Hash/CryptSha1.c
#9 0.173 shim-16.1/Cryptlib/Hash/CryptSha256.c
#9 0.173 shim-16.1/Cryptlib/Hash/CryptSha512.c
#9 0.173 shim-16.1/Cryptlib/Hmac/
#9 0.173 shim-16.1/Cryptlib/Hmac/CryptHmacMd5Null.c
#9 0.173 shim-16.1/Cryptlib/Hmac/CryptHmacSha1Null.c
#9 0.173 shim-16.1/Cryptlib/Hmac/CryptHmacSha256Null.c
#9 0.173 shim-16.1/Cryptlib/Include/
#9 0.173 shim-16.1/Cryptlib/Include/OpenSslSupport.h
#9 0.173 shim-16.1/Cryptlib/Include/Protocol/
#9 0.173 shim-16.1/Cryptlib/Include/Protocol/RuntimeCrypt.h
#9 0.173 shim-16.1/Cryptlib/Include/arpa/
#9 0.173 shim-16.1/Cryptlib/Include/arpa/inet.h
#9 0.173 shim-16.1/Cryptlib/Include/assert.h
#9 0.173 shim-16.1/Cryptlib/Include/dirent.h
#9 0.173 shim-16.1/Cryptlib/Include/errno.h
#9 0.173 shim-16.1/Cryptlib/Include/limits.h
#9 0.173 shim-16.1/Cryptlib/Include/malloc.h
#9 0.173 shim-16.1/Cryptlib/Include/math.h
#9 0.173 shim-16.1/Cryptlib/Include/memory.h
#9 0.173 shim-16.1/Cryptlib/Include/netdb.h
#9 0.173 shim-16.1/Cryptlib/Include/netinet/
#9 0.173 shim-16.1/Cryptlib/Include/netinet/in.h
#9 0.173 shim-16.1/Cryptlib/Include/openssl/
#9 0.173 shim-16.1/Cryptlib/Include/openssl/README
#9 0.173 shim-16.1/Cryptlib/Include/openssl/aes.h
#9 0.173 shim-16.1/Cryptlib/Include/openssl/asn1.h
#9 0.174 shim-16.1/Cryptlib/Include/openssl/asn1_mac.h
#9 0.174 shim-16.1/Cryptlib/Include/openssl/asn1t.h
#9 0.175 shim-16.1/Cryptlib/Include/openssl/bio.h
#9 0.175 shim-16.1/Cryptlib/Include/openssl/blowfish.h
#9 0.175 shim-16.1/Cryptlib/Include/openssl/bn.h
#9 0.176 shim-16.1/Cryptlib/Include/openssl/buffer.h
#9 0.176 shim-16.1/Cryptlib/Include/openssl/camellia.h
#9 0.176 shim-16.1/Cryptlib/Include/openssl/cast.h
#9 0.176 shim-16.1/Cryptlib/Include/openssl/cmac.h
#9 0.176 shim-16.1/Cryptlib/Include/openssl/cms.h
#9 0.176 shim-16.1/Cryptlib/Include/openssl/comp.h
#9 0.176 shim-16.1/Cryptlib/Include/openssl/conf.h
#9 0.177 shim-16.1/Cryptlib/Include/openssl/conf_api.h
#9 0.177 shim-16.1/Cryptlib/Include/openssl/crypto.h
#9 0.177 shim-16.1/Cryptlib/Include/openssl/des.h
#9 0.177 shim-16.1/Cryptlib/Include/openssl/des_old.h
#9 0.178 shim-16.1/Cryptlib/Include/openssl/dh.h
#9 0.178 shim-16.1/Cryptlib/Include/openssl/dsa.h
#9 0.178 shim-16.1/Cryptlib/Include/openssl/dso.h
#9 0.178 shim-16.1/Cryptlib/Include/openssl/dtls1.h
#9 0.179 shim-16.1/Cryptlib/Include/openssl/e_os2.h
#9 0.179 shim-16.1/Cryptlib/Include/openssl/ebcdic.h
#9 0.179 shim-16.1/Cryptlib/Include/openssl/ec.h
#9 0.179 shim-16.1/Cryptlib/Include/openssl/ecdh.h
#9 0.179 shim-16.1/Cryptlib/Include/openssl/ecdsa.h
#9 0.180 shim-16.1/Cryptlib/Include/openssl/engine.h
#9 0.180 shim-16.1/Cryptlib/Include/openssl/err.h
#9 0.180 shim-16.1/Cryptlib/Include/openssl/evp.h
#9 0.181 shim-16.1/Cryptlib/Include/openssl/hmac.h
#9 0.181 shim-16.1/Cryptlib/Include/openssl/idea.h
#9 0.181 shim-16.1/Cryptlib/Include/openssl/kssl.h
#9 0.181 shim-16.1/Cryptlib/Include/openssl/lhash.h
#9 0.181 shim-16.1/Cryptlib/Include/openssl/md4.h
#9 0.181 shim-16.1/Cryptlib/Include/openssl/md5.h
#9 0.181 shim-16.1/Cryptlib/Include/openssl/mdc2.h
#9 0.181 shim-16.1/Cryptlib/Include/openssl/modes.h
#9 0.181 shim-16.1/Cryptlib/Include/openssl/obj_mac.h
#9 0.183 shim-16.1/Cryptlib/Include/openssl/objects.h
#9 0.183 shim-16.1/Cryptlib/Include/openssl/ocsp.h
#9 0.191 shim-16.1/Cryptlib/Include/openssl/opensslconf.h
#9 0.191 shim-16.1/Cryptlib/Include/openssl/opensslv.h
#9 0.191 shim-16.1/Cryptlib/Include/openssl/ossl_typ.h
#9 0.191 shim-16.1/Cryptlib/Include/openssl/pem.h
#9 0.192 shim-16.1/Cryptlib/Include/openssl/pem2.h
#9 0.192 shim-16.1/Cryptlib/Include/openssl/pkcs12.h
#9 0.192 shim-16.1/Cryptlib/Include/openssl/pkcs7.h
#9 0.192 shim-16.1/Cryptlib/Include/openssl/pqueue.h
#9 0.192 shim-16.1/Cryptlib/Include/openssl/rand.h
#9 0.192 shim-16.1/Cryptlib/Include/openssl/rc2.h
#9 0.192 shim-16.1/Cryptlib/Include/openssl/rc4.h
#9 0.193 shim-16.1/Cryptlib/Include/openssl/ripemd.h
#9 0.193 shim-16.1/Cryptlib/Include/openssl/rsa.h
#9 0.193 shim-16.1/Cryptlib/Include/openssl/safestack.h
#9 0.194 shim-16.1/Cryptlib/Include/openssl/seed.h
#9 0.194 shim-16.1/Cryptlib/Include/openssl/sha.h
#9 0.194 shim-16.1/Cryptlib/Include/openssl/srp.h
#9 0.194 shim-16.1/Cryptlib/Include/openssl/srtp.h
#9 0.194 shim-16.1/Cryptlib/Include/openssl/ssl.h
#9 0.196 shim-16.1/Cryptlib/Include/openssl/ssl2.h
#9 0.196 shim-16.1/Cryptlib/Include/openssl/ssl23.h
#9 0.196 shim-16.1/Cryptlib/Include/openssl/ssl3.h
#9 0.196 shim-16.1/Cryptlib/Include/openssl/stack.h
#9 0.196 shim-16.1/Cryptlib/Include/openssl/symhacks.h
#9 0.197 shim-16.1/Cryptlib/Include/openssl/tls1.h
#9 0.197 shim-16.1/Cryptlib/Include/openssl/ts.h
#9 0.197 shim-16.1/Cryptlib/Include/openssl/txt_db.h
#9 0.197 shim-16.1/Cryptlib/Include/openssl/ui.h
#9 0.198 shim-16.1/Cryptlib/Include/openssl/ui_compat.h
#9 0.198 shim-16.1/Cryptlib/Include/openssl/whrlpool.h
#9 0.198 shim-16.1/Cryptlib/Include/openssl/x509.h
#9 0.198 shim-16.1/Cryptlib/Include/openssl/x509_vfy.h
#9 0.199 shim-16.1/Cryptlib/Include/openssl/x509v3.h
#9 0.199 shim-16.1/Cryptlib/Include/sgtty.h
#9 0.199 shim-16.1/Cryptlib/Include/signal.h
#9 0.199 shim-16.1/Cryptlib/Include/stdio.h
#9 0.199 shim-16.1/Cryptlib/Include/sys/
#9 0.199 shim-16.1/Cryptlib/Include/sys/ioctl.h
#9 0.199 shim-16.1/Cryptlib/Include/sys/param.h
#9 0.199 shim-16.1/Cryptlib/Include/sys/socket.h
#9 0.199 shim-16.1/Cryptlib/Include/sys/stat.h
#9 0.199 shim-16.1/Cryptlib/Include/sys/time.h
#9 0.199 shim-16.1/Cryptlib/Include/sys/times.h
#9 0.199 shim-16.1/Cryptlib/Include/sys/types.h
#9 0.199 shim-16.1/Cryptlib/Include/sys/un.h
#9 0.199 shim-16.1/Cryptlib/Include/syslog.h
#9 0.199 shim-16.1/Cryptlib/Include/time.h
#9 0.199 shim-16.1/Cryptlib/Include/unistd.h
#9 0.199 shim-16.1/Cryptlib/InternalCryptLib.h
#9 0.199 shim-16.1/Cryptlib/Library/
#9 0.199 shim-16.1/Cryptlib/Library/BaseCryptLib.h
#9 0.200 shim-16.1/Cryptlib/Library/BaseLib.h
#9 0.200 shim-16.1/Cryptlib/Library/BaseMemoryLib.h
#9 0.200 shim-16.1/Cryptlib/Library/DebugLib.h
#9 0.200 shim-16.1/Cryptlib/Library/MemoryAllocationLib.h
#9 0.200 shim-16.1/Cryptlib/Makefile
#9 0.200 shim-16.1/Cryptlib/OpenSSL/
#9 0.200 shim-16.1/Cryptlib/OpenSSL/Makefile
#9 0.208 shim-16.1/Cryptlib/OpenSSL/buildinf.h
#9 0.208 shim-16.1/Cryptlib/OpenSSL/crypto/
#9 0.208 shim-16.1/Cryptlib/OpenSSL/crypto/LPdir_nyi.c
#9 0.208 shim-16.1/Cryptlib/OpenSSL/crypto/aes/
#9 0.209 shim-16.1/Cryptlib/OpenSSL/crypto/aes/aes_cbc.c
#9 0.209 shim-16.1/Cryptlib/OpenSSL/crypto/aes/aes_cfb.c
#9 0.209 shim-16.1/Cryptlib/OpenSSL/crypto/aes/aes_core.c
#9 0.209 shim-16.1/Cryptlib/OpenSSL/crypto/aes/aes_ctr.c
#9 0.209 shim-16.1/Cryptlib/OpenSSL/crypto/aes/aes_ecb.c
#9 0.209 shim-16.1/Cryptlib/OpenSSL/crypto/aes/aes_ige.c
#9 0.209 shim-16.1/Cryptlib/OpenSSL/crypto/aes/aes_locl.h
#9 0.209 shim-16.1/Cryptlib/OpenSSL/crypto/aes/aes_misc.c
#9 0.210 shim-16.1/Cryptlib/OpenSSL/crypto/aes/aes_ofb.c
#9 0.210 shim-16.1/Cryptlib/OpenSSL/crypto/aes/aes_wrap.c
#9 0.210 shim-16.1/Cryptlib/OpenSSL/crypto/asn1/
#9 0.210 shim-16.1/Cryptlib/OpenSSL/crypto/asn1/a_bitstr.c
#9 0.210 shim-16.1/Cryptlib/OpenSSL/crypto/asn1/a_bool.c
#9 0.210 shim-16.1/Cryptlib/OpenSSL/crypto/asn1/a_bytes.c
#9 0.211 shim-16.1/Cryptlib/OpenSSL/crypto/asn1/a_d2i_fp.c
#9 0.211 shim-16.1/Cryptlib/OpenSSL/crypto/asn1/a_digest.c
#9 0.211 shim-16.1/Cryptlib/OpenSSL/crypto/asn1/a_dup.c
#9 0.211 shim-16.1/Cryptlib/OpenSSL/crypto/asn1/a_enum.c
#9 0.211 shim-16.1/Cryptlib/OpenSSL/crypto/asn1/a_gentm.c
#9 0.212 shim-16.1/Cryptlib/OpenSSL/crypto/asn1/a_i2d_fp.c
#9 0.212 shim-16.1/Cryptlib/OpenSSL/crypto/asn1/a_int.c
#9 0.212 shim-16.1/Cryptlib/OpenSSL/crypto/asn1/a_mbstr.c
#9 0.212 shim-16.1/Cryptlib/OpenSSL/crypto/asn1/a_object.c
#9 0.213 shim-16.1/Cryptlib/OpenSSL/crypto/asn1/a_octet.c
#9 0.213 shim-16.1/Cryptlib/OpenSSL/crypto/asn1/a_print.c
#9 0.213 shim-16.1/Cryptlib/OpenSSL/crypto/asn1/a_set.c
#9 0.213 shim-16.1/Cryptlib/OpenSSL/crypto/asn1/a_sign.c
#9 0.213 shim-16.1/Cryptlib/OpenSSL/crypto/asn1/a_strex.c
#9 0.214 shim-16.1/Cryptlib/OpenSSL/crypto/asn1/a_strnid.c
#9 0.214 shim-16.1/Cryptlib/OpenSSL/crypto/asn1/a_time.c
#9 0.214 shim-16.1/Cryptlib/OpenSSL/crypto/asn1/a_type.c
#9 0.214 shim-16.1/Cryptlib/OpenSSL/crypto/asn1/a_utctm.c
#9 0.214 shim-16.1/Cryptlib/OpenSSL/crypto/asn1/a_utf8.c
#9 0.214 shim-16.1/Cryptlib/OpenSSL/crypto/asn1/a_verify.c
#9 0.215 shim-16.1/Cryptlib/OpenSSL/crypto/asn1/ameth_lib.c
#9 0.215 shim-16.1/Cryptlib/OpenSSL/crypto/asn1/asn1_err.c
#9 0.215 shim-16.1/Cryptlib/OpenSSL/crypto/asn1/asn1_gen.c
#9 0.215 shim-16.1/Cryptlib/OpenSSL/crypto/asn1/asn1_lib.c
#9 0.216 shim-16.1/Cryptlib/OpenSSL/crypto/asn1/asn1_locl.h
#9 0.216 shim-16.1/Cryptlib/OpenSSL/crypto/asn1/asn1_par.c
#9 0.216 shim-16.1/Cryptlib/OpenSSL/crypto/asn1/asn_mime.c
#9 0.216 shim-16.1/Cryptlib/OpenSSL/crypto/asn1/asn_moid.c
#9 0.216 shim-16.1/Cryptlib/OpenSSL/crypto/asn1/asn_pack.c
#9 0.216 shim-16.1/Cryptlib/OpenSSL/crypto/asn1/bio_asn1.c
#9 0.217 shim-16.1/Cryptlib/OpenSSL/crypto/asn1/bio_ndef.c
#9 0.217 shim-16.1/Cryptlib/OpenSSL/crypto/asn1/charmap.h
#9 0.217 shim-16.1/Cryptlib/OpenSSL/crypto/asn1/d2i_pr.c
#9 0.217 shim-16.1/Cryptlib/OpenSSL/crypto/asn1/d2i_pu.c
#9 0.217 shim-16.1/Cryptlib/OpenSSL/crypto/asn1/evp_asn1.c
#9 0.217 shim-16.1/Cryptlib/OpenSSL/crypto/asn1/f_enum.c
#9 0.217 shim-16.1/Cryptlib/OpenSSL/crypto/asn1/f_int.c
#9 0.218 shim-16.1/Cryptlib/OpenSSL/crypto/asn1/f_string.c
#9 0.218 shim-16.1/Cryptlib/OpenSSL/crypto/asn1/i2d_pr.c
#9 0.218 shim-16.1/Cryptlib/OpenSSL/crypto/asn1/i2d_pu.c
#9 0.218 shim-16.1/Cryptlib/OpenSSL/crypto/asn1/n_pkey.c
#9 0.218 shim-16.1/Cryptlib/OpenSSL/crypto/asn1/nsseq.c
#9 0.218 shim-16.1/Cryptlib/OpenSSL/crypto/asn1/p5_pbe.c
#9 0.218 shim-16.1/Cryptlib/OpenSSL/crypto/asn1/p5_pbev2.c
#9 0.219 shim-16.1/Cryptlib/OpenSSL/crypto/asn1/p8_pkey.c
#9 0.219 shim-16.1/Cryptlib/OpenSSL/crypto/asn1/t_bitst.c
#9 0.219 shim-16.1/Cryptlib/OpenSSL/crypto/asn1/t_crl.c
#9 0.219 shim-16.1/Cryptlib/OpenSSL/crypto/asn1/t_pkey.c
#9 0.219 shim-16.1/Cryptlib/OpenSSL/crypto/asn1/t_req.c
#9 0.219 shim-16.1/Cryptlib/OpenSSL/crypto/asn1/t_spki.c
#9 0.219 shim-16.1/Cryptlib/OpenSSL/crypto/asn1/t_x509.c
#9 0.220 shim-16.1/Cryptlib/OpenSSL/crypto/asn1/t_x509a.c
#9 0.220 shim-16.1/Cryptlib/OpenSSL/crypto/asn1/tasn_dec.c
#9 0.220 shim-16.1/Cryptlib/OpenSSL/crypto/asn1/tasn_enc.c
#9 0.221 shim-16.1/Cryptlib/OpenSSL/crypto/asn1/tasn_fre.c
#9 0.221 shim-16.1/Cryptlib/OpenSSL/crypto/asn1/tasn_new.c
#9 0.221 shim-16.1/Cryptlib/OpenSSL/crypto/asn1/tasn_prn.c
#9 0.221 shim-16.1/Cryptlib/OpenSSL/crypto/asn1/tasn_typ.c
#9 0.221 shim-16.1/Cryptlib/OpenSSL/crypto/asn1/tasn_utl.c
#9 0.221 shim-16.1/Cryptlib/OpenSSL/crypto/asn1/x_algor.c
#9 0.222 shim-16.1/Cryptlib/OpenSSL/crypto/asn1/x_attrib.c
#9 0.222 shim-16.1/Cryptlib/OpenSSL/crypto/asn1/x_bignum.c
#9 0.222 shim-16.1/Cryptlib/OpenSSL/crypto/asn1/x_crl.c
#9 0.222 shim-16.1/Cryptlib/OpenSSL/crypto/asn1/x_exten.c
#9 0.222 shim-16.1/Cryptlib/OpenSSL/crypto/asn1/x_info.c
#9 0.222 shim-16.1/Cryptlib/OpenSSL/crypto/asn1/x_long.c
#9 0.222 shim-16.1/Cryptlib/OpenSSL/crypto/asn1/x_name.c
#9 0.223 shim-16.1/Cryptlib/OpenSSL/crypto/asn1/x_nx509.c
#9 0.223 shim-16.1/Cryptlib/OpenSSL/crypto/asn1/x_pkey.c
#9 0.223 shim-16.1/Cryptlib/OpenSSL/crypto/asn1/x_pubkey.c
#9 0.223 shim-16.1/Cryptlib/OpenSSL/crypto/asn1/x_req.c
#9 0.223 shim-16.1/Cryptlib/OpenSSL/crypto/asn1/x_sig.c
#9 0.223 shim-16.1/Cryptlib/OpenSSL/crypto/asn1/x_spki.c
#9 0.223 shim-16.1/Cryptlib/OpenSSL/crypto/asn1/x_val.c
#9 0.223 shim-16.1/Cryptlib/OpenSSL/crypto/asn1/x_x509.c
#9 0.223 shim-16.1/Cryptlib/OpenSSL/crypto/asn1/x_x509a.c
#9 0.224 shim-16.1/Cryptlib/OpenSSL/crypto/bio/
#9 0.224 shim-16.1/Cryptlib/OpenSSL/crypto/bio/b_dump.c
#9 0.224 shim-16.1/Cryptlib/OpenSSL/crypto/bio/b_print.c
#9 0.224 shim-16.1/Cryptlib/OpenSSL/crypto/bio/b_sock.c
#9 0.224 shim-16.1/Cryptlib/OpenSSL/crypto/bio/bf_buff.c
#9 0.225 shim-16.1/Cryptlib/OpenSSL/crypto/bio/bf_nbio.c
#9 0.225 shim-16.1/Cryptlib/OpenSSL/crypto/bio/bf_null.c
#9 0.225 shim-16.1/Cryptlib/OpenSSL/crypto/bio/bio_cb.c
#9 0.225 shim-16.1/Cryptlib/OpenSSL/crypto/bio/bio_err.c
#9 0.225 shim-16.1/Cryptlib/OpenSSL/crypto/bio/bio_lcl.h
#9 0.225 shim-16.1/Cryptlib/OpenSSL/crypto/bio/bio_lib.c
#9 0.234 shim-16.1/Cryptlib/OpenSSL/crypto/bio/bss_acpt.c
#9 0.234 shim-16.1/Cryptlib/OpenSSL/crypto/bio/bss_bio.c
#9 0.234 shim-16.1/Cryptlib/OpenSSL/crypto/bio/bss_conn.c
#9 0.234 shim-16.1/Cryptlib/OpenSSL/crypto/bio/bss_dgram.c
#9 0.235 shim-16.1/Cryptlib/OpenSSL/crypto/bio/bss_fd.c
#9 0.235 shim-16.1/Cryptlib/OpenSSL/crypto/bio/bss_file.c
#9 0.235 shim-16.1/Cryptlib/OpenSSL/crypto/bio/bss_log.c
#9 0.235 shim-16.1/Cryptlib/OpenSSL/crypto/bio/bss_mem.c
#9 0.236 shim-16.1/Cryptlib/OpenSSL/crypto/bio/bss_null.c
#9 0.236 shim-16.1/Cryptlib/OpenSSL/crypto/bio/bss_sock.c
#9 0.236 shim-16.1/Cryptlib/OpenSSL/crypto/bn/
#9 0.236 shim-16.1/Cryptlib/OpenSSL/crypto/bn/bn.h
#9 0.237 shim-16.1/Cryptlib/OpenSSL/crypto/bn/bn_add.c
#9 0.237 shim-16.1/Cryptlib/OpenSSL/crypto/bn/bn_asm.c
#9 0.237 shim-16.1/Cryptlib/OpenSSL/crypto/bn/bn_blind.c
#9 0.237 shim-16.1/Cryptlib/OpenSSL/crypto/bn/bn_const.c
#9 0.238 shim-16.1/Cryptlib/OpenSSL/crypto/bn/bn_ctx.c
#9 0.238 shim-16.1/Cryptlib/OpenSSL/crypto/bn/bn_depr.c
#9 0.238 shim-16.1/Cryptlib/OpenSSL/crypto/bn/bn_div.c
#9 0.238 shim-16.1/Cryptlib/OpenSSL/crypto/bn/bn_err.c
#9 0.238 shim-16.1/Cryptlib/OpenSSL/crypto/bn/bn_exp.c
#9 0.239 shim-16.1/Cryptlib/OpenSSL/crypto/bn/bn_exp2.c
#9 0.239 shim-16.1/Cryptlib/OpenSSL/crypto/bn/bn_gcd.c
#9 0.240 shim-16.1/Cryptlib/OpenSSL/crypto/bn/bn_gf2m.c
#9 0.240 shim-16.1/Cryptlib/OpenSSL/crypto/bn/bn_kron.c
#9 0.240 shim-16.1/Cryptlib/OpenSSL/crypto/bn/bn_lcl.h
#9 0.240 shim-16.1/Cryptlib/OpenSSL/crypto/bn/bn_lib.c
#9 0.241 shim-16.1/Cryptlib/OpenSSL/crypto/bn/bn_mod.c
#9 0.241 shim-16.1/Cryptlib/OpenSSL/crypto/bn/bn_mont.c
#9 0.241 shim-16.1/Cryptlib/OpenSSL/crypto/bn/bn_mpi.c
#9 0.241 shim-16.1/Cryptlib/OpenSSL/crypto/bn/bn_mul.c
#9 0.242 shim-16.1/Cryptlib/OpenSSL/crypto/bn/bn_nist.c
#9 0.242 shim-16.1/Cryptlib/OpenSSL/crypto/bn/bn_prime.c
#9 0.242 shim-16.1/Cryptlib/OpenSSL/crypto/bn/bn_prime.h
#9 0.242 shim-16.1/Cryptlib/OpenSSL/crypto/bn/bn_print.c
#9 0.243 shim-16.1/Cryptlib/OpenSSL/crypto/bn/bn_rand.c
#9 0.243 shim-16.1/Cryptlib/OpenSSL/crypto/bn/bn_recp.c
#9 0.243 shim-16.1/Cryptlib/OpenSSL/crypto/bn/bn_shift.c
#9 0.243 shim-16.1/Cryptlib/OpenSSL/crypto/bn/bn_sqr.c
#9 0.243 shim-16.1/Cryptlib/OpenSSL/crypto/bn/bn_sqrt.c
#9 0.243 shim-16.1/Cryptlib/OpenSSL/crypto/bn/bn_word.c
#9 0.243 shim-16.1/Cryptlib/OpenSSL/crypto/bn/bn_x931p.c
#9 0.244 shim-16.1/Cryptlib/OpenSSL/crypto/bn/rsaz_exp.h
#9 0.244 shim-16.1/Cryptlib/OpenSSL/crypto/buffer/
#9 0.244 shim-16.1/Cryptlib/OpenSSL/crypto/buffer/buf_err.c
#9 0.244 shim-16.1/Cryptlib/OpenSSL/crypto/buffer/buf_str.c
#9 0.244 shim-16.1/Cryptlib/OpenSSL/crypto/buffer/buffer.c
#9 0.244 shim-16.1/Cryptlib/OpenSSL/crypto/cmac/
#9 0.244 shim-16.1/Cryptlib/OpenSSL/crypto/cmac/cm_ameth.c
#9 0.244 shim-16.1/Cryptlib/OpenSSL/crypto/cmac/cm_pmeth.c
#9 0.244 shim-16.1/Cryptlib/OpenSSL/crypto/cmac/cmac.c
#9 0.244 shim-16.1/Cryptlib/OpenSSL/crypto/comp/
#9 0.244 shim-16.1/Cryptlib/OpenSSL/crypto/comp/c_rle.c
#9 0.244 shim-16.1/Cryptlib/OpenSSL/crypto/comp/c_zlib.c
#9 0.245 shim-16.1/Cryptlib/OpenSSL/crypto/comp/comp_err.c
#9 0.245 shim-16.1/Cryptlib/OpenSSL/crypto/comp/comp_lib.c
#9 0.245 shim-16.1/Cryptlib/OpenSSL/crypto/conf/
#9 0.245 shim-16.1/Cryptlib/OpenSSL/crypto/conf/conf_api.c
#9 0.245 shim-16.1/Cryptlib/OpenSSL/crypto/conf/conf_def.c
#9 0.245 shim-16.1/Cryptlib/OpenSSL/crypto/conf/conf_def.h
#9 0.245 shim-16.1/Cryptlib/OpenSSL/crypto/conf/conf_err.c
#9 0.245 shim-16.1/Cryptlib/OpenSSL/crypto/conf/conf_lib.c
#9 0.246 shim-16.1/Cryptlib/OpenSSL/crypto/conf/conf_mall.c
#9 0.246 shim-16.1/Cryptlib/OpenSSL/crypto/conf/conf_mod.c
#9 0.246 shim-16.1/Cryptlib/OpenSSL/crypto/conf/conf_sap.c
#9 0.246 shim-16.1/Cryptlib/OpenSSL/crypto/constant_time_locl.h
#9 0.246 shim-16.1/Cryptlib/OpenSSL/crypto/cpt_err.c
#9 0.246 shim-16.1/Cryptlib/OpenSSL/crypto/cryptlib.c
#9 0.247 shim-16.1/Cryptlib/OpenSSL/crypto/cryptlib.h
#9 0.247 shim-16.1/Cryptlib/OpenSSL/crypto/cversion.c
#9 0.247 shim-16.1/Cryptlib/OpenSSL/crypto/dh/
#9 0.247 shim-16.1/Cryptlib/OpenSSL/crypto/dh/dh_ameth.c
#9 0.247 shim-16.1/Cryptlib/OpenSSL/crypto/dh/dh_asn1.c
#9 0.247 shim-16.1/Cryptlib/OpenSSL/crypto/dh/dh_check.c
#9 0.247 shim-16.1/Cryptlib/OpenSSL/crypto/dh/dh_depr.c
#9 0.247 shim-16.1/Cryptlib/OpenSSL/crypto/dh/dh_err.c
#9 0.248 shim-16.1/Cryptlib/OpenSSL/crypto/dh/dh_gen.c
#9 0.255 shim-16.1/Cryptlib/OpenSSL/crypto/dh/dh_key.c
#9 0.255 shim-16.1/Cryptlib/OpenSSL/crypto/dh/dh_lib.c
#9 0.255 shim-16.1/Cryptlib/OpenSSL/crypto/dh/dh_pmeth.c
#9 0.255 shim-16.1/Cryptlib/OpenSSL/crypto/dh/dh_prn.c
#9 0.255 shim-16.1/Cryptlib/OpenSSL/crypto/dh/dh_rfc5114.c
#9 0.256 shim-16.1/Cryptlib/OpenSSL/crypto/dso/
#9 0.256 shim-16.1/Cryptlib/OpenSSL/crypto/dso/dso_beos.c
#9 0.256 shim-16.1/Cryptlib/OpenSSL/crypto/dso/dso_dl.c
#9 0.256 shim-16.1/Cryptlib/OpenSSL/crypto/dso/dso_dlfcn.c
#9 0.256 shim-16.1/Cryptlib/OpenSSL/crypto/dso/dso_err.c
#9 0.256 shim-16.1/Cryptlib/OpenSSL/crypto/dso/dso_lib.c
#9 0.257 shim-16.1/Cryptlib/OpenSSL/crypto/dso/dso_null.c
#9 0.257 shim-16.1/Cryptlib/OpenSSL/crypto/dso/dso_openssl.c
#9 0.257 shim-16.1/Cryptlib/OpenSSL/crypto/dso/dso_vms.c
#9 0.257 shim-16.1/Cryptlib/OpenSSL/crypto/dso/dso_win32.c
#9 0.257 shim-16.1/Cryptlib/OpenSSL/crypto/ebcdic.c
#9 0.257 shim-16.1/Cryptlib/OpenSSL/crypto/err/
#9 0.257 shim-16.1/Cryptlib/OpenSSL/crypto/err/err.c
#9 0.258 shim-16.1/Cryptlib/OpenSSL/crypto/err/err_all.c
#9 0.258 shim-16.1/Cryptlib/OpenSSL/crypto/err/err_prn.c
#9 0.258 shim-16.1/Cryptlib/OpenSSL/crypto/evp/
#9 0.258 shim-16.1/Cryptlib/OpenSSL/crypto/evp/bio_b64.c
#9 0.258 shim-16.1/Cryptlib/OpenSSL/crypto/evp/bio_enc.c
#9 0.259 shim-16.1/Cryptlib/OpenSSL/crypto/evp/bio_md.c
#9 0.259 shim-16.1/Cryptlib/OpenSSL/crypto/evp/bio_ok.c
#9 0.259 shim-16.1/Cryptlib/OpenSSL/crypto/evp/c_all.c
#9 0.259 shim-16.1/Cryptlib/OpenSSL/crypto/evp/c_allc.c
#9 0.259 shim-16.1/Cryptlib/OpenSSL/crypto/evp/c_alld.c
#9 0.260 shim-16.1/Cryptlib/OpenSSL/crypto/evp/digest.c
#9 0.260 shim-16.1/Cryptlib/OpenSSL/crypto/evp/e_aes.c
#9 0.260 shim-16.1/Cryptlib/OpenSSL/crypto/evp/e_aes_cbc_hmac_sha1.c
#9 0.261 shim-16.1/Cryptlib/OpenSSL/crypto/evp/e_aes_cbc_hmac_sha256.c
#9 0.261 shim-16.1/Cryptlib/OpenSSL/crypto/evp/e_bf.c
#9 0.261 shim-16.1/Cryptlib/OpenSSL/crypto/evp/e_camellia.c
#9 0.261 shim-16.1/Cryptlib/OpenSSL/crypto/evp/e_cast.c
#9 0.261 shim-16.1/Cryptlib/OpenSSL/crypto/evp/e_des.c
#9 0.261 shim-16.1/Cryptlib/OpenSSL/crypto/evp/e_des3.c
#9 0.262 shim-16.1/Cryptlib/OpenSSL/crypto/evp/e_idea.c
#9 0.262 shim-16.1/Cryptlib/OpenSSL/crypto/evp/e_null.c
#9 0.262 shim-16.1/Cryptlib/OpenSSL/crypto/evp/e_old.c
#9 0.262 shim-16.1/Cryptlib/OpenSSL/crypto/evp/e_rc2.c
#9 0.262 shim-16.1/Cryptlib/OpenSSL/crypto/evp/e_rc4.c
#9 0.262 shim-16.1/Cryptlib/OpenSSL/crypto/evp/e_rc4_hmac_md5.c
#9 0.262 shim-16.1/Cryptlib/OpenSSL/crypto/evp/e_rc5.c
#9 0.263 shim-16.1/Cryptlib/OpenSSL/crypto/evp/e_seed.c
#9 0.263 shim-16.1/Cryptlib/OpenSSL/crypto/evp/e_xcbc_d.c
#9 0.263 shim-16.1/Cryptlib/OpenSSL/crypto/evp/encode.c
#9 0.263 shim-16.1/Cryptlib/OpenSSL/crypto/evp/evp_acnf.c
#9 0.263 shim-16.1/Cryptlib/OpenSSL/crypto/evp/evp_cnf.c
#9 0.263 shim-16.1/Cryptlib/OpenSSL/crypto/evp/evp_enc.c
#9 0.263 shim-16.1/Cryptlib/OpenSSL/crypto/evp/evp_err.c
#9 0.264 shim-16.1/Cryptlib/OpenSSL/crypto/evp/evp_key.c
#9 0.264 shim-16.1/Cryptlib/OpenSSL/crypto/evp/evp_lib.c
#9 0.264 shim-16.1/Cryptlib/OpenSSL/crypto/evp/evp_locl.h
#9 0.264 shim-16.1/Cryptlib/OpenSSL/crypto/evp/evp_pbe.c
#9 0.264 shim-16.1/Cryptlib/OpenSSL/crypto/evp/evp_pkey.c
#9 0.265 shim-16.1/Cryptlib/OpenSSL/crypto/evp/m_dss.c
#9 0.265 shim-16.1/Cryptlib/OpenSSL/crypto/evp/m_dss1.c
#9 0.265 shim-16.1/Cryptlib/OpenSSL/crypto/evp/m_ecdsa.c
#9 0.265 shim-16.1/Cryptlib/OpenSSL/crypto/evp/m_md2.c
#9 0.265 shim-16.1/Cryptlib/OpenSSL/crypto/evp/m_md4.c
#9 0.265 shim-16.1/Cryptlib/OpenSSL/crypto/evp/m_md5.c
#9 0.265 shim-16.1/Cryptlib/OpenSSL/crypto/evp/m_mdc2.c
#9 0.265 shim-16.1/Cryptlib/OpenSSL/crypto/evp/m_null.c
#9 0.265 shim-16.1/Cryptlib/OpenSSL/crypto/evp/m_ripemd.c
#9 0.265 shim-16.1/Cryptlib/OpenSSL/crypto/evp/m_sha.c
#9 0.265 shim-16.1/Cryptlib/OpenSSL/crypto/evp/m_sha1.c
#9 0.265 shim-16.1/Cryptlib/OpenSSL/crypto/evp/m_sigver.c
#9 0.265 shim-16.1/Cryptlib/OpenSSL/crypto/evp/m_wp.c
#9 0.266 shim-16.1/Cryptlib/OpenSSL/crypto/evp/names.c
#9 0.266 shim-16.1/Cryptlib/OpenSSL/crypto/evp/p5_crpt.c
#9 0.266 shim-16.1/Cryptlib/OpenSSL/crypto/evp/p5_crpt2.c
#9 0.266 shim-16.1/Cryptlib/OpenSSL/crypto/evp/p_dec.c
#9 0.266 shim-16.1/Cryptlib/OpenSSL/crypto/evp/p_enc.c
#9 0.266 shim-16.1/Cryptlib/OpenSSL/crypto/evp/p_lib.c
#9 0.266 shim-16.1/Cryptlib/OpenSSL/crypto/evp/p_open.c
#9 0.267 shim-16.1/Cryptlib/OpenSSL/crypto/evp/p_seal.c
#9 0.267 shim-16.1/Cryptlib/OpenSSL/crypto/evp/p_sign.c
#9 0.267 shim-16.1/Cryptlib/OpenSSL/crypto/evp/p_verify.c
#9 0.267 shim-16.1/Cryptlib/OpenSSL/crypto/evp/pmeth_fn.c
#9 0.267 shim-16.1/Cryptlib/OpenSSL/crypto/evp/pmeth_gn.c
#9 0.267 shim-16.1/Cryptlib/OpenSSL/crypto/evp/pmeth_lib.c
#9 0.267 shim-16.1/Cryptlib/OpenSSL/crypto/ex_data.c
#9 0.268 shim-16.1/Cryptlib/OpenSSL/crypto/fips_ers.c
#9 0.268 shim-16.1/Cryptlib/OpenSSL/crypto/hmac/
#9 0.268 shim-16.1/Cryptlib/OpenSSL/crypto/hmac/hm_ameth.c
#9 0.268 shim-16.1/Cryptlib/OpenSSL/crypto/hmac/hm_pmeth.c
#9 0.268 shim-16.1/Cryptlib/OpenSSL/crypto/hmac/hmac.c
#9 0.268 shim-16.1/Cryptlib/OpenSSL/crypto/lhash/
#9 0.268 shim-16.1/Cryptlib/OpenSSL/crypto/lhash/lh_stats.c
#9 0.268 shim-16.1/Cryptlib/OpenSSL/crypto/lhash/lhash.c
#9 0.268 shim-16.1/Cryptlib/OpenSSL/crypto/md32_common.h
#9 0.269 shim-16.1/Cryptlib/OpenSSL/crypto/md5/
#9 0.269 shim-16.1/Cryptlib/OpenSSL/crypto/md5/md5_dgst.c
#9 0.269 shim-16.1/Cryptlib/OpenSSL/crypto/md5/md5_locl.h
#9 0.269 shim-16.1/Cryptlib/OpenSSL/crypto/md5/md5_one.c
#9 0.269 shim-16.1/Cryptlib/OpenSSL/crypto/mem.c
#9 0.269 shim-16.1/Cryptlib/OpenSSL/crypto/mem_clr.c
#9 0.269 shim-16.1/Cryptlib/OpenSSL/crypto/mem_dbg.c
#9 0.278 shim-16.1/Cryptlib/OpenSSL/crypto/modes/
#9 0.278 shim-16.1/Cryptlib/OpenSSL/crypto/modes/cbc128.c
#9 0.278 shim-16.1/Cryptlib/OpenSSL/crypto/modes/ccm128.c
#9 0.278 shim-16.1/Cryptlib/OpenSSL/crypto/modes/cfb128.c
#9 0.278 shim-16.1/Cryptlib/OpenSSL/crypto/modes/ctr128.c
#9 0.278 shim-16.1/Cryptlib/OpenSSL/crypto/modes/cts128.c
#9 0.278 shim-16.1/Cryptlib/OpenSSL/crypto/modes/gcm128.c
#9 0.279 shim-16.1/Cryptlib/OpenSSL/crypto/modes/modes_lcl.h
#9 0.279 shim-16.1/Cryptlib/OpenSSL/crypto/modes/ofb128.c
#9 0.279 shim-16.1/Cryptlib/OpenSSL/crypto/modes/wrap128.c
#9 0.279 shim-16.1/Cryptlib/OpenSSL/crypto/modes/xts128.c
#9 0.279 shim-16.1/Cryptlib/OpenSSL/crypto/o_dir.c
#9 0.279 shim-16.1/Cryptlib/OpenSSL/crypto/o_dir.h
#9 0.280 shim-16.1/Cryptlib/OpenSSL/crypto/o_fips.c
#9 0.280 shim-16.1/Cryptlib/OpenSSL/crypto/o_init.c
#9 0.280 shim-16.1/Cryptlib/OpenSSL/crypto/o_str.c
#9 0.280 shim-16.1/Cryptlib/OpenSSL/crypto/o_str.h
#9 0.280 shim-16.1/Cryptlib/OpenSSL/crypto/o_time.c
#9 0.280 shim-16.1/Cryptlib/OpenSSL/crypto/o_time.h
#9 0.280 shim-16.1/Cryptlib/OpenSSL/crypto/objects/
#9 0.280 shim-16.1/Cryptlib/OpenSSL/crypto/objects/o_names.c
#9 0.280 shim-16.1/Cryptlib/OpenSSL/crypto/objects/obj_dat.c
#9 0.280 shim-16.1/Cryptlib/OpenSSL/crypto/objects/obj_dat.h
#9 0.282 shim-16.1/Cryptlib/OpenSSL/crypto/objects/obj_err.c
#9 0.282 shim-16.1/Cryptlib/OpenSSL/crypto/objects/obj_lib.c
#9 0.282 shim-16.1/Cryptlib/OpenSSL/crypto/objects/obj_xref.c
#9 0.282 shim-16.1/Cryptlib/OpenSSL/crypto/objects/obj_xref.h
#9 0.282 shim-16.1/Cryptlib/OpenSSL/crypto/ocsp/
#9 0.283 shim-16.1/Cryptlib/OpenSSL/crypto/ocsp/ocsp_asn.c
#9 0.283 shim-16.1/Cryptlib/OpenSSL/crypto/ocsp/ocsp_cl.c
#9 0.283 shim-16.1/Cryptlib/OpenSSL/crypto/ocsp/ocsp_err.c
#9 0.283 shim-16.1/Cryptlib/OpenSSL/crypto/ocsp/ocsp_ext.c
#9 0.283 shim-16.1/Cryptlib/OpenSSL/crypto/ocsp/ocsp_ht.c
#9 0.283 shim-16.1/Cryptlib/OpenSSL/crypto/ocsp/ocsp_lib.c
#9 0.284 shim-16.1/Cryptlib/OpenSSL/crypto/ocsp/ocsp_prn.c
#9 0.284 shim-16.1/Cryptlib/OpenSSL/crypto/ocsp/ocsp_srv.c
#9 0.284 shim-16.1/Cryptlib/OpenSSL/crypto/ocsp/ocsp_vfy.c
#9 0.284 shim-16.1/Cryptlib/OpenSSL/crypto/pem/
#9 0.284 shim-16.1/Cryptlib/OpenSSL/crypto/pem/pem_all.c
#9 0.284 shim-16.1/Cryptlib/OpenSSL/crypto/pem/pem_err.c
#9 0.284 shim-16.1/Cryptlib/OpenSSL/crypto/pem/pem_info.c
#9 0.285 shim-16.1/Cryptlib/OpenSSL/crypto/pem/pem_lib.c
#9 0.285 shim-16.1/Cryptlib/OpenSSL/crypto/pem/pem_oth.c
#9 0.285 shim-16.1/Cryptlib/OpenSSL/crypto/pem/pem_pk8.c
#9 0.285 shim-16.1/Cryptlib/OpenSSL/crypto/pem/pem_pkey.c
#9 0.285 shim-16.1/Cryptlib/OpenSSL/crypto/pem/pem_seal.c
#9 0.286 shim-16.1/Cryptlib/OpenSSL/crypto/pem/pem_sign.c
#9 0.286 shim-16.1/Cryptlib/OpenSSL/crypto/pem/pem_x509.c
#9 0.286 shim-16.1/Cryptlib/OpenSSL/crypto/pem/pem_xaux.c
#9 0.286 shim-16.1/Cryptlib/OpenSSL/crypto/pem/pvkfmt.c
#9 0.286 shim-16.1/Cryptlib/OpenSSL/crypto/pkcs12/
#9 0.286 shim-16.1/Cryptlib/OpenSSL/crypto/pkcs12/p12_add.c
#9 0.286 shim-16.1/Cryptlib/OpenSSL/crypto/pkcs12/p12_asn.c
#9 0.286 shim-16.1/Cryptlib/OpenSSL/crypto/pkcs12/p12_attr.c
#9 0.286 shim-16.1/Cryptlib/OpenSSL/crypto/pkcs12/p12_crpt.c
#9 0.287 shim-16.1/Cryptlib/OpenSSL/crypto/pkcs12/p12_crt.c
#9 0.287 shim-16.1/Cryptlib/OpenSSL/crypto/pkcs12/p12_decr.c
#9 0.287 shim-16.1/Cryptlib/OpenSSL/crypto/pkcs12/p12_init.c
#9 0.287 shim-16.1/Cryptlib/OpenSSL/crypto/pkcs12/p12_key.c
#9 0.287 shim-16.1/Cryptlib/OpenSSL/crypto/pkcs12/p12_kiss.c
#9 0.288 shim-16.1/Cryptlib/OpenSSL/crypto/pkcs12/p12_mutl.c
#9 0.288 shim-16.1/Cryptlib/OpenSSL/crypto/pkcs12/p12_npas.c
#9 0.288 shim-16.1/Cryptlib/OpenSSL/crypto/pkcs12/p12_p8d.c
#9 0.288 shim-16.1/Cryptlib/OpenSSL/crypto/pkcs12/p12_p8e.c
#9 0.288 shim-16.1/Cryptlib/OpenSSL/crypto/pkcs12/p12_utl.c
#9 0.288 shim-16.1/Cryptlib/OpenSSL/crypto/pkcs12/pk12err.c
#9 0.288 shim-16.1/Cryptlib/OpenSSL/crypto/pkcs7/
#9 0.288 shim-16.1/Cryptlib/OpenSSL/crypto/pkcs7/bio_pk7.c
#9 0.288 shim-16.1/Cryptlib/OpenSSL/crypto/pkcs7/pk7_asn1.c
#9 0.288 shim-16.1/Cryptlib/OpenSSL/crypto/pkcs7/pk7_attr.c
#9 0.288 shim-16.1/Cryptlib/OpenSSL/crypto/pkcs7/pk7_doit.c
#9 0.289 shim-16.1/Cryptlib/OpenSSL/crypto/pkcs7/pk7_lib.c
#9 0.289 shim-16.1/Cryptlib/OpenSSL/crypto/pkcs7/pk7_mime.c
#9 0.289 shim-16.1/Cryptlib/OpenSSL/crypto/pkcs7/pk7_smime.c
#9 0.290 shim-16.1/Cryptlib/OpenSSL/crypto/pkcs7/pkcs7err.c
#9 0.290 shim-16.1/Cryptlib/OpenSSL/crypto/rand/
#9 0.290 shim-16.1/Cryptlib/OpenSSL/crypto/rand/md_rand.c
#9 0.298 shim-16.1/Cryptlib/OpenSSL/crypto/rand/rand_err.c
#9 0.298 shim-16.1/Cryptlib/OpenSSL/crypto/rand/rand_lcl.h
#9 0.298 shim-16.1/Cryptlib/OpenSSL/crypto/rand/rand_lib.c
#9 0.298 shim-16.1/Cryptlib/OpenSSL/crypto/rand/rand_unix.c
#9 0.298 shim-16.1/Cryptlib/OpenSSL/crypto/rand/randfile.c
#9 0.298 shim-16.1/Cryptlib/OpenSSL/crypto/rc4/
#9 0.298 shim-16.1/Cryptlib/OpenSSL/crypto/rc4/rc4_enc.c
#9 0.299 shim-16.1/Cryptlib/OpenSSL/crypto/rc4/rc4_locl.h
#9 0.299 shim-16.1/Cryptlib/OpenSSL/crypto/rc4/rc4_skey.c
#9 0.299 shim-16.1/Cryptlib/OpenSSL/crypto/rc4/rc4_utl.c
#9 0.299 shim-16.1/Cryptlib/OpenSSL/crypto/rsa/
#9 0.299 shim-16.1/Cryptlib/OpenSSL/crypto/rsa/rsa_ameth.c
#9 0.299 shim-16.1/Cryptlib/OpenSSL/crypto/rsa/rsa_asn1.c
#9 0.299 shim-16.1/Cryptlib/OpenSSL/crypto/rsa/rsa_chk.c
#9 0.300 shim-16.1/Cryptlib/OpenSSL/crypto/rsa/rsa_crpt.c
#9 0.300 shim-16.1/Cryptlib/OpenSSL/crypto/rsa/rsa_depr.c
#9 0.300 shim-16.1/Cryptlib/OpenSSL/crypto/rsa/rsa_eay.c
#9 0.300 shim-16.1/Cryptlib/OpenSSL/crypto/rsa/rsa_err.c
#9 0.301 shim-16.1/Cryptlib/OpenSSL/crypto/rsa/rsa_gen.c
#9 0.301 shim-16.1/Cryptlib/OpenSSL/crypto/rsa/rsa_lib.c
#9 0.301 shim-16.1/Cryptlib/OpenSSL/crypto/rsa/rsa_locl.h
#9 0.301 shim-16.1/Cryptlib/OpenSSL/crypto/rsa/rsa_none.c
#9 0.301 shim-16.1/Cryptlib/OpenSSL/crypto/rsa/rsa_null.c
#9 0.301 shim-16.1/Cryptlib/OpenSSL/crypto/rsa/rsa_oaep.c
#9 0.301 shim-16.1/Cryptlib/OpenSSL/crypto/rsa/rsa_pk1.c
#9 0.301 shim-16.1/Cryptlib/OpenSSL/crypto/rsa/rsa_pmeth.c
#9 0.302 shim-16.1/Cryptlib/OpenSSL/crypto/rsa/rsa_prn.c
#9 0.302 shim-16.1/Cryptlib/OpenSSL/crypto/rsa/rsa_pss.c
#9 0.302 shim-16.1/Cryptlib/OpenSSL/crypto/rsa/rsa_saos.c
#9 0.302 shim-16.1/Cryptlib/OpenSSL/crypto/rsa/rsa_sign.c
#9 0.302 shim-16.1/Cryptlib/OpenSSL/crypto/rsa/rsa_ssl.c
#9 0.302 shim-16.1/Cryptlib/OpenSSL/crypto/rsa/rsa_x931.c
#9 0.303 shim-16.1/Cryptlib/OpenSSL/crypto/sha/
#9 0.303 shim-16.1/Cryptlib/OpenSSL/crypto/sha/sha1_one.c
#9 0.303 shim-16.1/Cryptlib/OpenSSL/crypto/sha/sha1dgst.c
#9 0.303 shim-16.1/Cryptlib/OpenSSL/crypto/sha/sha256.c
#9 0.303 shim-16.1/Cryptlib/OpenSSL/crypto/sha/sha512.c
#9 0.303 shim-16.1/Cryptlib/OpenSSL/crypto/sha/sha_dgst.c
#9 0.303 shim-16.1/Cryptlib/OpenSSL/crypto/sha/sha_locl.h
#9 0.303 shim-16.1/Cryptlib/OpenSSL/crypto/sha/sha_one.c
#9 0.304 shim-16.1/Cryptlib/OpenSSL/crypto/stack/
#9 0.304 shim-16.1/Cryptlib/OpenSSL/crypto/stack/stack.c
#9 0.304 shim-16.1/Cryptlib/OpenSSL/crypto/txt_db/
#9 0.304 shim-16.1/Cryptlib/OpenSSL/crypto/txt_db/txt_db.c
#9 0.304 shim-16.1/Cryptlib/OpenSSL/crypto/uid.c
#9 0.304 shim-16.1/Cryptlib/OpenSSL/crypto/x509/
#9 0.304 shim-16.1/Cryptlib/OpenSSL/crypto/x509/vpm_int.h
#9 0.304 shim-16.1/Cryptlib/OpenSSL/crypto/x509/x509_att.c
#9 0.304 shim-16.1/Cryptlib/OpenSSL/crypto/x509/x509_cmp.c
#9 0.305 shim-16.1/Cryptlib/OpenSSL/crypto/x509/x509_d2.c
#9 0.305 shim-16.1/Cryptlib/OpenSSL/crypto/x509/x509_def.c
#9 0.305 shim-16.1/Cryptlib/OpenSSL/crypto/x509/x509_err.c
#9 0.305 shim-16.1/Cryptlib/OpenSSL/crypto/x509/x509_ext.c
#9 0.305 shim-16.1/Cryptlib/OpenSSL/crypto/x509/x509_lu.c
#9 0.305 shim-16.1/Cryptlib/OpenSSL/crypto/x509/x509_obj.c
#9 0.306 shim-16.1/Cryptlib/OpenSSL/crypto/x509/x509_r2x.c
#9 0.306 shim-16.1/Cryptlib/OpenSSL/crypto/x509/x509_req.c
#9 0.306 shim-16.1/Cryptlib/OpenSSL/crypto/x509/x509_set.c
#9 0.306 shim-16.1/Cryptlib/OpenSSL/crypto/x509/x509_trs.c
#9 0.306 shim-16.1/Cryptlib/OpenSSL/crypto/x509/x509_txt.c
#9 0.307 shim-16.1/Cryptlib/OpenSSL/crypto/x509/x509_v3.c
#9 0.307 shim-16.1/Cryptlib/OpenSSL/crypto/x509/x509_vfy.c
#9 0.307 shim-16.1/Cryptlib/OpenSSL/crypto/x509/x509_vpm.c
#9 0.308 shim-16.1/Cryptlib/OpenSSL/crypto/x509/x509cset.c
#9 0.308 shim-16.1/Cryptlib/OpenSSL/crypto/x509/x509name.c
#9 0.308 shim-16.1/Cryptlib/OpenSSL/crypto/x509/x509rset.c
#9 0.308 shim-16.1/Cryptlib/OpenSSL/crypto/x509/x509spki.c
#9 0.308 shim-16.1/Cryptlib/OpenSSL/crypto/x509/x509type.c
#9 0.308 shim-16.1/Cryptlib/OpenSSL/crypto/x509/x_all.c
#9 0.308 shim-16.1/Cryptlib/OpenSSL/crypto/x509v3/
#9 0.308 shim-16.1/Cryptlib/OpenSSL/crypto/x509v3/ext_dat.h
#9 0.308 shim-16.1/Cryptlib/OpenSSL/crypto/x509v3/pcy_cache.c
#9 0.309 shim-16.1/Cryptlib/OpenSSL/crypto/x509v3/pcy_data.c
#9 0.309 shim-16.1/Cryptlib/OpenSSL/crypto/x509v3/pcy_int.h
#9 0.309 shim-16.1/Cryptlib/OpenSSL/crypto/x509v3/pcy_lib.c
#9 0.309 shim-16.1/Cryptlib/OpenSSL/crypto/x509v3/pcy_map.c
#9 0.309 shim-16.1/Cryptlib/OpenSSL/crypto/x509v3/pcy_node.c
#9 0.309 shim-16.1/Cryptlib/OpenSSL/crypto/x509v3/pcy_tree.c
#9 0.310 shim-16.1/Cryptlib/OpenSSL/crypto/x509v3/v3_addr.c
#9 0.310 shim-16.1/Cryptlib/OpenSSL/crypto/x509v3/v3_akey.c
#9 0.310 shim-16.1/Cryptlib/OpenSSL/crypto/x509v3/v3_akeya.c
#9 0.310 shim-16.1/Cryptlib/OpenSSL/crypto/x509v3/v3_alt.c
#9 0.311 shim-16.1/Cryptlib/OpenSSL/crypto/x509v3/v3_asid.c
#9 0.311 shim-16.1/Cryptlib/OpenSSL/crypto/x509v3/v3_bcons.c
#9 0.311 shim-16.1/Cryptlib/OpenSSL/crypto/x509v3/v3_bitst.c
#9 0.311 shim-16.1/Cryptlib/OpenSSL/crypto/x509v3/v3_conf.c
#9 0.311 shim-16.1/Cryptlib/OpenSSL/crypto/x509v3/v3_cpols.c
#9 0.312 shim-16.1/Cryptlib/OpenSSL/crypto/x509v3/v3_crld.c
#9 0.312 shim-16.1/Cryptlib/OpenSSL/crypto/x509v3/v3_enum.c
#9 0.312 shim-16.1/Cryptlib/OpenSSL/crypto/x509v3/v3_extku.c
#9 0.312 shim-16.1/Cryptlib/OpenSSL/crypto/x509v3/v3_genn.c
#9 0.312 shim-16.1/Cryptlib/OpenSSL/crypto/x509v3/v3_ia5.c
#9 0.312 shim-16.1/Cryptlib/OpenSSL/crypto/x509v3/v3_info.c
#9 0.313 shim-16.1/Cryptlib/OpenSSL/crypto/x509v3/v3_int.c
#9 0.313 shim-16.1/Cryptlib/OpenSSL/crypto/x509v3/v3_lib.c
#9 0.313 shim-16.1/Cryptlib/OpenSSL/crypto/x509v3/v3_ncons.c
#9 0.313 shim-16.1/Cryptlib/OpenSSL/crypto/x509v3/v3_ocsp.c
#9 0.324 shim-16.1/Cryptlib/OpenSSL/crypto/x509v3/v3_pci.c
#9 0.324 shim-16.1/Cryptlib/OpenSSL/crypto/x509v3/v3_pcia.c
#9 0.324 shim-16.1/Cryptlib/OpenSSL/crypto/x509v3/v3_pcons.c
#9 0.324 shim-16.1/Cryptlib/OpenSSL/crypto/x509v3/v3_pku.c
#9 0.324 shim-16.1/Cryptlib/OpenSSL/crypto/x509v3/v3_pmaps.c
#9 0.324 shim-16.1/Cryptlib/OpenSSL/crypto/x509v3/v3_prn.c
#9 0.324 shim-16.1/Cryptlib/OpenSSL/crypto/x509v3/v3_purp.c
#9 0.324 shim-16.1/Cryptlib/OpenSSL/crypto/x509v3/v3_skey.c
#9 0.324 shim-16.1/Cryptlib/OpenSSL/crypto/x509v3/v3_sxnet.c
#9 0.325 shim-16.1/Cryptlib/OpenSSL/crypto/x509v3/v3_utl.c
#9 0.325 shim-16.1/Cryptlib/OpenSSL/crypto/x509v3/v3err.c
#9 0.325 shim-16.1/Cryptlib/OpenSSL/e_os.h
#9 0.326 shim-16.1/Cryptlib/OpenSSL/openssl-bio-b_print-disable-sse.patch
#9 0.326 shim-16.1/Cryptlib/OpenSSL/update.sh
#9 0.326 shim-16.1/Cryptlib/Pem/
#9 0.326 shim-16.1/Cryptlib/Pem/CryptPemNull.c
#9 0.326 shim-16.1/Cryptlib/Pk/
#9 0.326 shim-16.1/Cryptlib/Pk/CryptAuthenticode.c
#9 0.326 shim-16.1/Cryptlib/Pk/CryptDhNull.c
#9 0.326 shim-16.1/Cryptlib/Pk/CryptPkcs7SignNull.c
#9 0.326 shim-16.1/Cryptlib/Pk/CryptPkcs7Verify.c
#9 0.327 shim-16.1/Cryptlib/Pk/CryptPkcs7VerifyEku.c
#9 0.327 shim-16.1/Cryptlib/Pk/CryptRsaBasic.c
#9 0.327 shim-16.1/Cryptlib/Pk/CryptRsaExtNull.c
#9 0.327 shim-16.1/Cryptlib/Pk/CryptTs.c
#9 0.327 shim-16.1/Cryptlib/Pk/CryptX509.c
#9 0.327 shim-16.1/Cryptlib/Rand/
#9 0.328 shim-16.1/Cryptlib/Rand/CryptRand.c
#9 0.328 shim-16.1/Cryptlib/SysCall/
#9 0.328 shim-16.1/Cryptlib/SysCall/BaseMemAllocation.c
#9 0.328 shim-16.1/Cryptlib/SysCall/BaseStrings.c
#9 0.328 shim-16.1/Cryptlib/SysCall/CrtWrapper.c
#9 0.328 shim-16.1/Cryptlib/SysCall/TimerWrapper.c
#9 0.328 shim-16.1/Cryptlib/opensslconf-diff.patch
#9 0.328 shim-16.1/Cryptlib/update.sh
#9 0.328 shim-16.1/Delivering_Sbat_Revocations.md
#9 0.328 shim-16.1/Make.defaults
#9 0.328 shim-16.1/Make.rules
#9 0.328 shim-16.1/Makefile
#9 0.328 shim-16.1/MokManager.c
#9 0.329 shim-16.1/MokVars.txt
#9 0.329 shim-16.1/PasswordCrypt.c
#9 0.329 shim-16.1/README.fallback
#9 0.329 shim-16.1/README.md
#9 0.329 shim-16.1/README.tpm
#9 0.329 shim-16.1/SBAT.example.md
#9 0.329 shim-16.1/SBAT.md
#9 0.330 shim-16.1/SbatLevel_Variable.txt
#9 0.330 shim-16.1/TODO
#9 0.330 shim-16.1/buildid.c
#9 0.330 shim-16.1/cert.S
#9 0.330 shim-16.1/commit
#9 0.330 shim-16.1/crypt_blowfish.c
#9 0.330 shim-16.1/csv.c
#9 0.330 shim-16.1/data/
#9 0.330 shim-16.1/data/sbat.csv
#9 0.330 shim-16.1/dp.c
#9 0.330 shim-16.1/elf_aarch64_efi.lds
#9 0.330 shim-16.1/elf_arm_efi.lds
#9 0.330 shim-16.1/elf_ia32_efi.lds
#9 0.330 shim-16.1/elf_ia64_efi.lds
#9 0.330 shim-16.1/elf_x86_64_efi.lds
#9 0.331 shim-16.1/errlog.c
#9 0.331 shim-16.1/fallback.c
#9 0.331 shim-16.1/fuzz-csv.c
#9 0.331 shim-16.1/fuzz-pe-relocate.c
#9 0.331 shim-16.1/fuzz-sbat.c
#9 0.331 shim-16.1/generate_sbat_var_defs.c
#9 0.331 shim-16.1/globals.c
#9 0.331 shim-16.1/gnu-efi/
#9 0.331 shim-16.1/gnu-efi/.gitattributes
#9 0.331 shim-16.1/gnu-efi/.gitignore
#9 0.331 shim-16.1/gnu-efi/ChangeLog
#9 0.332 shim-16.1/gnu-efi/Make.defaults
#9 0.332 shim-16.1/gnu-efi/Make.rules
#9 0.332 shim-16.1/gnu-efi/Makefile
#9 0.332 shim-16.1/gnu-efi/README.efilib
#9 0.332 shim-16.1/gnu-efi/README.elilo
#9 0.332 shim-16.1/gnu-efi/README.git
#9 0.332 shim-16.1/gnu-efi/README.gnuefi
#9 0.332 shim-16.1/gnu-efi/apps/
#9 0.332 shim-16.1/gnu-efi/apps/AllocPages.c
#9 0.332 shim-16.1/gnu-efi/apps/FreePages.c
#9 0.333 shim-16.1/gnu-efi/apps/Makefile
#9 0.333 shim-16.1/gnu-efi/apps/bltgrid.c
#9 0.333 shim-16.1/gnu-efi/apps/debughook.c
#9 0.333 shim-16.1/gnu-efi/apps/drv0.c
#9 0.333 shim-16.1/gnu-efi/apps/drv0.h
#9 0.333 shim-16.1/gnu-efi/apps/drv0_use.c
#9 0.333 shim-16.1/gnu-efi/apps/exit.c
#9 0.333 shim-16.1/gnu-efi/apps/lfbgrid.c
#9 0.333 shim-16.1/gnu-efi/apps/modelist.c
#9 0.333 shim-16.1/gnu-efi/apps/printenv.c
#9 0.333 shim-16.1/gnu-efi/apps/route80h.c
#9 0.333 shim-16.1/gnu-efi/apps/setdbg.c
#9 0.333 shim-16.1/gnu-efi/apps/setjmp.c
#9 0.333 shim-16.1/gnu-efi/apps/t.c
#9 0.333 shim-16.1/gnu-efi/apps/t2.c
#9 0.333 shim-16.1/gnu-efi/apps/t3.c
#9 0.333 shim-16.1/gnu-efi/apps/t4.c
#9 0.333 shim-16.1/gnu-efi/apps/t5.c
#9 0.333 shim-16.1/gnu-efi/apps/t6.c
#9 0.333 shim-16.1/gnu-efi/apps/t7.c
#9 0.333 shim-16.1/gnu-efi/apps/t8.c
#9 0.333 shim-16.1/gnu-efi/apps/tcc.c
#9 0.333 shim-16.1/gnu-efi/apps/tpause.c
#9 0.333 shim-16.1/gnu-efi/apps/trivial.S
#9 0.333 shim-16.1/gnu-efi/apps/unsetdbg.c
#9 0.333 shim-16.1/gnu-efi/gnuefi/
#9 0.333 shim-16.1/gnu-efi/gnuefi/Makefile
#9 0.333 shim-16.1/gnu-efi/gnuefi/crt0-efi-aarch64.S
#9 0.333 shim-16.1/gnu-efi/gnuefi/crt0-efi-arm.S
#9 0.333 shim-16.1/gnu-efi/gnuefi/crt0-efi-ia32.S
#9 0.334 shim-16.1/gnu-efi/gnuefi/crt0-efi-ia64.S
#9 0.334 shim-16.1/gnu-efi/gnuefi/crt0-efi-mips64el.S
#9 0.334 shim-16.1/gnu-efi/gnuefi/crt0-efi-x86_64.S
#9 0.334 shim-16.1/gnu-efi/gnuefi/elf_aarch64_efi.lds
#9 0.334 shim-16.1/gnu-efi/gnuefi/elf_arm_efi.lds
#9 0.334 shim-16.1/gnu-efi/gnuefi/elf_ia32_efi.lds
#9 0.334 shim-16.1/gnu-efi/gnuefi/elf_ia32_fbsd_efi.lds
#9 0.334 shim-16.1/gnu-efi/gnuefi/elf_ia64_efi.lds
#9 0.334 shim-16.1/gnu-efi/gnuefi/elf_mips64el_efi.lds
#9 0.334 shim-16.1/gnu-efi/gnuefi/elf_x86_64_efi.lds
#9 0.334 shim-16.1/gnu-efi/gnuefi/elf_x86_64_fbsd_efi.lds
#9 0.334 shim-16.1/gnu-efi/gnuefi/reloc_aarch64.c
#9 0.334 shim-16.1/gnu-efi/gnuefi/reloc_arm.c
#9 0.334 shim-16.1/gnu-efi/gnuefi/reloc_ia32.c
#9 0.334 shim-16.1/gnu-efi/gnuefi/reloc_ia64.S
#9 0.334 shim-16.1/gnu-efi/gnuefi/reloc_mips64el.c
#9 0.335 shim-16.1/gnu-efi/gnuefi/reloc_x86_64.c
#9 0.335 shim-16.1/gnu-efi/inc/
#9 0.335 shim-16.1/gnu-efi/inc/Makefile
#9 0.335 shim-16.1/gnu-efi/inc/aarch64/
#9 0.335 shim-16.1/gnu-efi/inc/aarch64/efibind.h
#9 0.335 shim-16.1/gnu-efi/inc/aarch64/efilibplat.h
#9 0.335 shim-16.1/gnu-efi/inc/aarch64/efisetjmp_arch.h
#9 0.335 shim-16.1/gnu-efi/inc/arm/
#9 0.335 shim-16.1/gnu-efi/inc/arm/efibind.h
#9 0.335 shim-16.1/gnu-efi/inc/arm/efilibplat.h
#9 0.335 shim-16.1/gnu-efi/inc/arm/efisetjmp_arch.h
#9 0.335 shim-16.1/gnu-efi/inc/efi.h
#9 0.335 shim-16.1/gnu-efi/inc/efi_nii.h
#9 0.335 shim-16.1/gnu-efi/inc/efi_pxe.h
#9 0.336 shim-16.1/gnu-efi/inc/efiapi.h
#9 0.336 shim-16.1/gnu-efi/inc/eficompiler.h
#9 0.336 shim-16.1/gnu-efi/inc/eficon.h
#9 0.336 shim-16.1/gnu-efi/inc/eficonex.h
#9 0.336 shim-16.1/gnu-efi/inc/efidebug.h
#9 0.336 shim-16.1/gnu-efi/inc/efidef.h
#9 0.336 shim-16.1/gnu-efi/inc/efidevp.h
#9 0.346 shim-16.1/gnu-efi/inc/efierr.h
#9 0.346 shim-16.1/gnu-efi/inc/efifs.h
#9 0.347 shim-16.1/gnu-efi/inc/efigpt.h
#9 0.347 shim-16.1/gnu-efi/inc/efiip.h
#9 0.347 shim-16.1/gnu-efi/inc/efilib.h
#9 0.347 shim-16.1/gnu-efi/inc/efilink.h
#9 0.347 shim-16.1/gnu-efi/inc/efinet.h
#9 0.347 shim-16.1/gnu-efi/inc/efipart.h
#9 0.347 shim-16.1/gnu-efi/inc/efipciio.h
#9 0.347 shim-16.1/gnu-efi/inc/efipoint.h
#9 0.347 shim-16.1/gnu-efi/inc/efiprot.h
#9 0.348 shim-16.1/gnu-efi/inc/efipxebc.h
#9 0.348 shim-16.1/gnu-efi/inc/efirtlib.h
#9 0.348 shim-16.1/gnu-efi/inc/efiser.h
#9 0.348 shim-16.1/gnu-efi/inc/efisetjmp.h
#9 0.348 shim-16.1/gnu-efi/inc/efishellintf.h
#9 0.348 shim-16.1/gnu-efi/inc/efishellparm.h
#9 0.348 shim-16.1/gnu-efi/inc/efistdarg.h
#9 0.348 shim-16.1/gnu-efi/inc/efitcp.h
#9 0.348 shim-16.1/gnu-efi/inc/efiudp.h
#9 0.348 shim-16.1/gnu-efi/inc/efiui.h
#9 0.348 shim-16.1/gnu-efi/inc/elf.h
#9 0.350 shim-16.1/gnu-efi/inc/ia32/
#9 0.350 shim-16.1/gnu-efi/inc/ia32/efibind.h
#9 0.350 shim-16.1/gnu-efi/inc/ia32/efilibplat.h
#9 0.350 shim-16.1/gnu-efi/inc/ia32/efisetjmp_arch.h
#9 0.350 shim-16.1/gnu-efi/inc/ia32/pe.h
#9 0.350 shim-16.1/gnu-efi/inc/ia64/
#9 0.350 shim-16.1/gnu-efi/inc/ia64/efibind.h
#9 0.350 shim-16.1/gnu-efi/inc/ia64/efilibplat.h
#9 0.350 shim-16.1/gnu-efi/inc/ia64/efisetjmp_arch.h
#9 0.351 shim-16.1/gnu-efi/inc/ia64/pe.h
#9 0.351 shim-16.1/gnu-efi/inc/ia64/salproc.h
#9 0.351 shim-16.1/gnu-efi/inc/lib.h
#9 0.351 shim-16.1/gnu-efi/inc/libsmbios.h
#9 0.351 shim-16.1/gnu-efi/inc/mips64el/
#9 0.351 shim-16.1/gnu-efi/inc/mips64el/efibind.h
#9 0.351 shim-16.1/gnu-efi/inc/mips64el/efilibplat.h
#9 0.351 shim-16.1/gnu-efi/inc/mips64el/efisetjmp_arch.h
#9 0.351 shim-16.1/gnu-efi/inc/pci22.h
#9 0.351 shim-16.1/gnu-efi/inc/protocol/
#9 0.351 shim-16.1/gnu-efi/inc/protocol/adapterdebug.h
#9 0.351 shim-16.1/gnu-efi/inc/protocol/eficonsplit.h
#9 0.351 shim-16.1/gnu-efi/inc/protocol/efivar.h
#9 0.351 shim-16.1/gnu-efi/inc/protocol/intload.h
#9 0.351 shim-16.1/gnu-efi/inc/protocol/legacyboot.h
#9 0.351 shim-16.1/gnu-efi/inc/protocol/piflash64.h
#9 0.352 shim-16.1/gnu-efi/inc/protocol/readme.txt
#9 0.352 shim-16.1/gnu-efi/inc/protocol/vgaclass.h
#9 0.352 shim-16.1/gnu-efi/inc/romload.h
#9 0.352 shim-16.1/gnu-efi/inc/x86_64/
#9 0.352 shim-16.1/gnu-efi/inc/x86_64/efibind.h
#9 0.352 shim-16.1/gnu-efi/inc/x86_64/efilibplat.h
#9 0.352 shim-16.1/gnu-efi/inc/x86_64/efisetjmp_arch.h
#9 0.352 shim-16.1/gnu-efi/inc/x86_64/pe.h
#9 0.352 shim-16.1/gnu-efi/lib/
#9 0.352 shim-16.1/gnu-efi/lib/Makefile
#9 0.352 shim-16.1/gnu-efi/lib/Makefile.orig
#9 0.352 shim-16.1/gnu-efi/lib/aarch64/
#9 0.352 shim-16.1/gnu-efi/lib/aarch64/efi_stub.S
#9 0.352 shim-16.1/gnu-efi/lib/aarch64/initplat.c
#9 0.352 shim-16.1/gnu-efi/lib/aarch64/math.c
#9 0.352 shim-16.1/gnu-efi/lib/aarch64/setjmp.S
#9 0.352 shim-16.1/gnu-efi/lib/arm/
#9 0.352 shim-16.1/gnu-efi/lib/arm/div.S
#9 0.352 shim-16.1/gnu-efi/lib/arm/edk2asm.h
#9 0.352 shim-16.1/gnu-efi/lib/arm/efi_stub.S
#9 0.352 shim-16.1/gnu-efi/lib/arm/initplat.c
#9 0.352 shim-16.1/gnu-efi/lib/arm/ldivmod.S
#9 0.353 shim-16.1/gnu-efi/lib/arm/llsl.S
#9 0.353 shim-16.1/gnu-efi/lib/arm/llsr.S
#9 0.353 shim-16.1/gnu-efi/lib/arm/math.c
#9 0.353 shim-16.1/gnu-efi/lib/arm/mullu.S
#9 0.353 shim-16.1/gnu-efi/lib/arm/setjmp.S
#9 0.353 shim-16.1/gnu-efi/lib/arm/uldiv.S
#9 0.353 shim-16.1/gnu-efi/lib/boxdraw.c
#9 0.353 shim-16.1/gnu-efi/lib/cmdline.c
#9 0.353 shim-16.1/gnu-efi/lib/console.c
#9 0.353 shim-16.1/gnu-efi/lib/crc.c
#9 0.353 shim-16.1/gnu-efi/lib/data.c
#9 0.353 shim-16.1/gnu-efi/lib/debug.c
#9 0.353 shim-16.1/gnu-efi/lib/dpath.c
#9 0.353 shim-16.1/gnu-efi/lib/error.c
#9 0.354 shim-16.1/gnu-efi/lib/event.c
#9 0.354 shim-16.1/gnu-efi/lib/exit.c
#9 0.354 shim-16.1/gnu-efi/lib/guid.c
#9 0.354 shim-16.1/gnu-efi/lib/hand.c
#9 0.354 shim-16.1/gnu-efi/lib/hw.c
#9 0.354 shim-16.1/gnu-efi/lib/ia32/
#9 0.354 shim-16.1/gnu-efi/lib/ia32/efi_stub.S
#9 0.354 shim-16.1/gnu-efi/lib/ia32/initplat.c
#9 0.354 shim-16.1/gnu-efi/lib/ia32/math.c
#9 0.354 shim-16.1/gnu-efi/lib/ia32/setjmp.S
#9 0.354 shim-16.1/gnu-efi/lib/ia64/
#9 0.354 shim-16.1/gnu-efi/lib/ia64/initplat.c
#9 0.354 shim-16.1/gnu-efi/lib/ia64/math.c
#9 0.354 shim-16.1/gnu-efi/lib/ia64/palproc.S
#9 0.354 shim-16.1/gnu-efi/lib/ia64/palproc.h
#9 0.354 shim-16.1/gnu-efi/lib/ia64/salpal.c
#9 0.355 shim-16.1/gnu-efi/lib/ia64/setjmp.S
#9 0.355 shim-16.1/gnu-efi/lib/init.c
#9 0.355 shim-16.1/gnu-efi/lib/lock.c
#9 0.355 shim-16.1/gnu-efi/lib/mips64el/
#9 0.355 shim-16.1/gnu-efi/lib/mips64el/efi_stub.S
#9 0.355 shim-16.1/gnu-efi/lib/mips64el/initplat.c
#9 0.355 shim-16.1/gnu-efi/lib/mips64el/math.c
#9 0.355 shim-16.1/gnu-efi/lib/mips64el/setjmp.S
#9 0.355 shim-16.1/gnu-efi/lib/misc.c
#9 0.355 shim-16.1/gnu-efi/lib/pause.c
#9 0.355 shim-16.1/gnu-efi/lib/print.c
#9 0.355 shim-16.1/gnu-efi/lib/runtime/
#9 0.355 shim-16.1/gnu-efi/lib/runtime/efirtlib.c
#9 0.355 shim-16.1/gnu-efi/lib/runtime/rtdata.c
#9 0.355 shim-16.1/gnu-efi/lib/runtime/rtlock.c
#9 0.355 shim-16.1/gnu-efi/lib/runtime/rtstr.c
#9 0.355 shim-16.1/gnu-efi/lib/runtime/vm.c
#9 0.355 shim-16.1/gnu-efi/lib/smbios.c
#9 0.356 shim-16.1/gnu-efi/lib/sread.c
#9 0.356 shim-16.1/gnu-efi/lib/str.c
#9 0.356 shim-16.1/gnu-efi/lib/x86_64/
#9 0.356 shim-16.1/gnu-efi/lib/x86_64/callwrap.c
#9 0.356 shim-16.1/gnu-efi/lib/x86_64/efi_stub.S
#9 0.356 shim-16.1/gnu-efi/lib/x86_64/initplat.c
#9 0.356 shim-16.1/gnu-efi/lib/x86_64/math.c
#9 0.356 shim-16.1/gnu-efi/lib/x86_64/setjmp.S
#9 0.356 shim-16.1/httpboot.c
#9 0.356 shim-16.1/include/
#9 0.356 shim-16.1/include/asm.h
#9 0.356 shim-16.1/include/cc.h
#9 0.356 shim-16.1/include/compiler.h
#9 0.356 shim-16.1/include/configtable.h
#9 0.356 shim-16.1/include/console.h
#9 0.356 shim-16.1/include/coverity.mk
#9 0.356 shim-16.1/include/crypt_blowfish.h
#9 0.357 shim-16.1/include/dp.h
#9 0.357 shim-16.1/include/efiauthenticated.h
#9 0.357 shim-16.1/include/endian.h
#9 0.357 shim-16.1/include/errlog.h
#9 0.357 shim-16.1/include/errors.h
#9 0.357 shim-16.1/include/execute.h
#9 0.357 shim-16.1/include/fanalyzer.mk
#9 0.357 shim-16.1/include/fuzz.mk
#9 0.357 shim-16.1/include/guid.h
#9 0.357 shim-16.1/include/hexdump.h
#9 0.357 shim-16.1/include/http.h
#9 0.357 shim-16.1/include/httpboot.h
#9 0.357 shim-16.1/include/ip4config2.h
#9 0.357 shim-16.1/include/ip6config.h
#9 0.357 shim-16.1/include/list.h
#9 0.358 shim-16.1/include/load-options.h
#9 0.358 shim-16.1/include/loader-proto.h
#9 0.358 shim-16.1/include/memattrs.h
#9 0.358 shim-16.1/include/mock-variables.h
#9 0.358 shim-16.1/include/mok.h
#9 0.358 shim-16.1/include/netboot.h
#9 0.358 shim-16.1/include/passwordcrypt.h
#9 0.358 shim-16.1/include/pe.h
#9 0.358 shim-16.1/include/peimage.h
#9 0.358 shim-16.1/include/sbat.h
#9 0.358 shim-16.1/include/sbat_var_defs.h
#9 0.358 shim-16.1/include/scan-build.mk
#9 0.358 shim-16.1/include/security_policy.h
#9 0.358 shim-16.1/include/shell.h
#9 0.358 shim-16.1/include/simple_file.h
#9 0.358 shim-16.1/include/ssp.h
#9 0.359 shim-16.1/include/ssp_var_defs.h
#9 0.359 shim-16.1/include/str.h
#9 0.359 shim-16.1/include/system/
#9 0.359 shim-16.1/include/system/alloca.h
#9 0.359 shim-16.1/include/system/builtins_begin_.h
#9 0.359 shim-16.1/include/system/builtins_end_.h
#9 0.359 shim-16.1/include/system/ctype.h
#9 0.359 shim-16.1/include/system/efistdarg.h
#9 0.359 shim-16.1/include/system/inttypes.h
#9 0.359 shim-16.1/include/system/stdarg.h
#9 0.359 shim-16.1/include/system/stdio.h
#9 0.359 shim-16.1/include/system/stdlib.h
#9 0.359 shim-16.1/include/system/string.h
#9 0.359 shim-16.1/include/system/strings.h
#9 0.359 shim-16.1/include/test-data-efivars-0.h
#9 0.372 shim-16.1/include/test-data-efivars-1.h
#9 0.372 shim-16.1/include/test.h
#9 0.372 shim-16.1/include/test.mk
#9 0.372 shim-16.1/include/tpm.h
#9 0.372 shim-16.1/include/ucs2.h
#9 0.372 shim-16.1/include/utils.h
#9 0.372 shim-16.1/include/variables.h
#9 0.372 shim-16.1/include/verify.h
#9 0.372 shim-16.1/include/wincert.h
#9 0.373 shim-16.1/lib/
#9 0.373 shim-16.1/lib/Makefile
#9 0.373 shim-16.1/lib/configtable.c
#9 0.373 shim-16.1/lib/console.c
#9 0.373 shim-16.1/lib/execute.c
#9 0.373 shim-16.1/lib/guid.c
#9 0.373 shim-16.1/lib/print_crypto.c
#9 0.373 shim-16.1/lib/security_policy.c
#9 0.373 shim-16.1/lib/shell.c
#9 0.373 shim-16.1/lib/simple_file.c
#9 0.373 shim-16.1/lib/string.c
#9 0.373 shim-16.1/lib/variables.c
#9 0.374 shim-16.1/load-options.c
#9 0.374 shim-16.1/loader-proto.c
#9 0.374 shim-16.1/make-archive
#9 0.374 shim-16.1/make-certs
#9 0.374 shim-16.1/memattrs.c
#9 0.375 shim-16.1/mkosi/
#9 0.375 shim-16.1/mkosi/mkosi.build.chroot
#9 0.375 shim-16.1/mkosi/mkosi.clean
#9 0.375 shim-16.1/mkosi/mkosi.conf
#9 0.375 shim-16.1/mkosi/mkosi.conf.d/
#9 0.375 shim-16.1/mkosi/mkosi.conf.d/centos/
#9 0.375 shim-16.1/mkosi/mkosi.conf.d/centos/certs/
#9 0.375 shim-16.1/mkosi/mkosi.conf.d/centos/certs/shim.crt
#9 0.375 shim-16.1/mkosi/mkosi.conf.d/centos-fedora/
#9 0.375 shim-16.1/mkosi/mkosi.conf.d/centos-fedora/mkosi.conf
#9 0.375 shim-16.1/mkosi/mkosi.conf.d/centos-fedora/mkosi.conf.d/
#9 0.375 shim-16.1/mkosi/mkosi.conf.d/centos-fedora/mkosi.conf.d/grub-arm64.conf
#9 0.375 shim-16.1/mkosi/mkosi.conf.d/centos-fedora/mkosi.conf.d/grub-x86-64.conf
#9 0.375 shim-16.1/mkosi/mkosi.conf.d/debian/
#9 0.375 shim-16.1/mkosi/mkosi.conf.d/debian/certs/
#9 0.375 shim-16.1/mkosi/mkosi.conf.d/debian/certs/shim.crt
#9 0.375 shim-16.1/mkosi/mkosi.conf.d/debian-ubuntu/
#9 0.375 shim-16.1/mkosi/mkosi.conf.d/debian-ubuntu/mkosi.conf
#9 0.375 shim-16.1/mkosi/mkosi.conf.d/debian-ubuntu/mkosi.conf.d/
#9 0.375 shim-16.1/mkosi/mkosi.conf.d/debian-ubuntu/mkosi.conf.d/grub-arm64.conf
#9 0.375 shim-16.1/mkosi/mkosi.conf.d/debian-ubuntu/mkosi.conf.d/grub-x86-64.conf
#9 0.375 shim-16.1/mkosi/mkosi.conf.d/fedora/
#9 0.375 shim-16.1/mkosi/mkosi.conf.d/fedora/certs/
#9 0.375 shim-16.1/mkosi/mkosi.conf.d/fedora/certs/mok/
#9 0.375 shim-16.1/mkosi/mkosi.conf.d/fedora/certs/mok/redhat-test.crt
#9 0.375 shim-16.1/mkosi/mkosi.conf.d/fedora/certs/shim.crt
#9 0.375 shim-16.1/mkosi/mkosi.conf.d/fedora/mkosi.conf
#9 0.376 shim-16.1/mkosi/mkosi.conf.d/ubuntu/
#9 0.376 shim-16.1/mkosi/mkosi.conf.d/ubuntu/certs/
#9 0.376 shim-16.1/mkosi/mkosi.conf.d/ubuntu/certs/shim.crt
#9 0.376 shim-16.1/mkosi/mkosi.conf.d/ubuntu/mkosi.conf
#9 0.376 shim-16.1/mkosi/mkosi.extra/
#9 0.376 shim-16.1/mkosi/mkosi.extra/usr/
#9 0.376 shim-16.1/mkosi/mkosi.extra/usr/bin/
#9 0.376 shim-16.1/mkosi/mkosi.extra/usr/bin/mkosi-test.sh
#9 0.376 shim-16.1/mkosi/mkosi.extra/usr/lib/
#9 0.376 shim-16.1/mkosi/mkosi.extra/usr/lib/systemd/
#9 0.376 shim-16.1/mkosi/mkosi.extra/usr/lib/systemd/system/
#9 0.376 shim-16.1/mkosi/mkosi.extra/usr/lib/systemd/system/mkosi-test.service
#9 0.376 shim-16.1/mkosi/mkosi.finalize
#9 0.376 shim-16.1/mkosi/mkosi.postoutput
#9 0.376 shim-16.1/mkosi/mkosi.repart/
#9 0.376 shim-16.1/mkosi/mkosi.repart/00-esp.conf
#9 0.376 shim-16.1/mkosi/mkosi.repart/10-root.conf
#9 0.376 shim-16.1/mock-variables.c
#9 0.376 shim-16.1/model.c
#9 0.376 shim-16.1/mok.c
#9 0.377 shim-16.1/netboot.c
#9 0.377 shim-16.1/pe-relocate.c
#9 0.378 shim-16.1/pe.c
#9 0.378 shim-16.1/post-process-pe.c
#9 0.378 shim-16.1/sbat.c
#9 0.378 shim-16.1/sbat_var.S
#9 0.378 shim-16.1/shim.c
#9 0.379 shim-16.1/shim.h
#9 0.379 shim-16.1/test-csv.c
#9 0.379 shim-16.1/test-data/
#9 0.379 shim-16.1/test-data/.gitignore
#9 0.379 shim-16.1/test-data/efivars-0/
#9 0.379 shim-16.1/test-data/efivars-0/AMD_PBS_SETUP-a339d746-f678-49b3-9fc7-54ce0f9df226
#9 0.379 shim-16.1/test-data/efivars-0/AMD_RAID-fe26a894-d199-47d4-8afa-070e3d54ba86
#9 0.379 shim-16.1/test-data/efivars-0/AMITCGPPIVAR-a8a2093b-fefa-43c1-8e62-ce526847265e
#9 0.379 shim-16.1/test-data/efivars-0/Boot0000-8be4df61-93ca-11d2-aa0d-00e098032b8c
#9 0.379 shim-16.1/test-data/efivars-0/db-d719b2cb-3d3a-4596-a3bc-dad00e67656f
#9 0.379 shim-16.1/test-data/efivars-0/dbDefault-8be4df61-93ca-11d2-aa0d-00e098032b8c
#9 0.380 shim-16.1/test-data/efivars-0/dbx-d719b2cb-3d3a-4596-a3bc-dad00e67656f
#9 0.380 shim-16.1/test-data/efivars-0/dbxDefault-8be4df61-93ca-11d2-aa0d-00e098032b8c
#9 0.380 shim-16.1/test-data/efivars-1/
#9 0.380 shim-16.1/test-data/efivars-1/AMD_PBS_SETUP-a339d746-f678-49b3-9fc7-54ce0f9df226
#9 0.380 shim-16.1/test-data/efivars-1/AMD_RAID-fe26a894-d199-47d4-8afa-070e3d54ba86
#9 0.380 shim-16.1/test-data/efivars-1/AMITCGPPIVAR-a8a2093b-fefa-43c1-8e62-ce526847265e
#9 0.380 shim-16.1/test-data/efivars-1/AMITSESetup-c811fa38-42c8-4579-a9bb-60e94eddfb34
#9 0.380 shim-16.1/test-data/efivars-1/AOD_SETUP-5ed15dc0-edef-4161-9151-6014c4cc630c
#9 0.380 shim-16.1/test-data/efivars-1/AmdAcpiVar-79941ecd-ed36-49d0-8124-e4c31ac75cd4
#9 0.380 shim-16.1/test-data/efivars-1/AmdSetup-3a997502-647a-4c82-998e-52ef9486a247
#9 0.381 shim-16.1/test-data/efivars-1/AmiHardwareSignatureSetupUpdateCountVar-81c76078-bfde-4368-9790-570914c01a65
#9 0.381 shim-16.1/test-data/efivars-1/ApSyncFlagNv-ad3f6761-f0a3-46c8-a4cb-19b70ffdb305
#9 0.381 shim-16.1/test-data/efivars-1/AsbkpInfo-cb825795-feb1-4c0b-894f-cc70f8064395
#9 0.381 shim-16.1/test-data/efivars-1/AsusExtFancard-ec87d643-eba4-4bb5-a1e5-3f3e36b20da9
#9 0.381 shim-16.1/test-data/efivars-1/AsusFanSetupFeatures-ec87d643-eba4-4bb5-a1e5-3f3e36b20da9
#9 0.382 shim-16.1/test-data/efivars-1/AsusHwmSetupOneof-ec87d643-eba4-4bb5-a1e5-3f3e36b20da9
#9 0.382 shim-16.1/test-data/efivars-1/AsusNodePsu-ec87d643-eba4-4bb5-a1e5-3f3e36b20da9
#9 0.382 shim-16.1/test-data/efivars-1/AsusQFanSetupData-ec87d643-eba4-4bb5-a1e5-3f3e36b20da9
#9 0.382 shim-16.1/test-data/efivars-1/AsusRomLayout-7186d975-2dba-4413-81a8-9f1538faef5e
#9 0.382 shim-16.1/test-data/efivars-1/AsusSetupDataBackup-1111b056-c5e9-40ca-aba3-ec172533d814
#9 0.382 shim-16.1/test-data/efivars-1/AutoDetectData-ec87d643-eba4-4bb5-a1e5-3f3e36b20da9
#9 0.382 shim-16.1/test-data/efivars-1/BiosEventLog-4034591c-48ea-4cdc-864f-e7cb61cfd0f2
#9 0.382 shim-16.1/test-data/efivars-1/Boot0000-8be4df61-93ca-11d2-aa0d-00e098032b8c
#9 0.382 shim-16.1/test-data/efivars-1/Boot0001-8be4df61-93ca-11d2-aa0d-00e098032b8c
#9 0.382 shim-16.1/test-data/efivars-1/Boot0002-8be4df61-93ca-11d2-aa0d-00e098032b8c
#9 0.382 shim-16.1/test-data/efivars-1/Boot0003-8be4df61-93ca-11d2-aa0d-00e098032b8c
#9 0.382 shim-16.1/test-data/efivars-1/Boot0004-8be4df61-93ca-11d2-aa0d-00e098032b8c
#9 0.382 shim-16.1/test-data/efivars-1/Boot0005-8be4df61-93ca-11d2-aa0d-00e098032b8c
#9 0.382 shim-16.1/test-data/efivars-1/Boot0006-8be4df61-93ca-11d2-aa0d-00e098032b8c
#9 0.382 shim-16.1/test-data/efivars-1/BootCurrent-8be4df61-93ca-11d2-aa0d-00e098032b8c
#9 0.382 shim-16.1/test-data/efivars-1/BootFromUSB-ec87d643-eba4-4bb5-a1e5-3f3e36b20da9
#9 0.382 shim-16.1/test-data/efivars-1/BootOptionSupport-8be4df61-93ca-11d2-aa0d-00e098032b8c
#9 0.382 shim-16.1/test-data/efivars-1/BootOrder-8be4df61-93ca-11d2-aa0d-00e098032b8c
#9 0.382 shim-16.1/test-data/efivars-1/CMOSfailflag-c89dc9c7-5105-472c-a743-b1621e142b41
#9 0.382 shim-16.1/test-data/efivars-1/ConIn-8be4df61-93ca-11d2-aa0d-00e098032b8c
#9 0.382 shim-16.1/test-data/efivars-1/ConInDev-8be4df61-93ca-11d2-aa0d-00e098032b8c
#9 0.382 shim-16.1/test-data/efivars-1/ConOut-8be4df61-93ca-11d2-aa0d-00e098032b8c
#9 0.382 shim-16.1/test-data/efivars-1/ConOutDev-8be4df61-93ca-11d2-aa0d-00e098032b8c
#9 0.382 shim-16.1/test-data/efivars-1/CurrentPolicy-77fa9abd-0359-4d32-bd60-28f4e78f784b
#9 0.382 shim-16.1/test-data/efivars-1/DefaultBootOrder-45cf35f6-0d6e-4d04-856a-0370a5b16f53
#9 0.382 shim-16.1/test-data/efivars-1/DeploymentModeNv-97e8965f-c761-4f48-b6e4-9ffa9cb2a2d6
#9 0.382 shim-16.1/test-data/efivars-1/DownCoreStatus-29749bad-401b-4f6d-b124-cece8c590c48
#9 0.382 shim-16.1/test-data/efivars-1/EnWpData-cbab171f-f356-4009-baaa-6628353a0a29
#9 0.382 shim-16.1/test-data/efivars-1/ErrOut-8be4df61-93ca-11d2-aa0d-00e098032b8c
#9 0.382 shim-16.1/test-data/efivars-1/FPLayoutOrder-4db88a62-6721-47a0-9082-280b00323594
#9 0.382 shim-16.1/test-data/efivars-1/FTMActiveFlag-4034591c-48ea-4cdc-864f-e7cb61cfd0f2
#9 0.382 shim-16.1/test-data/efivars-1/FastBootOption-b540a530-6978-4da7-91cb-7207d764d262
#9 0.382 shim-16.1/test-data/efivars-1/FirstBootFlag-ec87d643-eba4-4bb5-a1e5-3f3e36b20da9
#9 0.382 shim-16.1/test-data/efivars-1/HddSmartInfo-a6f44860-b2e8-4fda-bd45-78368994b6ae
#9 0.382 shim-16.1/test-data/efivars-1/HiiDB-1b838190-4625-4ead-abc9-cd5e6af18fe0
#9 0.382 shim-16.1/test-data/efivars-1/HwErrRecSupport-8be4df61-93ca-11d2-aa0d-00e098032b8c
#9 0.382 shim-16.1/test-data/efivars-1/KEK-8be4df61-93ca-11d2-aa0d-00e098032b8c
#9 0.382 shim-16.1/test-data/efivars-1/KEKDefault-8be4df61-93ca-11d2-aa0d-00e098032b8c
#9 0.382 shim-16.1/test-data/efivars-1/Kernel_ATPSiStatus-77fa9abd-0359-4d32-bd60-28f4e78f784b
#9 0.382 shim-16.1/test-data/efivars-1/Kernel_DriverSiStatus-77fa9abd-0359-4d32-bd60-28f4e78f784b
#9 0.382 shim-16.1/test-data/efivars-1/Kernel_RvkSiStatus-77fa9abd-0359-4d32-bd60-28f4e78f784b
#9 0.382 shim-16.1/test-data/efivars-1/Kernel_SiStatus-77fa9abd-0359-4d32-bd60-28f4e78f784b
#9 0.382 shim-16.1/test-data/efivars-1/Kernel_SkuSiStatus-77fa9abd-0359-4d32-bd60-28f4e78f784b
#9 0.382 shim-16.1/test-data/efivars-1/Kernel_WinSiStatus-77fa9abd-0359-4d32-bd60-28f4e78f784b
#9 0.382 shim-16.1/test-data/efivars-1/LastBoot-b540a530-6978-4da7-91cb-7207d764d262
#9 0.382 shim-16.1/test-data/efivars-1/MaximumTableSize-4b3082a3-80c6-4d7e-9cd0-583917265df1
#9 0.382 shim-16.1/test-data/efivars-1/MemoryOverwriteRequestControl-e20939be-32d4-41be-a150-897f85d49829
#9 0.382 shim-16.1/test-data/efivars-1/MemoryOverwriteRequestControlLock-bb983ccf-151d-40e1-a07b-4a17be168292
#9 0.382 shim-16.1/test-data/efivars-1/MokList-605dab50-e046-4300-abb6-3dd810dd8b23
#9 0.382 shim-16.1/test-data/efivars-1/MokListRT-605dab50-e046-4300-abb6-3dd810dd8b23
#9 0.383 shim-16.1/test-data/efivars-1/MokListX-605dab50-e046-4300-abb6-3dd810dd8b23
#9 0.383 shim-16.1/test-data/efivars-1/MokListXRT-605dab50-e046-4300-abb6-3dd810dd8b23
#9 0.383 shim-16.1/test-data/efivars-1/MonotonicCounter-01368881-c4ad-4b1d-b631-d57a8ec8db6b
#9 0.383 shim-16.1/test-data/efivars-1/MyFav-4034591c-48ea-4cdc-864f-e7cb61cfd0f2
#9 0.383 shim-16.1/test-data/efivars-1/NVRAM_Verify-15a9dd61-e4f8-4a99-80db-353b13d76490
#9 0.383 shim-16.1/test-data/efivars-1/NetworkStackVar-d1405d16-7afc-4695-bb12-41459d3695a2
#9 0.383 shim-16.1/test-data/efivars-1/NvHdd0-e57abcbd-9456-4639-8f65-06aab41d840f
#9 0.383 shim-16.1/test-data/efivars-1/NvHdd8-e57abcbd-9456-4639-8f65-06aab41d840f
#9 0.383 shim-16.1/test-data/efivars-1/OsIndications-8be4df61-93ca-11d2-aa0d-00e098032b8c
#9 0.383 shim-16.1/test-data/efivars-1/OsIndicationsSupported-8be4df61-93ca-11d2-aa0d-00e098032b8c
#9 0.383 shim-16.1/test-data/efivars-1/PCI_COMMON-aca9f304-21e2-4852-9875-7ff4881d67a5
#9 0.383 shim-16.1/test-data/efivars-1/PK-8be4df61-93ca-11d2-aa0d-00e098032b8c
#9 0.383 shim-16.1/test-data/efivars-1/PKDefault-8be4df61-93ca-11d2-aa0d-00e098032b8c
#9 0.383 shim-16.1/test-data/efivars-1/PcieSataModVar-5e9a565f-cdc0-413b-ad13-1fe8713ffdcd
#9 0.383 shim-16.1/test-data/efivars-1/PlatformLang-8be4df61-93ca-11d2-aa0d-00e098032b8c
#9 0.383 shim-16.1/test-data/efivars-1/PlatformLangCodes-8be4df61-93ca-11d2-aa0d-00e098032b8c
#9 0.383 shim-16.1/test-data/efivars-1/PreVgaInfo-ec87d643-eba4-4bb5-a1e5-3f3e36b20da9
#9 0.383 shim-16.1/test-data/efivars-1/RsdpAddr-ec87d643-eba4-4bb5-a1e5-3f3e36b20da9
#9 0.383 shim-16.1/test-data/efivars-1/SIDSUPPORT-7d3dceee-cbce-4ea7-8709-6e552f1edbde
#9 0.383 shim-16.1/test-data/efivars-1/SbatLevel-605dab50-e046-4300-abb6-3dd810dd8b23
#9 0.383 shim-16.1/test-data/efivars-1/SbatLevelRT-605dab50-e046-4300-abb6-3dd810dd8b23
#9 0.383 shim-16.1/test-data/efivars-1/SecureBoot-8be4df61-93ca-11d2-aa0d-00e098032b8c
#9 0.383 shim-16.1/test-data/efivars-1/SecureBootSetup-7b59104a-c00d-4158-87ff-f04d6396a915
#9 0.383 shim-16.1/test-data/efivars-1/Setup-ec87d643-eba4-4bb5-a1e5-3f3e36b20da9
#9 0.383 shim-16.1/test-data/efivars-1/SetupLedData-ec87d643-eba4-4bb5-a1e5-3f3e36b20da9
#9 0.383 shim-16.1/test-data/efivars-1/SetupMode-8be4df61-93ca-11d2-aa0d-00e098032b8c
#9 0.383 shim-16.1/test-data/efivars-1/SignatureSupport-8be4df61-93ca-11d2-aa0d-00e098032b8c
#9 0.383 shim-16.1/test-data/efivars-1/SmbiosEntryPointTable-4b3082a3-80c6-4d7e-9cd0-583917265df1
#9 0.383 shim-16.1/test-data/efivars-1/SmbiosScratchBuffer-4b3082a3-80c6-4d7e-9cd0-583917265df1
#9 0.383 shim-16.1/test-data/efivars-1/SmbiosV3EntryPointTable-4b3082a3-80c6-4d7e-9cd0-583917265df1
#9 0.383 shim-16.1/test-data/efivars-1/StdDefaults-4599d26f-1a11-49b8-b91f-858745cff824
#9 0.383 shim-16.1/test-data/efivars-1/TPMPERBIOSFLAGS-7d3dceee-cbce-4ea7-8709-6e552f1edbde
#9 0.383 shim-16.1/test-data/efivars-1/Timeout-8be4df61-93ca-11d2-aa0d-00e098032b8c
#9 0.383 shim-16.1/test-data/efivars-1/TotalNumberOfRootBridges-fb5703f5-f8a7-f401-18b4-3f108deb2612
#9 0.383 shim-16.1/test-data/efivars-1/TpmServFlags-7d3dceee-cbce-4ea7-8709-6e552f1edbde
#9 0.383 shim-16.1/test-data/efivars-1/UsbSupport-ec87d643-eba4-4bb5-a1e5-3f3e36b20da9
#9 0.383 shim-16.1/test-data/efivars-1/VARSTORE_OCMR_SETTINGS_NAME-c05fba7d-7a92-49e0-bcee-233b14dca803
#9 0.383 shim-16.1/test-data/efivars-1/VendorKeys-8be4df61-93ca-11d2-aa0d-00e098032b8c
#9 0.383 shim-16.1/test-data/efivars-1/WpBufAddr-cba83c4a-a5fc-48a8-b3a6-d33636166544
#9 0.383 shim-16.1/test-data/efivars-1/WriteOnceStatus-4b3082a3-80c6-4d7e-9cd0-583917265df1
#9 0.383 shim-16.1/test-data/efivars-1/db-d719b2cb-3d3a-4596-a3bc-dad00e67656f
#9 0.383 shim-16.1/test-data/efivars-1/dbDefault-8be4df61-93ca-11d2-aa0d-00e098032b8c
#9 0.383 shim-16.1/test-data/efivars-1/dbx-d719b2cb-3d3a-4596-a3bc-dad00e67656f
#9 0.383 shim-16.1/test-data/efivars-1/dbxDefault-8be4df61-93ca-11d2-aa0d-00e098032b8c
#9 0.383 shim-16.1/test-data/grubx64.0.76.el7.1.efi
#9 0.407 shim-16.1/test-data/grubx64.0.76.el7.efi
#9 0.430 shim-16.1/test-data/grubx64.0.80.el7.efi
#9 0.449 shim-16.1/test-load-options.c
#9 0.449 shim-16.1/test-mock-variables.c
#9 0.450 shim-16.1/test-mok-mirror.c
#9 0.450 shim-16.1/test-pe-relocate.c
#9 0.450 shim-16.1/test-pe-util.c
#9 0.450 shim-16.1/test-sbat.c
#9 0.450 shim-16.1/test-str.c
#9 0.450 shim-16.1/test.c
#9 0.450 shim-16.1/testplan.txt
#9 0.450 shim-16.1/tpm.c
#9 0.451 shim-16.1/utils.c
#9 0.451 shim-16.1/verify.c
#9 0.452 shim-16.1/version.c.in
#9 0.452 shim-16.1/version.h
#9 DONE 0.5s

#10 [ 6/15] WORKDIR /shim-build/shim-16.1
#10 DONE 0.0s

#11 [ 7/15] ADD Cisco_Virtual_UEFI_SubCA_v3.cer .
#11 DONE 0.0s

#12 [ 8/15] RUN mkdir build-aarch64
#12 DONE 0.1s

#13 [ 9/15] ADD sbat.csv data/sbat.csv
#13 DONE 0.0s

#14 [10/15] RUN make -C build-aarch64 ARCH=aarch64 VENDOR_CERT_FILE=../Cisco_Virtual_UEFI_SubCA_v3.cer         TOPDIR=.. -f ../Makefile         CROSS_COMPILE=aarch64-linux-gnu-
#14 0.116 make: Entering directory '/shim-build/shim-16.1/build-aarch64'
#14 0.365 gcc -std=gnu11 -Og -g3 -Wall -Wextra -Wno-missing-field-initializers -Werror -o generate_sbat_var_defs /shim-build/shim-16.1/generate_sbat_var_defs.c
#14 0.750 ./generate_sbat_var_defs /shim-build/shim-16.1 > generated_sbat_var_defs.h
#14 0.797 sed	-e "s,@@VERSION@@,16.1," \
#14 0.797 	-e "s,@@UNAME@@,Linux x86_64 x86_64 x86_64 GNU/Linux," \
#14 0.797 	-e "s,@@COMMIT@@,master," \
#14 0.797 	< /shim-build/shim-16.1/version.c.in > version.c
#14 0.854 aarch64-linux-gnu-gcc -std=gnu11 -ggdb -gdwarf-4 -gstrict-dwarf -ffreestanding -fmacro-prefix-map=/shim-build/shim-16.1/= -fno-stack-protector -fno-strict-aliasing -fpic -fshort-wchar -Os -Wall -Wextra -Wno-missing-field-initializers  -DMDE_CPU_AARCH64 -DPAGE_SIZE=4096 -mstrict-align -Werror -nostdinc -I/shim-build/shim-16.1/Cryptlib -I/shim-build/shim-16.1/Cryptlib/Include -I/shim-build/shim-16.1/gnu-efi/inc -I/shim-build/shim-16.1/gnu-efi/inc/aarch64 -I/shim-build/shim-16.1/gnu-efi/inc/protocol -I/shim-build/shim-16.1/include -iquote /shim-build/shim-16.1 -iquote /shim-build/shim-16.1/build-aarch64 -isystem /shim-build/shim-16.1/include/system -isystem /usr/lib/gcc-cross/aarch64-linux-gnu/11/include -DDEFAULT_LOADER='L"\\\\grubaa64.efi"' -DDEFAULT_LOADER_CHAR='"\\\\grubaa64.efi"' -DEFI_ARCH='L"aa64"' -DDEBUGDIR='L"/usr/lib/debug/usr/share/shim/aa64-16.1/"' -DVENDOR_CERT_FILE=\"../Cisco_Virtual_UEFI_SubCA_v3.cer\"   -c -o shim.o /shim-build/shim-16.1/shim.c
#14 1.575 aarch64-linux-gnu-gcc -std=gnu11 -ggdb -gdwarf-4 -gstrict-dwarf -ffreestanding -fmacro-prefix-map=/shim-build/shim-16.1/= -fno-stack-protector -fno-strict-aliasing -fpic -fshort-wchar -Os -Wall -Wextra -Wno-missing-field-initializers  -DMDE_CPU_AARCH64 -DPAGE_SIZE=4096 -mstrict-align -Werror -nostdinc -I/shim-build/shim-16.1/Cryptlib -I/shim-build/shim-16.1/Cryptlib/Include -I/shim-build/shim-16.1/gnu-efi/inc -I/shim-build/shim-16.1/gnu-efi/inc/aarch64 -I/shim-build/shim-16.1/gnu-efi/inc/protocol -I/shim-build/shim-16.1/include -iquote /shim-build/shim-16.1 -iquote /shim-build/shim-16.1/build-aarch64 -isystem /shim-build/shim-16.1/include/system -isystem /usr/lib/gcc-cross/aarch64-linux-gnu/11/include -DDEFAULT_LOADER='L"\\\\grubaa64.efi"' -DDEFAULT_LOADER_CHAR='"\\\\grubaa64.efi"' -DEFI_ARCH='L"aa64"' -DDEBUGDIR='L"/usr/lib/debug/usr/share/shim/aa64-16.1/"' -DVENDOR_CERT_FILE=\"../Cisco_Virtual_UEFI_SubCA_v3.cer\"   -c -o globals.o /shim-build/shim-16.1/globals.c
#14 1.766 aarch64-linux-gnu-gcc -std=gnu11 -ggdb -gdwarf-4 -gstrict-dwarf -ffreestanding -fmacro-prefix-map=/shim-build/shim-16.1/= -fno-stack-protector -fno-strict-aliasing -fpic -fshort-wchar -Os -Wall -Wextra -Wno-missing-field-initializers  -DMDE_CPU_AARCH64 -DPAGE_SIZE=4096 -mstrict-align -Werror -nostdinc -I/shim-build/shim-16.1/Cryptlib -I/shim-build/shim-16.1/Cryptlib/Include -I/shim-build/shim-16.1/gnu-efi/inc -I/shim-build/shim-16.1/gnu-efi/inc/aarch64 -I/shim-build/shim-16.1/gnu-efi/inc/protocol -I/shim-build/shim-16.1/include -iquote /shim-build/shim-16.1 -iquote /shim-build/shim-16.1/build-aarch64 -isystem /shim-build/shim-16.1/include/system -isystem /usr/lib/gcc-cross/aarch64-linux-gnu/11/include -DDEFAULT_LOADER='L"\\\\grubaa64.efi"' -DDEFAULT_LOADER_CHAR='"\\\\grubaa64.efi"' -DEFI_ARCH='L"aa64"' -DDEBUGDIR='L"/usr/lib/debug/usr/share/shim/aa64-16.1/"' -DVENDOR_CERT_FILE=\"../Cisco_Virtual_UEFI_SubCA_v3.cer\"   -c -o memattrs.o /shim-build/shim-16.1/memattrs.c
#14 2.379 aarch64-linux-gnu-gcc -std=gnu11 -ggdb -gdwarf-4 -gstrict-dwarf -ffreestanding -fmacro-prefix-map=/shim-build/shim-16.1/= -fno-stack-protector -fno-strict-aliasing -fpic -fshort-wchar -Os -Wall -Wextra -Wno-missing-field-initializers  -DMDE_CPU_AARCH64 -DPAGE_SIZE=4096 -mstrict-align -Werror -nostdinc -I/shim-build/shim-16.1/Cryptlib -I/shim-build/shim-16.1/Cryptlib/Include -I/shim-build/shim-16.1/gnu-efi/inc -I/shim-build/shim-16.1/gnu-efi/inc/aarch64 -I/shim-build/shim-16.1/gnu-efi/inc/protocol -I/shim-build/shim-16.1/include -iquote /shim-build/shim-16.1 -iquote /shim-build/shim-16.1/build-aarch64 -isystem /shim-build/shim-16.1/include/system -isystem /usr/lib/gcc-cross/aarch64-linux-gnu/11/include -DDEFAULT_LOADER='L"\\\\grubaa64.efi"' -DDEFAULT_LOADER_CHAR='"\\\\grubaa64.efi"' -DEFI_ARCH='L"aa64"' -DDEBUGDIR='L"/usr/lib/debug/usr/share/shim/aa64-16.1/"' -DVENDOR_CERT_FILE=\"../Cisco_Virtual_UEFI_SubCA_v3.cer\"   -c -o mok.o /shim-build/shim-16.1/mok.c
#14 3.172 aarch64-linux-gnu-gcc -std=gnu11 -ggdb -gdwarf-4 -gstrict-dwarf -ffreestanding -fmacro-prefix-map=/shim-build/shim-16.1/= -fno-stack-protector -fno-strict-aliasing -fpic -fshort-wchar -Os -Wall -Wextra -Wno-missing-field-initializers  -DMDE_CPU_AARCH64 -DPAGE_SIZE=4096 -mstrict-align -Werror -nostdinc -I/shim-build/shim-16.1/Cryptlib -I/shim-build/shim-16.1/Cryptlib/Include -I/shim-build/shim-16.1/gnu-efi/inc -I/shim-build/shim-16.1/gnu-efi/inc/aarch64 -I/shim-build/shim-16.1/gnu-efi/inc/protocol -I/shim-build/shim-16.1/include -iquote /shim-build/shim-16.1 -iquote /shim-build/shim-16.1/build-aarch64 -isystem /shim-build/shim-16.1/include/system -isystem /usr/lib/gcc-cross/aarch64-linux-gnu/11/include -DDEFAULT_LOADER='L"\\\\grubaa64.efi"' -DDEFAULT_LOADER_CHAR='"\\\\grubaa64.efi"' -DEFI_ARCH='L"aa64"' -DDEBUGDIR='L"/usr/lib/debug/usr/share/shim/aa64-16.1/"' -DVENDOR_CERT_FILE=\"../Cisco_Virtual_UEFI_SubCA_v3.cer\"   -c -o netboot.o /shim-build/shim-16.1/netboot.c
#14 3.725 aarch64-linux-gnu-gcc -std=gnu11 -ggdb -gdwarf-4 -gstrict-dwarf -ffreestanding -fmacro-prefix-map=/shim-build/shim-16.1/= -fno-stack-protector -fno-strict-aliasing -fpic -fshort-wchar -Os -Wall -Wextra -Wno-missing-field-initializers  -DMDE_CPU_AARCH64 -DPAGE_SIZE=4096 -mstrict-align -Werror -nostdinc -I/shim-build/shim-16.1/Cryptlib -I/shim-build/shim-16.1/Cryptlib/Include -I/shim-build/shim-16.1/gnu-efi/inc -I/shim-build/shim-16.1/gnu-efi/inc/aarch64 -I/shim-build/shim-16.1/gnu-efi/inc/protocol -I/shim-build/shim-16.1/include -iquote /shim-build/shim-16.1 -iquote /shim-build/shim-16.1/build-aarch64 -isystem /shim-build/shim-16.1/include/system -isystem /usr/lib/gcc-cross/aarch64-linux-gnu/11/include -DDEFAULT_LOADER='L"\\\\grubaa64.efi"' -DDEFAULT_LOADER_CHAR='"\\\\grubaa64.efi"' -DEFI_ARCH='L"aa64"' -DDEBUGDIR='L"/usr/lib/debug/usr/share/shim/aa64-16.1/"' -DVENDOR_CERT_FILE=\"../Cisco_Virtual_UEFI_SubCA_v3.cer\" -c -o cert.o /shim-build/shim-16.1/cert.S 
#14 3.804 /shim-build/shim-16.1/cert.S: Assembler messages:
#14 3.804 /shim-build/shim-16.1/cert.S:55: Warning: setting incorrect section attributes for .note.GNU-stack
#14 3.837 aarch64-linux-gnu-gcc -std=gnu11 -ggdb -gdwarf-4 -gstrict-dwarf -ffreestanding -fmacro-prefix-map=/shim-build/shim-16.1/= -fno-stack-protector -fno-strict-aliasing -fpic -fshort-wchar -Os -Wall -Wextra -Wno-missing-field-initializers  -DMDE_CPU_AARCH64 -DPAGE_SIZE=4096 -mstrict-align -Werror -nostdinc -I/shim-build/shim-16.1/Cryptlib -I/shim-build/shim-16.1/Cryptlib/Include -I/shim-build/shim-16.1/gnu-efi/inc -I/shim-build/shim-16.1/gnu-efi/inc/aarch64 -I/shim-build/shim-16.1/gnu-efi/inc/protocol -I/shim-build/shim-16.1/include -iquote /shim-build/shim-16.1 -iquote /shim-build/shim-16.1/build-aarch64 -isystem /shim-build/shim-16.1/include/system -isystem /usr/lib/gcc-cross/aarch64-linux-gnu/11/include -DDEFAULT_LOADER='L"\\\\grubaa64.efi"' -DDEFAULT_LOADER_CHAR='"\\\\grubaa64.efi"' -DEFI_ARCH='L"aa64"' -DDEBUGDIR='L"/usr/lib/debug/usr/share/shim/aa64-16.1/"' -DVENDOR_CERT_FILE=\"../Cisco_Virtual_UEFI_SubCA_v3.cer\"   -c -o dp.o /shim-build/shim-16.1/dp.c
#14 4.292 aarch64-linux-gnu-gcc -std=gnu11 -ggdb -gdwarf-4 -gstrict-dwarf -ffreestanding -fmacro-prefix-map=/shim-build/shim-16.1/= -fno-stack-protector -fno-strict-aliasing -fpic -fshort-wchar -Os -Wall -Wextra -Wno-missing-field-initializers  -DMDE_CPU_AARCH64 -DPAGE_SIZE=4096 -mstrict-align -Werror -nostdinc -I/shim-build/shim-16.1/Cryptlib -I/shim-build/shim-16.1/Cryptlib/Include -I/shim-build/shim-16.1/gnu-efi/inc -I/shim-build/shim-16.1/gnu-efi/inc/aarch64 -I/shim-build/shim-16.1/gnu-efi/inc/protocol -I/shim-build/shim-16.1/include -iquote /shim-build/shim-16.1 -iquote /shim-build/shim-16.1/build-aarch64 -isystem /shim-build/shim-16.1/include/system -isystem /usr/lib/gcc-cross/aarch64-linux-gnu/11/include -DDEFAULT_LOADER='L"\\\\grubaa64.efi"' -DDEFAULT_LOADER_CHAR='"\\\\grubaa64.efi"' -DEFI_ARCH='L"aa64"' -DDEBUGDIR='L"/usr/lib/debug/usr/share/shim/aa64-16.1/"' -DVENDOR_CERT_FILE=\"../Cisco_Virtual_UEFI_SubCA_v3.cer\"   -c -o loader-proto.o /shim-build/shim-16.1/loader-proto.c
#14 4.797 aarch64-linux-gnu-gcc -std=gnu11 -ggdb -gdwarf-4 -gstrict-dwarf -ffreestanding -fmacro-prefix-map=/shim-build/shim-16.1/= -fno-stack-protector -fno-strict-aliasing -fpic -fshort-wchar -Os -Wall -Wextra -Wno-missing-field-initializers  -DMDE_CPU_AARCH64 -DPAGE_SIZE=4096 -mstrict-align -Werror -nostdinc -I/shim-build/shim-16.1/Cryptlib -I/shim-build/shim-16.1/Cryptlib/Include -I/shim-build/shim-16.1/gnu-efi/inc -I/shim-build/shim-16.1/gnu-efi/inc/aarch64 -I/shim-build/shim-16.1/gnu-efi/inc/protocol -I/shim-build/shim-16.1/include -iquote /shim-build/shim-16.1 -iquote /shim-build/shim-16.1/build-aarch64 -isystem /shim-build/shim-16.1/include/system -isystem /usr/lib/gcc-cross/aarch64-linux-gnu/11/include -DDEFAULT_LOADER='L"\\\\grubaa64.efi"' -DDEFAULT_LOADER_CHAR='"\\\\grubaa64.efi"' -DEFI_ARCH='L"aa64"' -DDEBUGDIR='L"/usr/lib/debug/usr/share/shim/aa64-16.1/"' -DVENDOR_CERT_FILE=\"../Cisco_Virtual_UEFI_SubCA_v3.cer\"   -c -o tpm.o /shim-build/shim-16.1/tpm.c
#14 5.332 aarch64-linux-gnu-gcc -std=gnu11 -ggdb -gdwarf-4 -gstrict-dwarf -ffreestanding -fmacro-prefix-map=/shim-build/shim-16.1/= -fno-stack-protector -fno-strict-aliasing -fpic -fshort-wchar -Os -Wall -Wextra -Wno-missing-field-initializers  -DMDE_CPU_AARCH64 -DPAGE_SIZE=4096 -mstrict-align -Werror -nostdinc -I/shim-build/shim-16.1/Cryptlib -I/shim-build/shim-16.1/Cryptlib/Include -I/shim-build/shim-16.1/gnu-efi/inc -I/shim-build/shim-16.1/gnu-efi/inc/aarch64 -I/shim-build/shim-16.1/gnu-efi/inc/protocol -I/shim-build/shim-16.1/include -iquote /shim-build/shim-16.1 -iquote /shim-build/shim-16.1/build-aarch64 -isystem /shim-build/shim-16.1/include/system -isystem /usr/lib/gcc-cross/aarch64-linux-gnu/11/include -DDEFAULT_LOADER='L"\\\\grubaa64.efi"' -DDEFAULT_LOADER_CHAR='"\\\\grubaa64.efi"' -DEFI_ARCH='L"aa64"' -DDEBUGDIR='L"/usr/lib/debug/usr/share/shim/aa64-16.1/"' -DVENDOR_CERT_FILE=\"../Cisco_Virtual_UEFI_SubCA_v3.cer\"   -c -o version.o version.c
#14 5.488 aarch64-linux-gnu-gcc -std=gnu11 -ggdb -gdwarf-4 -gstrict-dwarf -ffreestanding -fmacro-prefix-map=/shim-build/shim-16.1/= -fno-stack-protector -fno-strict-aliasing -fpic -fshort-wchar -Os -Wall -Wextra -Wno-missing-field-initializers  -DMDE_CPU_AARCH64 -DPAGE_SIZE=4096 -mstrict-align -Werror -nostdinc -I/shim-build/shim-16.1/Cryptlib -I/shim-build/shim-16.1/Cryptlib/Include -I/shim-build/shim-16.1/gnu-efi/inc -I/shim-build/shim-16.1/gnu-efi/inc/aarch64 -I/shim-build/shim-16.1/gnu-efi/inc/protocol -I/shim-build/shim-16.1/include -iquote /shim-build/shim-16.1 -iquote /shim-build/shim-16.1/build-aarch64 -isystem /shim-build/shim-16.1/include/system -isystem /usr/lib/gcc-cross/aarch64-linux-gnu/11/include -DDEFAULT_LOADER='L"\\\\grubaa64.efi"' -DDEFAULT_LOADER_CHAR='"\\\\grubaa64.efi"' -DEFI_ARCH='L"aa64"' -DDEBUGDIR='L"/usr/lib/debug/usr/share/shim/aa64-16.1/"' -DVENDOR_CERT_FILE=\"../Cisco_Virtual_UEFI_SubCA_v3.cer\"   -c -o errlog.o /shim-build/shim-16.1/errlog.c
#14 6.067 aarch64-linux-gnu-gcc -std=gnu11 -ggdb -gdwarf-4 -gstrict-dwarf -ffreestanding -fmacro-prefix-map=/shim-build/shim-16.1/= -fno-stack-protector -fno-strict-aliasing -fpic -fshort-wchar -Os -Wall -Wextra -Wno-missing-field-initializers  -DMDE_CPU_AARCH64 -DPAGE_SIZE=4096 -mstrict-align -Werror -nostdinc -I/shim-build/shim-16.1/Cryptlib -I/shim-build/shim-16.1/Cryptlib/Include -I/shim-build/shim-16.1/gnu-efi/inc -I/shim-build/shim-16.1/gnu-efi/inc/aarch64 -I/shim-build/shim-16.1/gnu-efi/inc/protocol -I/shim-build/shim-16.1/include -iquote /shim-build/shim-16.1 -iquote /shim-build/shim-16.1/build-aarch64 -isystem /shim-build/shim-16.1/include/system -isystem /usr/lib/gcc-cross/aarch64-linux-gnu/11/include -DDEFAULT_LOADER='L"\\\\grubaa64.efi"' -DDEFAULT_LOADER_CHAR='"\\\\grubaa64.efi"' -DEFI_ARCH='L"aa64"' -DDEBUGDIR='L"/usr/lib/debug/usr/share/shim/aa64-16.1/"' -DVENDOR_CERT_FILE=\"../Cisco_Virtual_UEFI_SubCA_v3.cer\"   -c -o sbat.o /shim-build/shim-16.1/sbat.c
#14 6.710 aarch64-linux-gnu-gcc -std=gnu11 -ggdb -gdwarf-4 -gstrict-dwarf -ffreestanding -fmacro-prefix-map=/shim-build/shim-16.1/= -fno-stack-protector -fno-strict-aliasing -fpic -fshort-wchar -Os -Wall -Wextra -Wno-missing-field-initializers  -DMDE_CPU_AARCH64 -DPAGE_SIZE=4096 -mstrict-align -Werror -nostdinc -I/shim-build/shim-16.1/Cryptlib -I/shim-build/shim-16.1/Cryptlib/Include -I/shim-build/shim-16.1/gnu-efi/inc -I/shim-build/shim-16.1/gnu-efi/inc/aarch64 -I/shim-build/shim-16.1/gnu-efi/inc/protocol -I/shim-build/shim-16.1/include -iquote /shim-build/shim-16.1 -iquote /shim-build/shim-16.1/build-aarch64 -isystem /shim-build/shim-16.1/include/system -isystem /usr/lib/gcc-cross/aarch64-linux-gnu/11/include -DDEFAULT_LOADER='L"\\\\grubaa64.efi"' -DDEFAULT_LOADER_CHAR='"\\\\grubaa64.efi"' -DEFI_ARCH='L"aa64"' -DDEBUGDIR='L"/usr/lib/debug/usr/share/shim/aa64-16.1/"' -DVENDOR_CERT_FILE=\"../Cisco_Virtual_UEFI_SubCA_v3.cer\" -x c -c -o sbat_data.o /dev/null
#14 6.812 aarch64-linux-gnu-objcopy --add-section .sbat=/shim-build/shim-16.1/data/sbat.csv \
#14 6.812 	--set-section-flags .sbat=contents,alloc,load,readonly,data \
#14 6.812 	sbat_data.o
#14 6.856 aarch64-linux-gnu-gcc -std=gnu11 -ggdb -gdwarf-4 -gstrict-dwarf -ffreestanding -fmacro-prefix-map=/shim-build/shim-16.1/= -fno-stack-protector -fno-strict-aliasing -fpic -fshort-wchar -Os -Wall -Wextra -Wno-missing-field-initializers  -DMDE_CPU_AARCH64 -DPAGE_SIZE=4096 -mstrict-align -Werror -nostdinc -I/shim-build/shim-16.1/Cryptlib -I/shim-build/shim-16.1/Cryptlib/Include -I/shim-build/shim-16.1/gnu-efi/inc -I/shim-build/shim-16.1/gnu-efi/inc/aarch64 -I/shim-build/shim-16.1/gnu-efi/inc/protocol -I/shim-build/shim-16.1/include -iquote /shim-build/shim-16.1 -iquote /shim-build/shim-16.1/build-aarch64 -isystem /shim-build/shim-16.1/include/system -isystem /usr/lib/gcc-cross/aarch64-linux-gnu/11/include -DDEFAULT_LOADER='L"\\\\grubaa64.efi"' -DDEFAULT_LOADER_CHAR='"\\\\grubaa64.efi"' -DEFI_ARCH='L"aa64"' -DDEBUGDIR='L"/usr/lib/debug/usr/share/shim/aa64-16.1/"' -DVENDOR_CERT_FILE=\"../Cisco_Virtual_UEFI_SubCA_v3.cer\" -c -o sbat_var.o /shim-build/shim-16.1/sbat_var.S 
#14 6.936 /shim-build/shim-16.1/sbat_var.S: Assembler messages:
#14 6.936 /shim-build/shim-16.1/sbat_var.S:24: Warning: setting incorrect section attributes for .note.GNU-stack
#14 6.968 aarch64-linux-gnu-gcc -std=gnu11 -ggdb -gdwarf-4 -gstrict-dwarf -ffreestanding -fmacro-prefix-map=/shim-build/shim-16.1/= -fno-stack-protector -fno-strict-aliasing -fpic -fshort-wchar -Os -Wall -Wextra -Wno-missing-field-initializers  -DMDE_CPU_AARCH64 -DPAGE_SIZE=4096 -mstrict-align -Werror -nostdinc -I/shim-build/shim-16.1/Cryptlib -I/shim-build/shim-16.1/Cryptlib/Include -I/shim-build/shim-16.1/gnu-efi/inc -I/shim-build/shim-16.1/gnu-efi/inc/aarch64 -I/shim-build/shim-16.1/gnu-efi/inc/protocol -I/shim-build/shim-16.1/include -iquote /shim-build/shim-16.1 -iquote /shim-build/shim-16.1/build-aarch64 -isystem /shim-build/shim-16.1/include/system -isystem /usr/lib/gcc-cross/aarch64-linux-gnu/11/include -DDEFAULT_LOADER='L"\\\\grubaa64.efi"' -DDEFAULT_LOADER_CHAR='"\\\\grubaa64.efi"' -DEFI_ARCH='L"aa64"' -DDEBUGDIR='L"/usr/lib/debug/usr/share/shim/aa64-16.1/"' -DVENDOR_CERT_FILE=\"../Cisco_Virtual_UEFI_SubCA_v3.cer\"   -c -o pe.o /shim-build/shim-16.1/pe.c
#14 7.712 aarch64-linux-gnu-gcc -std=gnu11 -ggdb -gdwarf-4 -gstrict-dwarf -ffreestanding -fmacro-prefix-map=/shim-build/shim-16.1/= -fno-stack-protector -fno-strict-aliasing -fpic -fshort-wchar -Os -Wall -Wextra -Wno-missing-field-initializers  -DMDE_CPU_AARCH64 -DPAGE_SIZE=4096 -mstrict-align -Werror -nostdinc -I/shim-build/shim-16.1/Cryptlib -I/shim-build/shim-16.1/Cryptlib/Include -I/shim-build/shim-16.1/gnu-efi/inc -I/shim-build/shim-16.1/gnu-efi/inc/aarch64 -I/shim-build/shim-16.1/gnu-efi/inc/protocol -I/shim-build/shim-16.1/include -iquote /shim-build/shim-16.1 -iquote /shim-build/shim-16.1/build-aarch64 -isystem /shim-build/shim-16.1/include/system -isystem /usr/lib/gcc-cross/aarch64-linux-gnu/11/include -DDEFAULT_LOADER='L"\\\\grubaa64.efi"' -DDEFAULT_LOADER_CHAR='"\\\\grubaa64.efi"' -DEFI_ARCH='L"aa64"' -DDEBUGDIR='L"/usr/lib/debug/usr/share/shim/aa64-16.1/"' -DVENDOR_CERT_FILE=\"../Cisco_Virtual_UEFI_SubCA_v3.cer\"   -c -o pe-relocate.o /shim-build/shim-16.1/pe-relocate.c
#14 8.304 aarch64-linux-gnu-gcc -std=gnu11 -ggdb -gdwarf-4 -gstrict-dwarf -ffreestanding -fmacro-prefix-map=/shim-build/shim-16.1/= -fno-stack-protector -fno-strict-aliasing -fpic -fshort-wchar -Os -Wall -Wextra -Wno-missing-field-initializers  -DMDE_CPU_AARCH64 -DPAGE_SIZE=4096 -mstrict-align -Werror -nostdinc -I/shim-build/shim-16.1/Cryptlib -I/shim-build/shim-16.1/Cryptlib/Include -I/shim-build/shim-16.1/gnu-efi/inc -I/shim-build/shim-16.1/gnu-efi/inc/aarch64 -I/shim-build/shim-16.1/gnu-efi/inc/protocol -I/shim-build/shim-16.1/include -iquote /shim-build/shim-16.1 -iquote /shim-build/shim-16.1/build-aarch64 -isystem /shim-build/shim-16.1/include/system -isystem /usr/lib/gcc-cross/aarch64-linux-gnu/11/include -DDEFAULT_LOADER='L"\\\\grubaa64.efi"' -DDEFAULT_LOADER_CHAR='"\\\\grubaa64.efi"' -DEFI_ARCH='L"aa64"' -DDEBUGDIR='L"/usr/lib/debug/usr/share/shim/aa64-16.1/"' -DVENDOR_CERT_FILE=\"../Cisco_Virtual_UEFI_SubCA_v3.cer\"   -c -o httpboot.o /shim-build/shim-16.1/httpboot.c
#14 8.931 aarch64-linux-gnu-gcc -std=gnu11 -ggdb -gdwarf-4 -gstrict-dwarf -ffreestanding -fmacro-prefix-map=/shim-build/shim-16.1/= -fno-stack-protector -fno-strict-aliasing -fpic -fshort-wchar -Os -Wall -Wextra -Wno-missing-field-initializers  -DMDE_CPU_AARCH64 -DPAGE_SIZE=4096 -mstrict-align -Werror -nostdinc -I/shim-build/shim-16.1/Cryptlib -I/shim-build/shim-16.1/Cryptlib/Include -I/shim-build/shim-16.1/gnu-efi/inc -I/shim-build/shim-16.1/gnu-efi/inc/aarch64 -I/shim-build/shim-16.1/gnu-efi/inc/protocol -I/shim-build/shim-16.1/include -iquote /shim-build/shim-16.1 -iquote /shim-build/shim-16.1/build-aarch64 -isystem /shim-build/shim-16.1/include/system -isystem /usr/lib/gcc-cross/aarch64-linux-gnu/11/include -DDEFAULT_LOADER='L"\\\\grubaa64.efi"' -DDEFAULT_LOADER_CHAR='"\\\\grubaa64.efi"' -DEFI_ARCH='L"aa64"' -DDEBUGDIR='L"/usr/lib/debug/usr/share/shim/aa64-16.1/"' -DVENDOR_CERT_FILE=\"../Cisco_Virtual_UEFI_SubCA_v3.cer\"   -c -o csv.o /shim-build/shim-16.1/csv.c
#14 9.450 aarch64-linux-gnu-gcc -std=gnu11 -ggdb -gdwarf-4 -gstrict-dwarf -ffreestanding -fmacro-prefix-map=/shim-build/shim-16.1/= -fno-stack-protector -fno-strict-aliasing -fpic -fshort-wchar -Os -Wall -Wextra -Wno-missing-field-initializers  -DMDE_CPU_AARCH64 -DPAGE_SIZE=4096 -mstrict-align -Werror -nostdinc -I/shim-build/shim-16.1/Cryptlib -I/shim-build/shim-16.1/Cryptlib/Include -I/shim-build/shim-16.1/gnu-efi/inc -I/shim-build/shim-16.1/gnu-efi/inc/aarch64 -I/shim-build/shim-16.1/gnu-efi/inc/protocol -I/shim-build/shim-16.1/include -iquote /shim-build/shim-16.1 -iquote /shim-build/shim-16.1/build-aarch64 -isystem /shim-build/shim-16.1/include/system -isystem /usr/lib/gcc-cross/aarch64-linux-gnu/11/include -DDEFAULT_LOADER='L"\\\\grubaa64.efi"' -DDEFAULT_LOADER_CHAR='"\\\\grubaa64.efi"' -DEFI_ARCH='L"aa64"' -DDEBUGDIR='L"/usr/lib/debug/usr/share/shim/aa64-16.1/"' -DVENDOR_CERT_FILE=\"../Cisco_Virtual_UEFI_SubCA_v3.cer\"   -c -o load-options.o /shim-build/shim-16.1/load-options.c
#14 10.04 aarch64-linux-gnu-gcc -std=gnu11 -ggdb -gdwarf-4 -gstrict-dwarf -ffreestanding -fmacro-prefix-map=/shim-build/shim-16.1/= -fno-stack-protector -fno-strict-aliasing -fpic -fshort-wchar -Os -Wall -Wextra -Wno-missing-field-initializers  -DMDE_CPU_AARCH64 -DPAGE_SIZE=4096 -mstrict-align -Werror -nostdinc -I/shim-build/shim-16.1/Cryptlib -I/shim-build/shim-16.1/Cryptlib/Include -I/shim-build/shim-16.1/gnu-efi/inc -I/shim-build/shim-16.1/gnu-efi/inc/aarch64 -I/shim-build/shim-16.1/gnu-efi/inc/protocol -I/shim-build/shim-16.1/include -iquote /shim-build/shim-16.1 -iquote /shim-build/shim-16.1/build-aarch64 -isystem /shim-build/shim-16.1/include/system -isystem /usr/lib/gcc-cross/aarch64-linux-gnu/11/include -DDEFAULT_LOADER='L"\\\\grubaa64.efi"' -DDEFAULT_LOADER_CHAR='"\\\\grubaa64.efi"' -DEFI_ARCH='L"aa64"' -DDEBUGDIR='L"/usr/lib/debug/usr/share/shim/aa64-16.1/"' -DVENDOR_CERT_FILE=\"../Cisco_Virtual_UEFI_SubCA_v3.cer\"   -c -o utils.o /shim-build/shim-16.1/utils.c
#14 10.45 aarch64-linux-gnu-gcc -std=gnu11 -ggdb -gdwarf-4 -gstrict-dwarf -ffreestanding -fmacro-prefix-map=/shim-build/shim-16.1/= -fno-stack-protector -fno-strict-aliasing -fpic -fshort-wchar -Os -Wall -Wextra -Wno-missing-field-initializers  -DMDE_CPU_AARCH64 -DPAGE_SIZE=4096 -mstrict-align -Werror -nostdinc -I/shim-build/shim-16.1/Cryptlib -I/shim-build/shim-16.1/Cryptlib/Include -I/shim-build/shim-16.1/gnu-efi/inc -I/shim-build/shim-16.1/gnu-efi/inc/aarch64 -I/shim-build/shim-16.1/gnu-efi/inc/protocol -I/shim-build/shim-16.1/include -iquote /shim-build/shim-16.1 -iquote /shim-build/shim-16.1/build-aarch64 -isystem /shim-build/shim-16.1/include/system -isystem /usr/lib/gcc-cross/aarch64-linux-gnu/11/include -DDEFAULT_LOADER='L"\\\\grubaa64.efi"' -DDEFAULT_LOADER_CHAR='"\\\\grubaa64.efi"' -DEFI_ARCH='L"aa64"' -DDEBUGDIR='L"/usr/lib/debug/usr/share/shim/aa64-16.1/"' -DVENDOR_CERT_FILE=\"../Cisco_Virtual_UEFI_SubCA_v3.cer\"   -c -o verify.o /shim-build/shim-16.1/verify.c
#14 11.12 for i in Hash Hmac Cipher Rand Pk Pem SysCall; do mkdir -p Cryptlib/$i; done
#14 11.21 make TOPDIR=/shim-build/shim-16.1 VPATH=/shim-build/shim-16.1/Cryptlib -C Cryptlib -f /shim-build/shim-16.1/Cryptlib/Makefile 
#14 11.23 make[1]: Entering directory '/shim-build/shim-16.1/build-aarch64/Cryptlib'
#14 11.25 aarch64-linux-gnu-gcc -std=gnu11 -ggdb -gdwarf-4 -gstrict-dwarf -ffreestanding -fmacro-prefix-map=/shim-build/shim-16.1/= -fno-stack-protector -fno-strict-aliasing -fpic -fshort-wchar -nostdinc -Os -Wall -Wextra -Wno-missing-field-initializers -Wno-unused-parameter -Wno-unused-but-set-variable -Werror -Wno-error=unused-but-set-variable -Wno-error=unused-parameter -I/shim-build/shim-16.1/Cryptlib -I/shim-build/shim-16.1/Cryptlib/Include -I/shim-build/shim-16.1/gnu-efi/inc -I/shim-build/shim-16.1/gnu-efi/inc/aarch64 -I/shim-build/shim-16.1/gnu-efi/inc/protocol -isystem /shim-build/shim-16.1/include/system -isystem /usr/lib/gcc-cross/aarch64-linux-gnu/11/include -DDEFAULT_LOADER='L"\\\\grubaa64.efi"' -DDEFAULT_LOADER_CHAR='"\\\\grubaa64.efi"' -DEFI_ARCH='L"aa64"' -DDEBUGDIR='L"/usr/lib/debug/usr/share/shim/aa64-16.1/"' -DVENDOR_CERT_FILE=\"../Cisco_Virtual_UEFI_SubCA_v3.cer\" -DMDE_CPU_AARCH64   -c -o Hash/CryptMd4Null.o /shim-build/shim-16.1/Cryptlib/Hash/CryptMd4Null.c
#14 11.53 aarch64-linux-gnu-gcc -std=gnu11 -ggdb -gdwarf-4 -gstrict-dwarf -ffreestanding -fmacro-prefix-map=/shim-build/shim-16.1/= -fno-stack-protector -fno-strict-aliasing -fpic -fshort-wchar -nostdinc -Os -Wall -Wextra -Wno-missing-field-initializers -Wno-unused-parameter -Wno-unused-but-set-variable -Werror -Wno-error=unused-but-set-variable -Wno-error=unused-parameter -I/shim-build/shim-16.1/Cryptlib -I/shim-build/shim-16.1/Cryptlib/Include -I/shim-build/shim-16.1/gnu-efi/inc -I/shim-build/shim-16.1/gnu-efi/inc/aarch64 -I/shim-build/shim-16.1/gnu-efi/inc/protocol -isystem /shim-build/shim-16.1/include/system -isystem /usr/lib/gcc-cross/aarch64-linux-gnu/11/include -DDEFAULT_LOADER='L"\\\\grubaa64.efi"' -DDEFAULT_LOADER_CHAR='"\\\\grubaa64.efi"' -DEFI_ARCH='L"aa64"' -DDEBUGDIR='L"/usr/lib/debug/usr/share/shim/aa64-16.1/"' -DVENDOR_CERT_FILE=\"../Cisco_Virtual_UEFI_SubCA_v3.cer\" -DMDE_CPU_AARCH64   -c -o Hash/CryptMd5.o /shim-build/shim-16.1/Cryptlib/Hash/CryptMd5.c
#14 11.88 aarch64-linux-gnu-gcc -std=gnu11 -ggdb -gdwarf-4 -gstrict-dwarf -ffreestanding -fmacro-prefix-map=/shim-build/shim-16.1/= -fno-stack-protector -fno-strict-aliasing -fpic -fshort-wchar -nostdinc -Os -Wall -Wextra -Wno-missing-field-initializers -Wno-unused-parameter -Wno-unused-but-set-variable -Werror -Wno-error=unused-but-set-variable -Wno-error=unused-parameter -I/shim-build/shim-16.1/Cryptlib -I/shim-build/shim-16.1/Cryptlib/Include -I/shim-build/shim-16.1/gnu-efi/inc -I/shim-build/shim-16.1/gnu-efi/inc/aarch64 -I/shim-build/shim-16.1/gnu-efi/inc/protocol -isystem /shim-build/shim-16.1/include/system -isystem /usr/lib/gcc-cross/aarch64-linux-gnu/11/include -DDEFAULT_LOADER='L"\\\\grubaa64.efi"' -DDEFAULT_LOADER_CHAR='"\\\\grubaa64.efi"' -DEFI_ARCH='L"aa64"' -DDEBUGDIR='L"/usr/lib/debug/usr/share/shim/aa64-16.1/"' -DVENDOR_CERT_FILE=\"../Cisco_Virtual_UEFI_SubCA_v3.cer\" -DMDE_CPU_AARCH64   -c -o Hash/CryptSha1.o /shim-build/shim-16.1/Cryptlib/Hash/CryptSha1.c
#14 12.23 aarch64-linux-gnu-gcc -std=gnu11 -ggdb -gdwarf-4 -gstrict-dwarf -ffreestanding -fmacro-prefix-map=/shim-build/shim-16.1/= -fno-stack-protector -fno-strict-aliasing -fpic -fshort-wchar -nostdinc -Os -Wall -Wextra -Wno-missing-field-initializers -Wno-unused-parameter -Wno-unused-but-set-variable -Werror -Wno-error=unused-but-set-variable -Wno-error=unused-parameter -I/shim-build/shim-16.1/Cryptlib -I/shim-build/shim-16.1/Cryptlib/Include -I/shim-build/shim-16.1/gnu-efi/inc -I/shim-build/shim-16.1/gnu-efi/inc/aarch64 -I/shim-build/shim-16.1/gnu-efi/inc/protocol -isystem /shim-build/shim-16.1/include/system -isystem /usr/lib/gcc-cross/aarch64-linux-gnu/11/include -DDEFAULT_LOADER='L"\\\\grubaa64.efi"' -DDEFAULT_LOADER_CHAR='"\\\\grubaa64.efi"' -DEFI_ARCH='L"aa64"' -DDEBUGDIR='L"/usr/lib/debug/usr/share/shim/aa64-16.1/"' -DVENDOR_CERT_FILE=\"../Cisco_Virtual_UEFI_SubCA_v3.cer\" -DMDE_CPU_AARCH64   -c -o Hash/CryptSha256.o /shim-build/shim-16.1/Cryptlib/Hash/CryptSha256.c
#14 12.58 aarch64-linux-gnu-gcc -std=gnu11 -ggdb -gdwarf-4 -gstrict-dwarf -ffreestanding -fmacro-prefix-map=/shim-build/shim-16.1/= -fno-stack-protector -fno-strict-aliasing -fpic -fshort-wchar -nostdinc -Os -Wall -Wextra -Wno-missing-field-initializers -Wno-unused-parameter -Wno-unused-but-set-variable -Werror -Wno-error=unused-but-set-variable -Wno-error=unused-parameter -I/shim-build/shim-16.1/Cryptlib -I/shim-build/shim-16.1/Cryptlib/Include -I/shim-build/shim-16.1/gnu-efi/inc -I/shim-build/shim-16.1/gnu-efi/inc/aarch64 -I/shim-build/shim-16.1/gnu-efi/inc/protocol -isystem /shim-build/shim-16.1/include/system -isystem /usr/lib/gcc-cross/aarch64-linux-gnu/11/include -DDEFAULT_LOADER='L"\\\\grubaa64.efi"' -DDEFAULT_LOADER_CHAR='"\\\\grubaa64.efi"' -DEFI_ARCH='L"aa64"' -DDEBUGDIR='L"/usr/lib/debug/usr/share/shim/aa64-16.1/"' -DVENDOR_CERT_FILE=\"../Cisco_Virtual_UEFI_SubCA_v3.cer\" -DMDE_CPU_AARCH64   -c -o Hash/CryptSha512.o /shim-build/shim-16.1/Cryptlib/Hash/CryptSha512.c
#14 12.95 aarch64-linux-gnu-gcc -std=gnu11 -ggdb -gdwarf-4 -gstrict-dwarf -ffreestanding -fmacro-prefix-map=/shim-build/shim-16.1/= -fno-stack-protector -fno-strict-aliasing -fpic -fshort-wchar -nostdinc -Os -Wall -Wextra -Wno-missing-field-initializers -Wno-unused-parameter -Wno-unused-but-set-variable -Werror -Wno-error=unused-but-set-variable -Wno-error=unused-parameter -I/shim-build/shim-16.1/Cryptlib -I/shim-build/shim-16.1/Cryptlib/Include -I/shim-build/shim-16.1/gnu-efi/inc -I/shim-build/shim-16.1/gnu-efi/inc/aarch64 -I/shim-build/shim-16.1/gnu-efi/inc/protocol -isystem /shim-build/shim-16.1/include/system -isystem /usr/lib/gcc-cross/aarch64-linux-gnu/11/include -DDEFAULT_LOADER='L"\\\\grubaa64.efi"' -DDEFAULT_LOADER_CHAR='"\\\\grubaa64.efi"' -DEFI_ARCH='L"aa64"' -DDEBUGDIR='L"/usr/lib/debug/usr/share/shim/aa64-16.1/"' -DVENDOR_CERT_FILE=\"../Cisco_Virtual_UEFI_SubCA_v3.cer\" -DMDE_CPU_AARCH64   -c -o Hmac/CryptHmacMd5Null.o /shim-build/shim-16.1/Cryptlib/Hmac/CryptHmacMd5Null.c
#14 13.23 aarch64-linux-gnu-gcc -std=gnu11 -ggdb -gdwarf-4 -gstrict-dwarf -ffreestanding -fmacro-prefix-map=/shim-build/shim-16.1/= -fno-stack-protector -fno-strict-aliasing -fpic -fshort-wchar -nostdinc -Os -Wall -Wextra -Wno-missing-field-initializers -Wno-unused-parameter -Wno-unused-but-set-variable -Werror -Wno-error=unused-but-set-variable -Wno-error=unused-parameter -I/shim-build/shim-16.1/Cryptlib -I/shim-build/shim-16.1/Cryptlib/Include -I/shim-build/shim-16.1/gnu-efi/inc -I/shim-build/shim-16.1/gnu-efi/inc/aarch64 -I/shim-build/shim-16.1/gnu-efi/inc/protocol -isystem /shim-build/shim-16.1/include/system -isystem /usr/lib/gcc-cross/aarch64-linux-gnu/11/include -DDEFAULT_LOADER='L"\\\\grubaa64.efi"' -DDEFAULT_LOADER_CHAR='"\\\\grubaa64.efi"' -DEFI_ARCH='L"aa64"' -DDEBUGDIR='L"/usr/lib/debug/usr/share/shim/aa64-16.1/"' -DVENDOR_CERT_FILE=\"../Cisco_Virtual_UEFI_SubCA_v3.cer\" -DMDE_CPU_AARCH64   -c -o Hmac/CryptHmacSha1Null.o /shim-build/shim-16.1/Cryptlib/Hmac/CryptHmacSha1Null.c
#14 13.51 aarch64-linux-gnu-gcc -std=gnu11 -ggdb -gdwarf-4 -gstrict-dwarf -ffreestanding -fmacro-prefix-map=/shim-build/shim-16.1/= -fno-stack-protector -fno-strict-aliasing -fpic -fshort-wchar -nostdinc -Os -Wall -Wextra -Wno-missing-field-initializers -Wno-unused-parameter -Wno-unused-but-set-variable -Werror -Wno-error=unused-but-set-variable -Wno-error=unused-parameter -I/shim-build/shim-16.1/Cryptlib -I/shim-build/shim-16.1/Cryptlib/Include -I/shim-build/shim-16.1/gnu-efi/inc -I/shim-build/shim-16.1/gnu-efi/inc/aarch64 -I/shim-build/shim-16.1/gnu-efi/inc/protocol -isystem /shim-build/shim-16.1/include/system -isystem /usr/lib/gcc-cross/aarch64-linux-gnu/11/include -DDEFAULT_LOADER='L"\\\\grubaa64.efi"' -DDEFAULT_LOADER_CHAR='"\\\\grubaa64.efi"' -DEFI_ARCH='L"aa64"' -DDEBUGDIR='L"/usr/lib/debug/usr/share/shim/aa64-16.1/"' -DVENDOR_CERT_FILE=\"../Cisco_Virtual_UEFI_SubCA_v3.cer\" -DMDE_CPU_AARCH64   -c -o Hmac/CryptHmacSha256Null.o /shim-build/shim-16.1/Cryptlib/Hmac/CryptHmacSha256Null.c
#14 13.80 aarch64-linux-gnu-gcc -std=gnu11 -ggdb -gdwarf-4 -gstrict-dwarf -ffreestanding -fmacro-prefix-map=/shim-build/shim-16.1/= -fno-stack-protector -fno-strict-aliasing -fpic -fshort-wchar -nostdinc -Os -Wall -Wextra -Wno-missing-field-initializers -Wno-unused-parameter -Wno-unused-but-set-variable -Werror -Wno-error=unused-but-set-variable -Wno-error=unused-parameter -I/shim-build/shim-16.1/Cryptlib -I/shim-build/shim-16.1/Cryptlib/Include -I/shim-build/shim-16.1/gnu-efi/inc -I/shim-build/shim-16.1/gnu-efi/inc/aarch64 -I/shim-build/shim-16.1/gnu-efi/inc/protocol -isystem /shim-build/shim-16.1/include/system -isystem /usr/lib/gcc-cross/aarch64-linux-gnu/11/include -DDEFAULT_LOADER='L"\\\\grubaa64.efi"' -DDEFAULT_LOADER_CHAR='"\\\\grubaa64.efi"' -DEFI_ARCH='L"aa64"' -DDEBUGDIR='L"/usr/lib/debug/usr/share/shim/aa64-16.1/"' -DVENDOR_CERT_FILE=\"../Cisco_Virtual_UEFI_SubCA_v3.cer\" -DMDE_CPU_AARCH64   -c -o Cipher/CryptAesNull.o /shim-build/shim-16.1/Cryptlib/Cipher/CryptAesNull.c
#14 14.08 aarch64-linux-gnu-gcc -std=gnu11 -ggdb -gdwarf-4 -gstrict-dwarf -ffreestanding -fmacro-prefix-map=/shim-build/shim-16.1/= -fno-stack-protector -fno-strict-aliasing -fpic -fshort-wchar -nostdinc -Os -Wall -Wextra -Wno-missing-field-initializers -Wno-unused-parameter -Wno-unused-but-set-variable -Werror -Wno-error=unused-but-set-variable -Wno-error=unused-parameter -I/shim-build/shim-16.1/Cryptlib -I/shim-build/shim-16.1/Cryptlib/Include -I/shim-build/shim-16.1/gnu-efi/inc -I/shim-build/shim-16.1/gnu-efi/inc/aarch64 -I/shim-build/shim-16.1/gnu-efi/inc/protocol -isystem /shim-build/shim-16.1/include/system -isystem /usr/lib/gcc-cross/aarch64-linux-gnu/11/include -DDEFAULT_LOADER='L"\\\\grubaa64.efi"' -DDEFAULT_LOADER_CHAR='"\\\\grubaa64.efi"' -DEFI_ARCH='L"aa64"' -DDEBUGDIR='L"/usr/lib/debug/usr/share/shim/aa64-16.1/"' -DVENDOR_CERT_FILE=\"../Cisco_Virtual_UEFI_SubCA_v3.cer\" -DMDE_CPU_AARCH64   -c -o Cipher/CryptTdesNull.o /shim-build/shim-16.1/Cryptlib/Cipher/CryptTdesNull.c
#14 14.36 aarch64-linux-gnu-gcc -std=gnu11 -ggdb -gdwarf-4 -gstrict-dwarf -ffreestanding -fmacro-prefix-map=/shim-build/shim-16.1/= -fno-stack-protector -fno-strict-aliasing -fpic -fshort-wchar -nostdinc -Os -Wall -Wextra -Wno-missing-field-initializers -Wno-unused-parameter -Wno-unused-but-set-variable -Werror -Wno-error=unused-but-set-variable -Wno-error=unused-parameter -I/shim-build/shim-16.1/Cryptlib -I/shim-build/shim-16.1/Cryptlib/Include -I/shim-build/shim-16.1/gnu-efi/inc -I/shim-build/shim-16.1/gnu-efi/inc/aarch64 -I/shim-build/shim-16.1/gnu-efi/inc/protocol -isystem /shim-build/shim-16.1/include/system -isystem /usr/lib/gcc-cross/aarch64-linux-gnu/11/include -DDEFAULT_LOADER='L"\\\\grubaa64.efi"' -DDEFAULT_LOADER_CHAR='"\\\\grubaa64.efi"' -DEFI_ARCH='L"aa64"' -DDEBUGDIR='L"/usr/lib/debug/usr/share/shim/aa64-16.1/"' -DVENDOR_CERT_FILE=\"../Cisco_Virtual_UEFI_SubCA_v3.cer\" -DMDE_CPU_AARCH64   -c -o Cipher/CryptArc4Null.o /shim-build/shim-16.1/Cryptlib/Cipher/CryptArc4Null.c
#14 14.64 aarch64-linux-gnu-gcc -std=gnu11 -ggdb -gdwarf-4 -gstrict-dwarf -ffreestanding -fmacro-prefix-map=/shim-build/shim-16.1/= -fno-stack-protector -fno-strict-aliasing -fpic -fshort-wchar -nostdinc -Os -Wall -Wextra -Wno-missing-field-initializers -Wno-unused-parameter -Wno-unused-but-set-variable -Werror -Wno-error=unused-but-set-variable -Wno-error=unused-parameter -I/shim-build/shim-16.1/Cryptlib -I/shim-build/shim-16.1/Cryptlib/Include -I/shim-build/shim-16.1/gnu-efi/inc -I/shim-build/shim-16.1/gnu-efi/inc/aarch64 -I/shim-build/shim-16.1/gnu-efi/inc/protocol -isystem /shim-build/shim-16.1/include/system -isystem /usr/lib/gcc-cross/aarch64-linux-gnu/11/include -DDEFAULT_LOADER='L"\\\\grubaa64.efi"' -DDEFAULT_LOADER_CHAR='"\\\\grubaa64.efi"' -DEFI_ARCH='L"aa64"' -DDEBUGDIR='L"/usr/lib/debug/usr/share/shim/aa64-16.1/"' -DVENDOR_CERT_FILE=\"../Cisco_Virtual_UEFI_SubCA_v3.cer\" -DMDE_CPU_AARCH64   -c -o Rand/CryptRand.o /shim-build/shim-16.1/Cryptlib/Rand/CryptRand.c
#14 15.01 aarch64-linux-gnu-gcc -std=gnu11 -ggdb -gdwarf-4 -gstrict-dwarf -ffreestanding -fmacro-prefix-map=/shim-build/shim-16.1/= -fno-stack-protector -fno-strict-aliasing -fpic -fshort-wchar -nostdinc -Os -Wall -Wextra -Wno-missing-field-initializers -Wno-unused-parameter -Wno-unused-but-set-variable -Werror -Wno-error=unused-but-set-variable -Wno-error=unused-parameter -I/shim-build/shim-16.1/Cryptlib -I/shim-build/shim-16.1/Cryptlib/Include -I/shim-build/shim-16.1/gnu-efi/inc -I/shim-build/shim-16.1/gnu-efi/inc/aarch64 -I/shim-build/shim-16.1/gnu-efi/inc/protocol -isystem /shim-build/shim-16.1/include/system -isystem /usr/lib/gcc-cross/aarch64-linux-gnu/11/include -DDEFAULT_LOADER='L"\\\\grubaa64.efi"' -DDEFAULT_LOADER_CHAR='"\\\\grubaa64.efi"' -DEFI_ARCH='L"aa64"' -DDEBUGDIR='L"/usr/lib/debug/usr/share/shim/aa64-16.1/"' -DVENDOR_CERT_FILE=\"../Cisco_Virtual_UEFI_SubCA_v3.cer\" -DMDE_CPU_AARCH64   -c -o Pk/CryptRsaBasic.o /shim-build/shim-16.1/Cryptlib/Pk/CryptRsaBasic.c
#14 15.41 aarch64-linux-gnu-gcc -std=gnu11 -ggdb -gdwarf-4 -gstrict-dwarf -ffreestanding -fmacro-prefix-map=/shim-build/shim-16.1/= -fno-stack-protector -fno-strict-aliasing -fpic -fshort-wchar -nostdinc -Os -Wall -Wextra -Wno-missing-field-initializers -Wno-unused-parameter -Wno-unused-but-set-variable -Werror -Wno-error=unused-but-set-variable -Wno-error=unused-parameter -I/shim-build/shim-16.1/Cryptlib -I/shim-build/shim-16.1/Cryptlib/Include -I/shim-build/shim-16.1/gnu-efi/inc -I/shim-build/shim-16.1/gnu-efi/inc/aarch64 -I/shim-build/shim-16.1/gnu-efi/inc/protocol -isystem /shim-build/shim-16.1/include/system -isystem /usr/lib/gcc-cross/aarch64-linux-gnu/11/include -DDEFAULT_LOADER='L"\\\\grubaa64.efi"' -DDEFAULT_LOADER_CHAR='"\\\\grubaa64.efi"' -DEFI_ARCH='L"aa64"' -DDEBUGDIR='L"/usr/lib/debug/usr/share/shim/aa64-16.1/"' -DVENDOR_CERT_FILE=\"../Cisco_Virtual_UEFI_SubCA_v3.cer\" -DMDE_CPU_AARCH64   -c -o Pk/CryptRsaExtNull.o /shim-build/shim-16.1/Cryptlib/Pk/CryptRsaExtNull.c
#14 15.67 aarch64-linux-gnu-gcc -std=gnu11 -ggdb -gdwarf-4 -gstrict-dwarf -ffreestanding -fmacro-prefix-map=/shim-build/shim-16.1/= -fno-stack-protector -fno-strict-aliasing -fpic -fshort-wchar -nostdinc -Os -Wall -Wextra -Wno-missing-field-initializers -Wno-unused-parameter -Wno-unused-but-set-variable -Werror -Wno-error=unused-but-set-variable -Wno-error=unused-parameter -I/shim-build/shim-16.1/Cryptlib -I/shim-build/shim-16.1/Cryptlib/Include -I/shim-build/shim-16.1/gnu-efi/inc -I/shim-build/shim-16.1/gnu-efi/inc/aarch64 -I/shim-build/shim-16.1/gnu-efi/inc/protocol -isystem /shim-build/shim-16.1/include/system -isystem /usr/lib/gcc-cross/aarch64-linux-gnu/11/include -DDEFAULT_LOADER='L"\\\\grubaa64.efi"' -DDEFAULT_LOADER_CHAR='"\\\\grubaa64.efi"' -DEFI_ARCH='L"aa64"' -DDEBUGDIR='L"/usr/lib/debug/usr/share/shim/aa64-16.1/"' -DVENDOR_CERT_FILE=\"../Cisco_Virtual_UEFI_SubCA_v3.cer\" -DMDE_CPU_AARCH64   -c -o Pk/CryptPkcs7SignNull.o /shim-build/shim-16.1/Cryptlib/Pk/CryptPkcs7SignNull.c
#14 15.93 aarch64-linux-gnu-gcc -std=gnu11 -ggdb -gdwarf-4 -gstrict-dwarf -ffreestanding -fmacro-prefix-map=/shim-build/shim-16.1/= -fno-stack-protector -fno-strict-aliasing -fpic -fshort-wchar -nostdinc -Os -Wall -Wextra -Wno-missing-field-initializers -Wno-unused-parameter -Wno-unused-but-set-variable -Werror -Wno-error=unused-but-set-variable -Wno-error=unused-parameter -I/shim-build/shim-16.1/Cryptlib -I/shim-build/shim-16.1/Cryptlib/Include -I/shim-build/shim-16.1/gnu-efi/inc -I/shim-build/shim-16.1/gnu-efi/inc/aarch64 -I/shim-build/shim-16.1/gnu-efi/inc/protocol -isystem /shim-build/shim-16.1/include/system -isystem /usr/lib/gcc-cross/aarch64-linux-gnu/11/include -DDEFAULT_LOADER='L"\\\\grubaa64.efi"' -DDEFAULT_LOADER_CHAR='"\\\\grubaa64.efi"' -DEFI_ARCH='L"aa64"' -DDEBUGDIR='L"/usr/lib/debug/usr/share/shim/aa64-16.1/"' -DVENDOR_CERT_FILE=\"../Cisco_Virtual_UEFI_SubCA_v3.cer\" -DMDE_CPU_AARCH64   -c -o Pk/CryptPkcs7Verify.o /shim-build/shim-16.1/Cryptlib/Pk/CryptPkcs7Verify.c
#14 16.47 aarch64-linux-gnu-gcc -std=gnu11 -ggdb -gdwarf-4 -gstrict-dwarf -ffreestanding -fmacro-prefix-map=/shim-build/shim-16.1/= -fno-stack-protector -fno-strict-aliasing -fpic -fshort-wchar -nostdinc -Os -Wall -Wextra -Wno-missing-field-initializers -Wno-unused-parameter -Wno-unused-but-set-variable -Werror -Wno-error=unused-but-set-variable -Wno-error=unused-parameter -I/shim-build/shim-16.1/Cryptlib -I/shim-build/shim-16.1/Cryptlib/Include -I/shim-build/shim-16.1/gnu-efi/inc -I/shim-build/shim-16.1/gnu-efi/inc/aarch64 -I/shim-build/shim-16.1/gnu-efi/inc/protocol -isystem /shim-build/shim-16.1/include/system -isystem /usr/lib/gcc-cross/aarch64-linux-gnu/11/include -DDEFAULT_LOADER='L"\\\\grubaa64.efi"' -DDEFAULT_LOADER_CHAR='"\\\\grubaa64.efi"' -DEFI_ARCH='L"aa64"' -DDEBUGDIR='L"/usr/lib/debug/usr/share/shim/aa64-16.1/"' -DVENDOR_CERT_FILE=\"../Cisco_Virtual_UEFI_SubCA_v3.cer\" -DMDE_CPU_AARCH64   -c -o Pk/CryptDhNull.o /shim-build/shim-16.1/Cryptlib/Pk/CryptDhNull.c
#14 16.75 aarch64-linux-gnu-gcc -std=gnu11 -ggdb -gdwarf-4 -gstrict-dwarf -ffreestanding -fmacro-prefix-map=/shim-build/shim-16.1/= -fno-stack-protector -fno-strict-aliasing -fpic -fshort-wchar -nostdinc -Os -Wall -Wextra -Wno-missing-field-initializers -Wno-unused-parameter -Wno-unused-but-set-variable -Werror -Wno-error=unused-but-set-variable -Wno-error=unused-parameter -I/shim-build/shim-16.1/Cryptlib -I/shim-build/shim-16.1/Cryptlib/Include -I/shim-build/shim-16.1/gnu-efi/inc -I/shim-build/shim-16.1/gnu-efi/inc/aarch64 -I/shim-build/shim-16.1/gnu-efi/inc/protocol -isystem /shim-build/shim-16.1/include/system -isystem /usr/lib/gcc-cross/aarch64-linux-gnu/11/include -DDEFAULT_LOADER='L"\\\\grubaa64.efi"' -DDEFAULT_LOADER_CHAR='"\\\\grubaa64.efi"' -DEFI_ARCH='L"aa64"' -DDEBUGDIR='L"/usr/lib/debug/usr/share/shim/aa64-16.1/"' -DVENDOR_CERT_FILE=\"../Cisco_Virtual_UEFI_SubCA_v3.cer\" -DMDE_CPU_AARCH64   -c -o Pk/CryptTs.o /shim-build/shim-16.1/Cryptlib/Pk/CryptTs.c
#14 17.25 aarch64-linux-gnu-gcc -std=gnu11 -ggdb -gdwarf-4 -gstrict-dwarf -ffreestanding -fmacro-prefix-map=/shim-build/shim-16.1/= -fno-stack-protector -fno-strict-aliasing -fpic -fshort-wchar -nostdinc -Os -Wall -Wextra -Wno-missing-field-initializers -Wno-unused-parameter -Wno-unused-but-set-variable -Werror -Wno-error=unused-but-set-variable -Wno-error=unused-parameter -I/shim-build/shim-16.1/Cryptlib -I/shim-build/shim-16.1/Cryptlib/Include -I/shim-build/shim-16.1/gnu-efi/inc -I/shim-build/shim-16.1/gnu-efi/inc/aarch64 -I/shim-build/shim-16.1/gnu-efi/inc/protocol -isystem /shim-build/shim-16.1/include/system -isystem /usr/lib/gcc-cross/aarch64-linux-gnu/11/include -DDEFAULT_LOADER='L"\\\\grubaa64.efi"' -DDEFAULT_LOADER_CHAR='"\\\\grubaa64.efi"' -DEFI_ARCH='L"aa64"' -DDEBUGDIR='L"/usr/lib/debug/usr/share/shim/aa64-16.1/"' -DVENDOR_CERT_FILE=\"../Cisco_Virtual_UEFI_SubCA_v3.cer\" -DMDE_CPU_AARCH64   -c -o Pk/CryptX509.o /shim-build/shim-16.1/Cryptlib/Pk/CryptX509.c
#14 17.73 aarch64-linux-gnu-gcc -std=gnu11 -ggdb -gdwarf-4 -gstrict-dwarf -ffreestanding -fmacro-prefix-map=/shim-build/shim-16.1/= -fno-stack-protector -fno-strict-aliasing -fpic -fshort-wchar -nostdinc -Os -Wall -Wextra -Wno-missing-field-initializers -Wno-unused-parameter -Wno-unused-but-set-variable -Werror -Wno-error=unused-but-set-variable -Wno-error=unused-parameter -I/shim-build/shim-16.1/Cryptlib -I/shim-build/shim-16.1/Cryptlib/Include -I/shim-build/shim-16.1/gnu-efi/inc -I/shim-build/shim-16.1/gnu-efi/inc/aarch64 -I/shim-build/shim-16.1/gnu-efi/inc/protocol -isystem /shim-build/shim-16.1/include/system -isystem /usr/lib/gcc-cross/aarch64-linux-gnu/11/include -DDEFAULT_LOADER='L"\\\\grubaa64.efi"' -DDEFAULT_LOADER_CHAR='"\\\\grubaa64.efi"' -DEFI_ARCH='L"aa64"' -DDEBUGDIR='L"/usr/lib/debug/usr/share/shim/aa64-16.1/"' -DVENDOR_CERT_FILE=\"../Cisco_Virtual_UEFI_SubCA_v3.cer\" -DMDE_CPU_AARCH64   -c -o Pk/CryptAuthenticode.o /shim-build/shim-16.1/Cryptlib/Pk/CryptAuthenticode.c
#14 18.14 aarch64-linux-gnu-gcc -std=gnu11 -ggdb -gdwarf-4 -gstrict-dwarf -ffreestanding -fmacro-prefix-map=/shim-build/shim-16.1/= -fno-stack-protector -fno-strict-aliasing -fpic -fshort-wchar -nostdinc -Os -Wall -Wextra -Wno-missing-field-initializers -Wno-unused-parameter -Wno-unused-but-set-variable -Werror -Wno-error=unused-but-set-variable -Wno-error=unused-parameter -I/shim-build/shim-16.1/Cryptlib -I/shim-build/shim-16.1/Cryptlib/Include -I/shim-build/shim-16.1/gnu-efi/inc -I/shim-build/shim-16.1/gnu-efi/inc/aarch64 -I/shim-build/shim-16.1/gnu-efi/inc/protocol -isystem /shim-build/shim-16.1/include/system -isystem /usr/lib/gcc-cross/aarch64-linux-gnu/11/include -DDEFAULT_LOADER='L"\\\\grubaa64.efi"' -DDEFAULT_LOADER_CHAR='"\\\\grubaa64.efi"' -DEFI_ARCH='L"aa64"' -DDEBUGDIR='L"/usr/lib/debug/usr/share/shim/aa64-16.1/"' -DVENDOR_CERT_FILE=\"../Cisco_Virtual_UEFI_SubCA_v3.cer\" -DMDE_CPU_AARCH64   -c -o Pem/CryptPemNull.o /shim-build/shim-16.1/Cryptlib/Pem/CryptPemNull.c
#14 18.40 aarch64-linux-gnu-gcc -std=gnu11 -ggdb -gdwarf-4 -gstrict-dwarf -ffreestanding -fmacro-prefix-map=/shim-build/shim-16.1/= -fno-stack-protector -fno-strict-aliasing -fpic -fshort-wchar -nostdinc -Os -Wall -Wextra -Wno-missing-field-initializers -Wno-unused-parameter -Wno-unused-but-set-variable -Werror -Wno-error=unused-but-set-variable -Wno-error=unused-parameter -I/shim-build/shim-16.1/Cryptlib -I/shim-build/shim-16.1/Cryptlib/Include -I/shim-build/shim-16.1/gnu-efi/inc -I/shim-build/shim-16.1/gnu-efi/inc/aarch64 -I/shim-build/shim-16.1/gnu-efi/inc/protocol -isystem /shim-build/shim-16.1/include/system -isystem /usr/lib/gcc-cross/aarch64-linux-gnu/11/include -DDEFAULT_LOADER='L"\\\\grubaa64.efi"' -DDEFAULT_LOADER_CHAR='"\\\\grubaa64.efi"' -DEFI_ARCH='L"aa64"' -DDEBUGDIR='L"/usr/lib/debug/usr/share/shim/aa64-16.1/"' -DVENDOR_CERT_FILE=\"../Cisco_Virtual_UEFI_SubCA_v3.cer\" -DMDE_CPU_AARCH64   -c -o SysCall/CrtWrapper.o /shim-build/shim-16.1/Cryptlib/SysCall/CrtWrapper.c
#14 18.82 aarch64-linux-gnu-gcc -std=gnu11 -ggdb -gdwarf-4 -gstrict-dwarf -ffreestanding -fmacro-prefix-map=/shim-build/shim-16.1/= -fno-stack-protector -fno-strict-aliasing -fpic -fshort-wchar -nostdinc -Os -Wall -Wextra -Wno-missing-field-initializers -Wno-unused-parameter -Wno-unused-but-set-variable -Werror -Wno-error=unused-but-set-variable -Wno-error=unused-parameter -I/shim-build/shim-16.1/Cryptlib -I/shim-build/shim-16.1/Cryptlib/Include -I/shim-build/shim-16.1/gnu-efi/inc -I/shim-build/shim-16.1/gnu-efi/inc/aarch64 -I/shim-build/shim-16.1/gnu-efi/inc/protocol -isystem /shim-build/shim-16.1/include/system -isystem /usr/lib/gcc-cross/aarch64-linux-gnu/11/include -DDEFAULT_LOADER='L"\\\\grubaa64.efi"' -DDEFAULT_LOADER_CHAR='"\\\\grubaa64.efi"' -DEFI_ARCH='L"aa64"' -DDEBUGDIR='L"/usr/lib/debug/usr/share/shim/aa64-16.1/"' -DVENDOR_CERT_FILE=\"../Cisco_Virtual_UEFI_SubCA_v3.cer\" -DMDE_CPU_AARCH64   -c -o SysCall/TimerWrapper.o /shim-build/shim-16.1/Cryptlib/SysCall/TimerWrapper.c
#14 19.27 aarch64-linux-gnu-gcc -std=gnu11 -ggdb -gdwarf-4 -gstrict-dwarf -ffreestanding -fmacro-prefix-map=/shim-build/shim-16.1/= -fno-stack-protector -fno-strict-aliasing -fpic -fshort-wchar -nostdinc -Os -Wall -Wextra -Wno-missing-field-initializers -Wno-unused-parameter -Wno-unused-but-set-variable -Werror -Wno-error=unused-but-set-variable -Wno-error=unused-parameter -I/shim-build/shim-16.1/Cryptlib -I/shim-build/shim-16.1/Cryptlib/Include -I/shim-build/shim-16.1/gnu-efi/inc -I/shim-build/shim-16.1/gnu-efi/inc/aarch64 -I/shim-build/shim-16.1/gnu-efi/inc/protocol -isystem /shim-build/shim-16.1/include/system -isystem /usr/lib/gcc-cross/aarch64-linux-gnu/11/include -DDEFAULT_LOADER='L"\\\\grubaa64.efi"' -DDEFAULT_LOADER_CHAR='"\\\\grubaa64.efi"' -DEFI_ARCH='L"aa64"' -DDEBUGDIR='L"/usr/lib/debug/usr/share/shim/aa64-16.1/"' -DVENDOR_CERT_FILE=\"../Cisco_Virtual_UEFI_SubCA_v3.cer\" -DMDE_CPU_AARCH64   -c -o SysCall/BaseMemAllocation.o /shim-build/shim-16.1/Cryptlib/SysCall/BaseMemAllocation.c
#14 19.63 aarch64-linux-gnu-gcc -std=gnu11 -ggdb -gdwarf-4 -gstrict-dwarf -ffreestanding -fmacro-prefix-map=/shim-build/shim-16.1/= -fno-stack-protector -fno-strict-aliasing -fpic -fshort-wchar -nostdinc -Os -Wall -Wextra -Wno-missing-field-initializers -Wno-unused-parameter -Wno-unused-but-set-variable -Werror -Wno-error=unused-but-set-variable -Wno-error=unused-parameter -I/shim-build/shim-16.1/Cryptlib -I/shim-build/shim-16.1/Cryptlib/Include -I/shim-build/shim-16.1/gnu-efi/inc -I/shim-build/shim-16.1/gnu-efi/inc/aarch64 -I/shim-build/shim-16.1/gnu-efi/inc/protocol -isystem /shim-build/shim-16.1/include/system -isystem /usr/lib/gcc-cross/aarch64-linux-gnu/11/include -DDEFAULT_LOADER='L"\\\\grubaa64.efi"' -DDEFAULT_LOADER_CHAR='"\\\\grubaa64.efi"' -DEFI_ARCH='L"aa64"' -DDEBUGDIR='L"/usr/lib/debug/usr/share/shim/aa64-16.1/"' -DVENDOR_CERT_FILE=\"../Cisco_Virtual_UEFI_SubCA_v3.cer\" -DMDE_CPU_AARCH64   -c -o SysCall/BaseStrings.o /shim-build/shim-16.1/Cryptlib/SysCall/BaseStrings.c
#14 20.04 ar rcs libcryptlib.a Hash/CryptMd4Null.o Hash/CryptMd5.o Hash/CryptSha1.o Hash/CryptSha256.o Hash/CryptSha512.o Hmac/CryptHmacMd5Null.o Hmac/CryptHmacSha1Null.o Hmac/CryptHmacSha256Null.o Cipher/CryptAesNull.o Cipher/CryptTdesNull.o Cipher/CryptArc4Null.o Rand/CryptRand.o Pk/CryptRsaBasic.o Pk/CryptRsaExtNull.o Pk/CryptPkcs7SignNull.o Pk/CryptPkcs7Verify.o Pk/CryptDhNull.o Pk/CryptTs.o Pk/CryptX509.o Pk/CryptAuthenticode.o Pem/CryptPemNull.o SysCall/CrtWrapper.o SysCall/TimerWrapper.o SysCall/BaseMemAllocation.o SysCall/BaseStrings.o
#14 20.08 make[1]: Leaving directory '/shim-build/shim-16.1/build-aarch64/Cryptlib'
#14 20.08 for i in x509v3 x509 txt_db stack sha rsa rc4 rand pkcs7 pkcs12 pem ocsp objects modes md5 lhash kdf hmac evp err dso dh conf comp cmac buffer bn bio async/arch asn1 aes; do mkdir -p Cryptlib/OpenSSL/crypto/$i; done
#14 20.47 make TOPDIR=/shim-build/shim-16.1 VPATH=/shim-build/shim-16.1/Cryptlib/OpenSSL -C Cryptlib/OpenSSL -f /shim-build/shim-16.1/Cryptlib/OpenSSL/Makefile 
#14 20.50 make[1]: Entering directory '/shim-build/shim-16.1/build-aarch64/Cryptlib/OpenSSL'
#14 20.51 aarch64-linux-gnu-gcc -std=gnu11 -ggdb -gdwarf-4 -gstrict-dwarf -ffreestanding -fmacro-prefix-map=/shim-build/shim-16.1/= -fno-stack-protector -fno-strict-aliasing -fpic -fshort-wchar -nostdinc -Os -Wall -Wextra -Wno-missing-field-initializers -Wno-empty-body -Wno-implicit-fallthrough -Wno-old-style-declaration -Wno-unused-but-set-variable -Wno-unused-parameter -Werror -Wno-error=unused-but-set-variable -Wno-error=unused-parameter -I/shim-build/shim-16.1/Cryptlib/OpenSSL -I/shim-build/shim-16.1/Cryptlib -I/shim-build/shim-16.1/Cryptlib/OpenSSL/Include/ -I/shim-build/shim-16.1/Cryptlib/OpenSSL/crypto -I/shim-build/shim-16.1/Cryptlib/Include -I/shim-build/shim-16.1/gnu-efi/inc -I/shim-build/shim-16.1/gnu-efi/inc/aarch64 -I/shim-build/shim-16.1/gnu-efi/inc/protocol -I/shim-build/shim-16.1/Cryptlib/OpenSSL/crypto/asn1 -I/shim-build/shim-16.1/Cryptlib/OpenSSL/crypto/evp -I/shim-build/shim-16.1/Cryptlib/OpenSSL/crypto/modes -I/shim-build/shim-16.1/Cryptlib/OpenSSL/crypto/include -isystem /shim-build/shim-16.1/include/system -isystem /usr/lib/gcc-cross/aarch64-linux-gnu/11/include -DL_ENDIAN -D_CRT_SECURE_NO_DEPRECATE -D_CRT_NONSTDC_NO_DEPRECATE -DOPENSSL_SMALL_FOOTPRINT -DPEDANTIC -DMDE_CPU_AARCH64   -c -o crypto/cryptlib.o /shim-build/shim-16.1/Cryptlib/OpenSSL/crypto/cryptlib.c
#14 21.03 aarch64-linux-gnu-gcc -std=gnu11 -ggdb -gdwarf-4 -gstrict-dwarf -ffreestanding -fmacro-prefix-map=/shim-build/shim-16.1/= -fno-stack-protector -fno-strict-aliasing -fpic -fshort-wchar -nostdinc -Os -Wall -Wextra -Wno-missing-field-initializers -Wno-empty-body -Wno-implicit-fallthrough -Wno-old-style-declaration -Wno-unused-but-set-variable -Wno-unused-parameter -Werror -Wno-error=unused-but-set-variable -Wno-error=unused-parameter -I/shim-build/shim-16.1/Cryptlib/OpenSSL -I/shim-build/shim-16.1/Cryptlib -I/shim-build/shim-16.1/Cryptlib/OpenSSL/Include/ -I/shim-build/shim-16.1/Cryptlib/OpenSSL/crypto -I/shim-build/shim-16.1/Cryptlib/Include -I/shim-build/shim-16.1/gnu-efi/inc -I/shim-build/shim-16.1/gnu-efi/inc/aarch64 -I/shim-build/shim-16.1/gnu-efi/inc/protocol -I/shim-build/shim-16.1/Cryptlib/OpenSSL/crypto/asn1 -I/shim-build/shim-16.1/Cryptlib/OpenSSL/crypto/evp -I/shim-build/shim-16.1/Cryptlib/OpenSSL/crypto/modes -I/shim-build/shim-16.1/Cryptlib/OpenSSL/crypto/include -isystem /shim-build/shim-16.1/include/system -isystem /usr/lib/gcc-cross/aarch64-linux-gnu/11/include -DL_ENDIAN -D_CRT_SECURE_NO_DEPRECATE -D_CRT_NONSTDC_NO_DEPRECATE -DOPENSSL_SMALL_FOOTPRINT -DPEDANTIC -DMDE_CPU_AARCH64   -c -o crypto/mem.o /shim-build/shim-16.1/Cryptlib/OpenSSL/crypto/mem.c
#14 21.47 aarch64-linux-gnu-gcc -std=gnu11 -ggdb -gdwarf-4 -gstrict-dwarf -ffreestanding -fmacro-prefix-map=/shim-build/shim-16.1/= -fno-stack-protector -fno-strict-aliasing -fpic -fshort-wchar -nostdinc -Os -Wall -Wextra -Wno-missing-field-initializers -Wno-empty-body -Wno-implicit-fallthrough -Wno-old-style-declaration -Wno-unused-but-set-variable -Wno-unused-parameter -Werror -Wno-error=unused-but-set-variable -Wno-error=unused-parameter -I/shim-build/shim-16.1/Cryptlib/OpenSSL -I/shim-build/shim-16.1/Cryptlib -I/shim-build/shim-16.1/Cryptlib/OpenSSL/Include/ -I/shim-build/shim-16.1/Cryptlib/OpenSSL/crypto -I/shim-build/shim-16.1/Cryptlib/Include -I/shim-build/shim-16.1/gnu-efi/inc -I/shim-build/shim-16.1/gnu-efi/inc/aarch64 -I/shim-build/shim-16.1/gnu-efi/inc/protocol -I/shim-build/shim-16.1/Cryptlib/OpenSSL/crypto/asn1 -I/shim-build/shim-16.1/Cryptlib/OpenSSL/crypto/evp -I/shim-build/shim-16.1/Cryptlib/OpenSSL/crypto/modes -I/shim-build/shim-16.1/Cryptlib/OpenSSL/crypto/include -isystem /shim-build/shim-16.1/include/system -isystem /usr/lib/gcc-cross/aarch64-linux-gnu/11/include -DL_ENDIAN -D_CRT_SECURE_NO_DEPRECATE -D_CRT_NONSTDC_NO_DEPRECATE -DOPENSSL_SMALL_FOOTPRINT -DPEDANTIC -DMDE_CPU_AARCH64   -c -o crypto/mem_clr.o /shim-build/shim-16.1/Cryptlib/OpenSSL/crypto/mem_clr.c
#14 21.75 aarch64-linux-gnu-gcc -std=gnu11 -ggdb -gdwarf-4 -gstrict-dwarf -ffreestanding -fmacro-prefix-map=/shim-build/shim-16.1/= -fno-stack-protector -fno-strict-aliasing -fpic -fshort-wchar -nostdinc -Os -Wall -Wextra -Wno-missing-field-initializers -Wno-empty-body -Wno-implicit-fallthrough -Wno-old-style-declaration -Wno-unused-but-set-variable -Wno-unused-parameter -Werror -Wno-error=unused-but-set-variable -Wno-error=unused-parameter -I/shim-build/shim-16.1/Cryptlib/OpenSSL -I/shim-build/shim-16.1/Cryptlib -I/shim-build/shim-16.1/Cryptlib/OpenSSL/Include/ -I/shim-build/shim-16.1/Cryptlib/OpenSSL/crypto -I/shim-build/shim-16.1/Cryptlib/Include -I/shim-build/shim-16.1/gnu-efi/inc -I/shim-build/shim-16.1/gnu-efi/inc/aarch64 -I/shim-build/shim-16.1/gnu-efi/inc/protocol -I/shim-build/shim-16.1/Cryptlib/OpenSSL/crypto/asn1 -I/shim-build/shim-16.1/Cryptlib/OpenSSL/crypto/evp -I/shim-build/shim-16.1/Cryptlib/OpenSSL/crypto/modes -I/shim-build/shim-16.1/Cryptlib/OpenSSL/crypto/include -isystem /shim-build/shim-16.1/include/system -isystem /usr/lib/gcc-cross/aarch64-linux-gnu/11/include -DL_ENDIAN -D_CRT_SECURE_NO_DEPRECATE -D_CRT_NONSTDC_NO_DEPRECATE -DOPENSSL_SMALL_FOOTPRINT -DPEDANTIC -DMDE_CPU_AARCH64   -c -o crypto/mem_dbg.o /shim-build/shim-16.1/Cryptlib/OpenSSL/crypto/mem_dbg.c
#14 22.28 aarch64-linux-gnu-gcc -std=gnu11 -ggdb -gdwarf-4 -gstrict-dwarf -ffreestanding -fmacro-prefix-map=/shim-build/shim-16.1/= -fno-stack-protector -fno-strict-aliasing -fpic -fshort-wchar -nostdinc -Os -Wall -Wextra -Wno-missing-field-initializers -Wno-empty-body -Wno-implicit-fallthrough -Wno-old-style-declaration -Wno-unused-but-set-variable -Wno-unused-parameter -Werror -Wno-error=unused-but-set-variable -Wno-error=unused-parameter -I/shim-build/shim-16.1/Cryptlib/OpenSSL -I/shim-build/shim-16.1/Cryptlib -I/shim-build/shim-16.1/Cryptlib/OpenSSL/Include/ -I/shim-build/shim-16.1/Cryptlib/OpenSSL/crypto -I/shim-build/shim-16.1/Cryptlib/Include -I/shim-build/shim-16.1/gnu-efi/inc -I/shim-build/shim-16.1/gnu-efi/inc/aarch64 -I/shim-build/shim-16.1/gnu-efi/inc/protocol -I/shim-build/shim-16.1/Cryptlib/OpenSSL/crypto/asn1 -I/shim-build/shim-16.1/Cryptlib/OpenSSL/crypto/evp -I/shim-build/shim-16.1/Cryptlib/OpenSSL/crypto/modes -I/shim-build/shim-16.1/Cryptlib/OpenSSL/crypto/include -isystem /shim-build/shim-16.1/include/system -isystem /usr/lib/gcc-cross/aarch64-linux-gnu/11/include -DL_ENDIAN -D_CRT_SECURE_NO_DEPRECATE -D_CRT_NONSTDC_NO_DEPRECATE -DOPENSSL_SMALL_FOOTPRINT -DPEDANTIC -DMDE_CPU_AARCH64   -c -o crypto/cversion.o /shim-build/shim-16.1/Cryptlib/OpenSSL/crypto/cversion.c
#14 22.60 aarch64-linux-gnu-gcc -std=gnu11 -ggdb -gdwarf-4 -gstrict-dwarf -ffreestanding -fmacro-prefix-map=/shim-build/shim-16.1/= -fno-stack-protector -fno-strict-aliasing -fpic -fshort-wchar -nostdinc -Os -Wall -Wextra -Wno-missing-field-initializers -Wno-empty-body -Wno-implicit-fallthrough -Wno-old-style-declaration -Wno-unused-but-set-variable -Wno-unused-parameter -Werror -Wno-error=unused-but-set-variable -Wno-error=unused-parameter -I/shim-build/shim-16.1/Cryptlib/OpenSSL -I/shim-build/shim-16.1/Cryptlib -I/shim-build/shim-16.1/Cryptlib/OpenSSL/Include/ -I/shim-build/shim-16.1/Cryptlib/OpenSSL/crypto -I/shim-build/shim-16.1/Cryptlib/Include -I/shim-build/shim-16.1/gnu-efi/inc -I/shim-build/shim-16.1/gnu-efi/inc/aarch64 -I/shim-build/shim-16.1/gnu-efi/inc/protocol -I/shim-build/shim-16.1/Cryptlib/OpenSSL/crypto/asn1 -I/shim-build/shim-16.1/Cryptlib/OpenSSL/crypto/evp -I/shim-build/shim-16.1/Cryptlib/OpenSSL/crypto/modes -I/shim-build/shim-16.1/Cryptlib/OpenSSL/crypto/include -isystem /shim-build/shim-16.1/include/system -isystem /usr/lib/gcc-cross/aarch64-linux-gnu/11/include -DL_ENDIAN -D_CRT_SECURE_NO_DEPRECATE -D_CRT_NONSTDC_NO_DEPRECATE -DOPENSSL_SMALL_FOOTPRINT -DPEDANTIC -DMDE_CPU_AARCH64   -c -o crypto/ex_data.o /shim-build/shim-16.1/Cryptlib/OpenSSL/crypto/ex_data.c
#14 23.11 aarch64-linux-gnu-gcc -std=gnu11 -ggdb -gdwarf-4 -gstrict-dwarf -ffreestanding -fmacro-prefix-map=/shim-build/shim-16.1/= -fno-stack-protector -fno-strict-aliasing -fpic -fshort-wchar -nostdinc -Os -Wall -Wextra -Wno-missing-field-initializers -Wno-empty-body -Wno-implicit-fallthrough -Wno-old-style-declaration -Wno-unused-but-set-variable -Wno-unused-parameter -Werror -Wno-error=unused-but-set-variable -Wno-error=unused-parameter -I/shim-build/shim-16.1/Cryptlib/OpenSSL -I/shim-build/shim-16.1/Cryptlib -I/shim-build/shim-16.1/Cryptlib/OpenSSL/Include/ -I/shim-build/shim-16.1/Cryptlib/OpenSSL/crypto -I/shim-build/shim-16.1/Cryptlib/Include -I/shim-build/shim-16.1/gnu-efi/inc -I/shim-build/shim-16.1/gnu-efi/inc/aarch64 -I/shim-build/shim-16.1/gnu-efi/inc/protocol -I/shim-build/shim-16.1/Cryptlib/OpenSSL/crypto/asn1 -I/shim-build/shim-16.1/Cryptlib/OpenSSL/crypto/evp -I/shim-build/shim-16.1/Cryptlib/OpenSSL/crypto/modes -I/shim-build/shim-16.1/Cryptlib/OpenSSL/crypto/include -isystem /shim-build/shim-16.1/include/system -isystem /usr/lib/gcc-cross/aarch64-linux-gnu/11/include -DL_ENDIAN -D_CRT_SECURE_NO_DEPRECATE -D_CRT_NONSTDC_NO_DEPRECATE -DOPENSSL_SMALL_FOOTPRINT -DPEDANTIC -DMDE_CPU_AARCH64   -c -o crypto/cpt_err.o /shim-build/shim-16.1/Cryptlib/OpenSSL/crypto/cpt_err.c
#14 23.35 aarch64-linux-gnu-gcc -std=gnu11 -ggdb -gdwarf-4 -gstrict-dwarf -ffreestanding -fmacro-prefix-map=/shim-build/shim-16.1/= -fno-stack-protector -fno-strict-aliasing -fpic -fshort-wchar -nostdinc -Os -Wall -Wextra -Wno-missing-field-initializers -Wno-empty-body -Wno-implicit-fallthrough -Wno-old-style-declaration -Wno-unused-but-set-variable -Wno-unused-parameter -Werror -Wno-error=unused-but-set-variable -Wno-error=unused-parameter -I/shim-build/shim-16.1/Cryptlib/OpenSSL -I/shim-build/shim-16.1/Cryptlib -I/shim-build/shim-16.1/Cryptlib/OpenSSL/Include/ -I/shim-build/shim-16.1/Cryptlib/OpenSSL/crypto -I/shim-build/shim-16.1/Cryptlib/Include -I/shim-build/shim-16.1/gnu-efi/inc -I/shim-build/shim-16.1/gnu-efi/inc/aarch64 -I/shim-build/shim-16.1/gnu-efi/inc/protocol -I/shim-build/shim-16.1/Cryptlib/OpenSSL/crypto/asn1 -I/shim-build/shim-16.1/Cryptlib/OpenSSL/crypto/evp -I/shim-build/shim-16.1/Cryptlib/OpenSSL/crypto/modes -I/shim-build/shim-16.1/Cryptlib/OpenSSL/crypto/include -isystem /shim-build/shim-16.1/include/system -isystem /usr/lib/gcc-cross/aarch64-linux-gnu/11/include -DL_ENDIAN -D_CRT_SECURE_NO_DEPRECATE -D_CRT_NONSTDC_NO_DEPRECATE -DOPENSSL_SMALL_FOOTPRINT -DPEDANTIC -DMDE_CPU_AARCH64   -c -o crypto/ebcdic.o /shim-build/shim-16.1/Cryptlib/OpenSSL/crypto/ebcdic.c
#14 23.48 aarch64-linux-gnu-gcc -std=gnu11 -ggdb -gdwarf-4 -gstrict-dwarf -ffreestanding -fmacro-prefix-map=/shim-build/shim-16.1/= -fno-stack-protector -fno-strict-aliasing -fpic -fshort-wchar -nostdinc -Os -Wall -Wextra -Wno-missing-field-initializers -Wno-empty-body -Wno-implicit-fallthrough -Wno-old-style-declaration -Wno-unused-but-set-variable -Wno-unused-parameter -Werror -Wno-error=unused-but-set-variable -Wno-error=unused-parameter -I/shim-build/shim-16.1/Cryptlib/OpenSSL -I/shim-build/shim-16.1/Cryptlib -I/shim-build/shim-16.1/Cryptlib/OpenSSL/Include/ -I/shim-build/shim-16.1/Cryptlib/OpenSSL/crypto -I/shim-build/shim-16.1/Cryptlib/Include -I/shim-build/shim-16.1/gnu-efi/inc -I/shim-build/shim-16.1/gnu-efi/inc/aarch64 -I/shim-build/shim-16.1/gnu-efi/inc/protocol -I/shim-build/shim-16.1/Cryptlib/OpenSSL/crypto/asn1 -I/shim-build/shim-16.1/Cryptlib/OpenSSL/crypto/evp -I/shim-build/shim-16.1/Cryptlib/OpenSSL/crypto/modes -I/shim-build/shim-16.1/Cryptlib/OpenSSL/crypto/include -isystem /shim-build/shim-16.1/include/system -isystem /usr/lib/gcc-cross/aarch64-linux-gnu/11/include -DL_ENDIAN -D_CRT_SECURE_NO_DEPRECATE -D_CRT_NONSTDC_NO_DEPRECATE -DOPENSSL_SMALL_FOOTPRINT -DPEDANTIC -DMDE_CPU_AARCH64   -c -o crypto/uid.o /shim-build/shim-16.1/Cryptlib/OpenSSL/crypto/uid.c
#14 23.79 aarch64-linux-gnu-gcc -std=gnu11 -ggdb -gdwarf-4 -gstrict-dwarf -ffreestanding -fmacro-prefix-map=/shim-build/shim-16.1/= -fno-stack-protector -fno-strict-aliasing -fpic -fshort-wchar -nostdinc -Os -Wall -Wextra -Wno-missing-field-initializers -Wno-empty-body -Wno-implicit-fallthrough -Wno-old-style-declaration -Wno-unused-but-set-variable -Wno-unused-parameter -Werror -Wno-error=unused-but-set-variable -Wno-error=unused-parameter -I/shim-build/shim-16.1/Cryptlib/OpenSSL -I/shim-build/shim-16.1/Cryptlib -I/shim-build/shim-16.1/Cryptlib/OpenSSL/Include/ -I/shim-build/shim-16.1/Cryptlib/OpenSSL/crypto -I/shim-build/shim-16.1/Cryptlib/Include -I/shim-build/shim-16.1/gnu-efi/inc -I/shim-build/shim-16.1/gnu-efi/inc/aarch64 -I/shim-build/shim-16.1/gnu-efi/inc/protocol -I/shim-build/shim-16.1/Cryptlib/OpenSSL/crypto/asn1 -I/shim-build/shim-16.1/Cryptlib/OpenSSL/crypto/evp -I/shim-build/shim-16.1/Cryptlib/OpenSSL/crypto/modes -I/shim-build/shim-16.1/Cryptlib/OpenSSL/crypto/include -isystem /shim-build/shim-16.1/include/system -isystem /usr/lib/gcc-cross/aarch64-linux-gnu/11/include -DL_ENDIAN -D_CRT_SECURE_NO_DEPRECATE -D_CRT_NONSTDC_NO_DEPRECATE -DOPENSSL_SMALL_FOOTPRINT -DPEDANTIC -DMDE_CPU_AARCH64   -c -o crypto/o_time.o /shim-build/shim-16.1/Cryptlib/OpenSSL/crypto/o_time.c
#14 24.22 aarch64-linux-gnu-gcc -std=gnu11 -ggdb -gdwarf-4 -gstrict-dwarf -ffreestanding -fmacro-prefix-map=/shim-build/shim-16.1/= -fno-stack-protector -fno-strict-aliasing -fpic -fshort-wchar -nostdinc -Os -Wall -Wextra -Wno-missing-field-initializers -Wno-empty-body -Wno-implicit-fallthrough -Wno-old-style-declaration -Wno-unused-but-set-variable -Wno-unused-parameter -Werror -Wno-error=unused-but-set-variable -Wno-error=unused-parameter -I/shim-build/shim-16.1/Cryptlib/OpenSSL -I/shim-build/shim-16.1/Cryptlib -I/shim-build/shim-16.1/Cryptlib/OpenSSL/Include/ -I/shim-build/shim-16.1/Cryptlib/OpenSSL/crypto -I/shim-build/shim-16.1/Cryptlib/Include -I/shim-build/shim-16.1/gnu-efi/inc -I/shim-build/shim-16.1/gnu-efi/inc/aarch64 -I/shim-build/shim-16.1/gnu-efi/inc/protocol -I/shim-build/shim-16.1/Cryptlib/OpenSSL/crypto/asn1 -I/shim-build/shim-16.1/Cryptlib/OpenSSL/crypto/evp -I/shim-build/shim-16.1/Cryptlib/OpenSSL/crypto/modes -I/shim-build/shim-16.1/Cryptlib/OpenSSL/crypto/include -isystem /shim-build/shim-16.1/include/system -isystem /usr/lib/gcc-cross/aarch64-linux-gnu/11/include -DL_ENDIAN -D_CRT_SECURE_NO_DEPRECATE -D_CRT_NONSTDC_NO_DEPRECATE -DOPENSSL_SMALL_FOOTPRINT -DPEDANTIC -DMDE_CPU_AARCH64   -c -o crypto/o_str.o /shim-build/shim-16.1/Cryptlib/OpenSSL/crypto/o_str.c
#14 24.60 aarch64-linux-gnu-gcc -std=gnu11 -ggdb -gdwarf-4 -gstrict-dwarf -ffreestanding -fmacro-prefix-map=/shim-build/shim-16.1/= -fno-stack-protector -fno-strict-aliasing -fpic -fshort-wchar -nostdinc -Os -Wall -Wextra -Wno-missing-field-initializers -Wno-empty-body -Wno-implicit-fallthrough -Wno-old-style-declaration -Wno-unused-but-set-variable -Wno-unused-parameter -Werror -Wno-error=unused-but-set-variable -Wno-error=unused-parameter -I/shim-build/shim-16.1/Cryptlib/OpenSSL -I/shim-build/shim-16.1/Cryptlib -I/shim-build/shim-16.1/Cryptlib/OpenSSL/Include/ -I/shim-build/shim-16.1/Cryptlib/OpenSSL/crypto -I/shim-build/shim-16.1/Cryptlib/Include -I/shim-build/shim-16.1/gnu-efi/inc -I/shim-build/shim-16.1/gnu-efi/inc/aarch64 -I/shim-build/shim-16.1/gnu-efi/inc/protocol -I/shim-build/shim-16.1/Cryptlib/OpenSSL/crypto/asn1 -I/shim-build/shim-16.1/Cryptlib/OpenSSL/crypto/evp -I/shim-build/shim-16.1/Cryptlib/OpenSSL/crypto/modes -I/shim-build/shim-16.1/Cryptlib/OpenSSL/crypto/include -isystem /shim-build/shim-16.1/include/system -isystem /usr/lib/gcc-cross/aarch64-linux-gnu/11/include -DL_ENDIAN -D_CRT_SECURE_NO_DEPRECATE -D_CRT_NONSTDC_NO_DEPRECATE -DOPENSSL_SMALL_FOOTPRINT -DPEDANTIC -DMDE_CPU_AARCH64   -c -o crypto/o_dir.o /shim-build/shim-16.1/Cryptlib/OpenSSL/crypto/o_dir.c
#14 24.90 aarch64-linux-gnu-gcc -std=gnu11 -ggdb -gdwarf-4 -gstrict-dwarf -ffreestanding -fmacro-prefix-map=/shim-build/shim-16.1/= -fno-stack-protector -fno-strict-aliasing -fpic -fshort-wchar -nostdinc -Os -Wall -Wextra -Wno-missing-field-initializers -Wno-empty-body -Wno-implicit-fallthrough -Wno-old-style-declaration -Wno-unused-but-set-variable -Wno-unused-parameter -Werror -Wno-error=unused-but-set-variable -Wno-error=unused-parameter -I/shim-build/shim-16.1/Cryptlib/OpenSSL -I/shim-build/shim-16.1/Cryptlib -I/shim-build/shim-16.1/Cryptlib/OpenSSL/Include/ -I/shim-build/shim-16.1/Cryptlib/OpenSSL/crypto -I/shim-build/shim-16.1/Cryptlib/Include -I/shim-build/shim-16.1/gnu-efi/inc -I/shim-build/shim-16.1/gnu-efi/inc/aarch64 -I/shim-build/shim-16.1/gnu-efi/inc/protocol -I/shim-build/shim-16.1/Cryptlib/OpenSSL/crypto/asn1 -I/shim-build/shim-16.1/Cryptlib/OpenSSL/crypto/evp -I/shim-build/shim-16.1/Cryptlib/OpenSSL/crypto/modes -I/shim-build/shim-16.1/Cryptlib/OpenSSL/crypto/include -isystem /shim-build/shim-16.1/include/system -isystem /usr/lib/gcc-cross/aarch64-linux-gnu/11/include -DL_ENDIAN -D_CRT_SECURE_NO_DEPRECATE -D_CRT_NONSTDC_NO_DEPRECATE -DOPENSSL_SMALL_FOOTPRINT -DPEDANTIC -DMDE_CPU_AARCH64   -c -o crypto/o_fips.o /shim-build/shim-16.1/Cryptlib/OpenSSL/crypto/o_fips.c
#14 25.25 aarch64-linux-gnu-gcc -std=gnu11 -ggdb -gdwarf-4 -gstrict-dwarf -ffreestanding -fmacro-prefix-map=/shim-build/shim-16.1/= -fno-stack-protector -fno-strict-aliasing -fpic -fshort-wchar -nostdinc -Os -Wall -Wextra -Wno-missing-field-initializers -Wno-empty-body -Wno-implicit-fallthrough -Wno-old-style-declaration -Wno-unused-but-set-variable -Wno-unused-parameter -Werror -Wno-error=unused-but-set-variable -Wno-error=unused-parameter -I/shim-build/shim-16.1/Cryptlib/OpenSSL -I/shim-build/shim-16.1/Cryptlib -I/shim-build/shim-16.1/Cryptlib/OpenSSL/Include/ -I/shim-build/shim-16.1/Cryptlib/OpenSSL/crypto -I/shim-build/shim-16.1/Cryptlib/Include -I/shim-build/shim-16.1/gnu-efi/inc -I/shim-build/shim-16.1/gnu-efi/inc/aarch64 -I/shim-build/shim-16.1/gnu-efi/inc/protocol -I/shim-build/shim-16.1/Cryptlib/OpenSSL/crypto/asn1 -I/shim-build/shim-16.1/Cryptlib/OpenSSL/crypto/evp -I/shim-build/shim-16.1/Cryptlib/OpenSSL/crypto/modes -I/shim-build/shim-16.1/Cryptlib/OpenSSL/crypto/include -isystem /shim-build/shim-16.1/include/system -isystem /usr/lib/gcc-cross/aarch64-linux-gnu/11/include -DL_ENDIAN -D_CRT_SECURE_NO_DEPRECATE -D_CRT_NONSTDC_NO_DEPRECATE -DOPENSSL_SMALL_FOOTPRINT -DPEDANTIC -DMDE_CPU_AARCH64   -c -o crypto/o_init.o /shim-build/shim-16.1/Cryptlib/OpenSSL/crypto/o_init.c
#14 25.57 aarch64-linux-gnu-gcc -std=gnu11 -ggdb -gdwarf-4 -gstrict-dwarf -ffreestanding -fmacro-prefix-map=/shim-build/shim-16.1/= -fno-stack-protector -fno-strict-aliasing -fpic -fshort-wchar -nostdinc -Os -Wall -Wextra -Wno-missing-field-initializers -Wno-empty-body -Wno-implicit-fallthrough -Wno-old-style-declaration -Wno-unused-but-set-variable -Wno-unused-parameter -Werror -Wno-error=unused-but-set-variable -Wno-error=unused-parameter -I/shim-build/shim-16.1/Cryptlib/OpenSSL -I/shim-build/shim-16.1/Cryptlib -I/shim-build/shim-16.1/Cryptlib/OpenSSL/Include/ -I/shim-build/shim-16.1/Cryptlib/OpenSSL/crypto -I/shim-build/shim-16.1/Cryptlib/Include -I/shim-build/shim-16.1/gnu-efi/inc -I/shim-build/shim-16.1/gnu-efi/inc/aarch64 -I/shim-build/shim-16.1/gnu-efi/inc/protocol -I/shim-build/shim-16.1/Cryptlib/OpenSSL/crypto/asn1 -I/shim-build/shim-16.1/Cryptlib/OpenSSL/crypto/evp -I/shim-build/shim-16.1/Cryptlib/OpenSSL/crypto/modes -I/shim-build/shim-16.1/Cryptlib/OpenSSL/crypto/include -isystem /shim-build/shim-16.1/include/system -isystem /usr/lib/gcc-cross/aarch64-linux-gnu/11/include -DL_ENDIAN -D_CRT_SECURE_NO_DEPRECATE -D_CRT_NONSTDC_NO_DEPRECATE -DOPENSSL_SMALL_FOOTPRINT -DPEDANTIC -DMDE_CPU_AARCH64   -c -o crypto/fips_ers.o /shim-build/shim-16.1/Cryptlib/OpenSSL/crypto/fips_ers.c
#14 25.69 aarch64-linux-gnu-gcc -std=gnu11 -ggdb -gdwarf-4 -gstrict-dwarf -ffreestanding -fmacro-prefix-map=/shim-build/shim-16.1/= -fno-stack-protector -fno-strict-aliasing -fpic -fshort-wchar -nostdinc -Os -Wall -Wextra -Wno-missing-field-initializers -Wno-empty-body -Wno-implicit-fallthrough -Wno-old-style-declaration -Wno-unused-but-set-variable -Wno-unused-parameter -Werror -Wno-error=unused-but-set-variable -Wno-error=unused-parameter -I/shim-build/shim-16.1/Cryptlib/OpenSSL -I/shim-build/shim-16.1/Cryptlib -I/shim-build/shim-16.1/Cryptlib/OpenSSL/Include/ -I/shim-build/shim-16.1/Cryptlib/OpenSSL/crypto -I/shim-build/shim-16.1/Cryptlib/Include -I/shim-build/shim-16.1/gnu-efi/inc -I/shim-build/shim-16.1/gnu-efi/inc/aarch64 -I/shim-build/shim-16.1/gnu-efi/inc/protocol -I/shim-build/shim-16.1/Cryptlib/OpenSSL/crypto/asn1 -I/shim-build/shim-16.1/Cryptlib/OpenSSL/crypto/evp -I/shim-build/shim-16.1/Cryptlib/OpenSSL/crypto/modes -I/shim-build/shim-16.1/Cryptlib/OpenSSL/crypto/include -isystem /shim-build/shim-16.1/include/system -isystem /usr/lib/gcc-cross/aarch64-linux-gnu/11/include -DL_ENDIAN -D_CRT_SECURE_NO_DEPRECATE -D_CRT_NONSTDC_NO_DEPRECATE -DOPENSSL_SMALL_FOOTPRINT -DPEDANTIC -DMDE_CPU_AARCH64   -c -o crypto/md5/md5_dgst.o /shim-build/shim-16.1/Cryptlib/OpenSSL/crypto/md5/md5_dgst.c
#14 26.19 aarch64-linux-gnu-gcc -std=gnu11 -ggdb -gdwarf-4 -gstrict-dwarf -ffreestanding -fmacro-prefix-map=/shim-build/shim-16.1/= -fno-stack-protector -fno-strict-aliasing -fpic -fshort-wchar -nostdinc -Os -Wall -Wextra -Wno-missing-field-initializers -Wno-empty-body -Wno-implicit-fallthrough -Wno-old-style-declaration -Wno-unused-but-set-variable -Wno-unused-parameter -Werror -Wno-error=unused-but-set-variable -Wno-error=unused-parameter -I/shim-build/shim-16.1/Cryptlib/OpenSSL -I/shim-build/shim-16.1/Cryptlib -I/shim-build/shim-16.1/Cryptlib/OpenSSL/Include/ -I/shim-build/shim-16.1/Cryptlib/OpenSSL/crypto -I/shim-build/shim-16.1/Cryptlib/Include -I/shim-build/shim-16.1/gnu-efi/inc -I/shim-build/shim-16.1/gnu-efi/inc/aarch64 -I/shim-build/shim-16.1/gnu-efi/inc/protocol -I/shim-build/shim-16.1/Cryptlib/OpenSSL/crypto/asn1 -I/shim-build/shim-16.1/Cryptlib/OpenSSL/crypto/evp -I/shim-build/shim-16.1/Cryptlib/OpenSSL/crypto/modes -I/shim-build/shim-16.1/Cryptlib/OpenSSL/crypto/include -isystem /shim-build/shim-16.1/include/system -isystem /usr/lib/gcc-cross/aarch64-linux-gnu/11/include -DL_ENDIAN -D_CRT_SECURE_NO_DEPRECATE -D_CRT_NONSTDC_NO_DEPRECATE -DOPENSSL_SMALL_FOOTPRINT -DPEDANTIC -DMDE_CPU_AARCH64   -c -o crypto/md5/md5_one.o /shim-build/shim-16.1/Cryptlib/OpenSSL/crypto/md5/md5_one.c
#14 26.54 aarch64-linux-gnu-gcc -std=gnu11 -ggdb -gdwarf-4 -gstrict-dwarf -ffreestanding -fmacro-prefix-map=/shim-build/shim-16.1/= -fno-stack-protector -fno-strict-aliasing -fpic -fshort-wchar -nostdinc -Os -Wall -Wextra -Wno-missing-field-initializers -Wno-empty-body -Wno-implicit-fallthrough -Wno-old-style-declaration -Wno-unused-but-set-variable -Wno-unused-parameter -Werror -Wno-error=unused-but-set-variable -Wno-error=unused-parameter -I/shim-build/shim-16.1/Cryptlib/OpenSSL -I/shim-build/shim-16.1/Cryptlib -I/shim-build/shim-16.1/Cryptlib/OpenSSL/Include/ -I/shim-build/shim-16.1/Cryptlib/OpenSSL/crypto -I/shim-build/shim-16.1/Cryptlib/Include -I/shim-build/shim-16.1/gnu-efi/inc -I/shim-build/shim-16.1/gnu-efi/inc/aarch64 -I/shim-build/shim-16.1/gnu-efi/inc/protocol -I/shim-build/shim-16.1/Cryptlib/OpenSSL/crypto/asn1 -I/shim-build/shim-16.1/Cryptlib/OpenSSL/crypto/evp -I/shim-build/shim-16.1/Cryptlib/OpenSSL/crypto/modes -I/shim-build/shim-16.1/Cryptlib/OpenSSL/crypto/include -isystem /shim-build/shim-16.1/include/system -isystem /usr/lib/gcc-cross/aarch64-linux-gnu/11/include -DL_ENDIAN -D_CRT_SECURE_NO_DEPRECATE -D_CRT_NONSTDC_NO_DEPRECATE -DOPENSSL_SMALL_FOOTPRINT -DPEDANTIC -DMDE_CPU_AARCH64   -c -o crypto/sha/sha_dgst.o /shim-build/shim-16.1/Cryptlib/OpenSSL/crypto/sha/sha_dgst.c
#14 26.68 aarch64-linux-gnu-gcc -std=gnu11 -ggdb -gdwarf-4 -gstrict-dwarf -ffreestanding -fmacro-prefix-map=/shim-build/shim-16.1/= -fno-stack-protector -fno-strict-aliasing -fpic -fshort-wchar -nostdinc -Os -Wall -Wextra -Wno-missing-field-initializers -Wno-empty-body -Wno-implicit-fallthrough -Wno-old-style-declaration -Wno-unused-but-set-variable -Wno-unused-parameter -Werror -Wno-error=unused-but-set-variable -Wno-error=unused-parameter -I/shim-build/shim-16.1/Cryptlib/OpenSSL -I/shim-build/shim-16.1/Cryptlib -I/shim-build/shim-16.1/Cryptlib/OpenSSL/Include/ -I/shim-build/shim-16.1/Cryptlib/OpenSSL/crypto -I/shim-build/shim-16.1/Cryptlib/Include -I/shim-build/shim-16.1/gnu-efi/inc -I/shim-build/shim-16.1/gnu-efi/inc/aarch64 -I/shim-build/shim-16.1/gnu-efi/inc/protocol -I/shim-build/shim-16.1/Cryptlib/OpenSSL/crypto/asn1 -I/shim-build/shim-16.1/Cryptlib/OpenSSL/crypto/evp -I/shim-build/shim-16.1/Cryptlib/OpenSSL/crypto/modes -I/shim-build/shim-16.1/Cryptlib/OpenSSL/crypto/include -isystem /shim-build/shim-16.1/include/system -isystem /usr/lib/gcc-cross/aarch64-linux-gnu/11/include -DL_ENDIAN -D_CRT_SECURE_NO_DEPRECATE -D_CRT_NONSTDC_NO_DEPRECATE -DOPENSSL_SMALL_FOOTPRINT -DPEDANTIC -DMDE_CPU_AARCH64   -c -o crypto/sha/sha1dgst.o /shim-build/shim-16.1/Cryptlib/OpenSSL/crypto/sha/sha1dgst.c
#14 27.16 aarch64-linux-gnu-gcc -std=gnu11 -ggdb -gdwarf-4 -gstrict-dwarf -ffreestanding -fmacro-prefix-map=/shim-build/shim-16.1/= -fno-stack-protector -fno-strict-aliasing -fpic -fshort-wchar -nostdinc -Os -Wall -Wextra -Wno-missing-field-initializers -Wno-empty-body -Wno-implicit-fallthrough -Wno-old-style-declaration -Wno-unused-but-set-variable -Wno-unused-parameter -Werror -Wno-error=unused-but-set-variable -Wno-error=unused-parameter -I/shim-build/shim-16.1/Cryptlib/OpenSSL -I/shim-build/shim-16.1/Cryptlib -I/shim-build/shim-16.1/Cryptlib/OpenSSL/Include/ -I/shim-build/shim-16.1/Cryptlib/OpenSSL/crypto -I/shim-build/shim-16.1/Cryptlib/Include -I/shim-build/shim-16.1/gnu-efi/inc -I/shim-build/shim-16.1/gnu-efi/inc/aarch64 -I/shim-build/shim-16.1/gnu-efi/inc/protocol -I/shim-build/shim-16.1/Cryptlib/OpenSSL/crypto/asn1 -I/shim-build/shim-16.1/Cryptlib/OpenSSL/crypto/evp -I/shim-build/shim-16.1/Cryptlib/OpenSSL/crypto/modes -I/shim-build/shim-16.1/Cryptlib/OpenSSL/crypto/include -isystem /shim-build/shim-16.1/include/system -isystem /usr/lib/gcc-cross/aarch64-linux-gnu/11/include -DL_ENDIAN -D_CRT_SECURE_NO_DEPRECATE -D_CRT_NONSTDC_NO_DEPRECATE -DOPENSSL_SMALL_FOOTPRINT -DPEDANTIC -DMDE_CPU_AARCH64   -c -o crypto/sha/sha_one.o /shim-build/shim-16.1/Cryptlib/OpenSSL/crypto/sha/sha_one.c
#14 27.31 aarch64-linux-gnu-gcc -std=gnu11 -ggdb -gdwarf-4 -gstrict-dwarf -ffreestanding -fmacro-prefix-map=/shim-build/shim-16.1/= -fno-stack-protector -fno-strict-aliasing -fpic -fshort-wchar -nostdinc -Os -Wall -Wextra -Wno-missing-field-initializers -Wno-empty-body -Wno-implicit-fallthrough -Wno-old-style-declaration -Wno-unused-but-set-variable -Wno-unused-parameter -Werror -Wno-error=unused-but-set-variable -Wno-error=unused-parameter -I/shim-build/shim-16.1/Cryptlib/OpenSSL -I/shim-build/shim-16.1/Cryptlib -I/shim-build/shim-16.1/Cryptlib/OpenSSL/Include/ -I/shim-build/shim-16.1/Cryptlib/OpenSSL/crypto -I/shim-build/shim-16.1/Cryptlib/Include -I/shim-build/shim-16.1/gnu-efi/inc -I/shim-build/shim-16.1/gnu-efi/inc/aarch64 -I/shim-build/shim-16.1/gnu-efi/inc/protocol -I/shim-build/shim-16.1/Cryptlib/OpenSSL/crypto/asn1 -I/shim-build/shim-16.1/Cryptlib/OpenSSL/crypto/evp -I/shim-build/shim-16.1/Cryptlib/OpenSSL/crypto/modes -I/shim-build/shim-16.1/Cryptlib/OpenSSL/crypto/include -isystem /shim-build/shim-16.1/include/system -isystem /usr/lib/gcc-cross/aarch64-linux-gnu/11/include -DL_ENDIAN -D_CRT_SECURE_NO_DEPRECATE -D_CRT_NONSTDC_NO_DEPRECATE -DOPENSSL_SMALL_FOOTPRINT -DPEDANTIC -DMDE_CPU_AARCH64   -c -o crypto/sha/sha1_one.o /shim-build/shim-16.1/Cryptlib/OpenSSL/crypto/sha/sha1_one.c
#14 27.65 aarch64-linux-gnu-gcc -std=gnu11 -ggdb -gdwarf-4 -gstrict-dwarf -ffreestanding -fmacro-prefix-map=/shim-build/shim-16.1/= -fno-stack-protector -fno-strict-aliasing -fpic -fshort-wchar -nostdinc -Os -Wall -Wextra -Wno-missing-field-initializers -Wno-empty-body -Wno-implicit-fallthrough -Wno-old-style-declaration -Wno-unused-but-set-variable -Wno-unused-parameter -Werror -Wno-error=unused-but-set-variable -Wno-error=unused-parameter -I/shim-build/shim-16.1/Cryptlib/OpenSSL -I/shim-build/shim-16.1/Cryptlib -I/shim-build/shim-16.1/Cryptlib/OpenSSL/Include/ -I/shim-build/shim-16.1/Cryptlib/OpenSSL/crypto -I/shim-build/shim-16.1/Cryptlib/Include -I/shim-build/shim-16.1/gnu-efi/inc -I/shim-build/shim-16.1/gnu-efi/inc/aarch64 -I/shim-build/shim-16.1/gnu-efi/inc/protocol -I/shim-build/shim-16.1/Cryptlib/OpenSSL/crypto/asn1 -I/shim-build/shim-16.1/Cryptlib/OpenSSL/crypto/evp -I/shim-build/shim-16.1/Cryptlib/OpenSSL/crypto/modes -I/shim-build/shim-16.1/Cryptlib/OpenSSL/crypto/include -isystem /shim-build/shim-16.1/include/system -isystem /usr/lib/gcc-cross/aarch64-linux-gnu/11/include -DL_ENDIAN -D_CRT_SECURE_NO_DEPRECATE -D_CRT_NONSTDC_NO_DEPRECATE -DOPENSSL_SMALL_FOOTPRINT -DPEDANTIC -DMDE_CPU_AARCH64   -c -o crypto/sha/sha256.o /shim-build/shim-16.1/Cryptlib/OpenSSL/crypto/sha/sha256.c
#14 28.16 aarch64-linux-gnu-gcc -std=gnu11 -ggdb -gdwarf-4 -gstrict-dwarf -ffreestanding -fmacro-prefix-map=/shim-build/shim-16.1/= -fno-stack-protector -fno-strict-aliasing -fpic -fshort-wchar -nostdinc -Os -Wall -Wextra -Wno-missing-field-initializers -Wno-empty-body -Wno-implicit-fallthrough -Wno-old-style-declaration -Wno-unused-but-set-variable -Wno-unused-parameter -Werror -Wno-error=unused-but-set-variable -Wno-error=unused-parameter -I/shim-build/shim-16.1/Cryptlib/OpenSSL -I/shim-build/shim-16.1/Cryptlib -I/shim-build/shim-16.1/Cryptlib/OpenSSL/Include/ -I/shim-build/shim-16.1/Cryptlib/OpenSSL/crypto -I/shim-build/shim-16.1/Cryptlib/Include -I/shim-build/shim-16.1/gnu-efi/inc -I/shim-build/shim-16.1/gnu-efi/inc/aarch64 -I/shim-build/shim-16.1/gnu-efi/inc/protocol -I/shim-build/shim-16.1/Cryptlib/OpenSSL/crypto/asn1 -I/shim-build/shim-16.1/Cryptlib/OpenSSL/crypto/evp -I/shim-build/shim-16.1/Cryptlib/OpenSSL/crypto/modes -I/shim-build/shim-16.1/Cryptlib/OpenSSL/crypto/include -isystem /shim-build/shim-16.1/include/system -isystem /usr/lib/gcc-cross/aarch64-linux-gnu/11/include -DL_ENDIAN -D_CRT_SECURE_NO_DEPRECATE -D_CRT_NONSTDC_NO_DEPRECATE -DOPENSSL_SMALL_FOOTPRINT -DPEDANTIC -DMDE_CPU_AARCH64   -c -o crypto/sha/sha512.o /shim-build/shim-16.1/Cryptlib/OpenSSL/crypto/sha/sha512.c
#14 28.67 aarch64-linux-gnu-gcc -std=gnu11 -ggdb -gdwarf-4 -gstrict-dwarf -ffreestanding -fmacro-prefix-map=/shim-build/shim-16.1/= -fno-stack-protector -fno-strict-aliasing -fpic -fshort-wchar -nostdinc -Os -Wall -Wextra -Wno-missing-field-initializers -Wno-empty-body -Wno-implicit-fallthrough -Wno-old-style-declaration -Wno-unused-but-set-variable -Wno-unused-parameter -Werror -Wno-error=unused-but-set-variable -Wno-error=unused-parameter -I/shim-build/shim-16.1/Cryptlib/OpenSSL -I/shim-build/shim-16.1/Cryptlib -I/shim-build/shim-16.1/Cryptlib/OpenSSL/Include/ -I/shim-build/shim-16.1/Cryptlib/OpenSSL/crypto -I/shim-build/shim-16.1/Cryptlib/Include -I/shim-build/shim-16.1/gnu-efi/inc -I/shim-build/shim-16.1/gnu-efi/inc/aarch64 -I/shim-build/shim-16.1/gnu-efi/inc/protocol -I/shim-build/shim-16.1/Cryptlib/OpenSSL/crypto/asn1 -I/shim-build/shim-16.1/Cryptlib/OpenSSL/crypto/evp -I/shim-build/shim-16.1/Cryptlib/OpenSSL/crypto/modes -I/shim-build/shim-16.1/Cryptlib/OpenSSL/crypto/include -isystem /shim-build/shim-16.1/include/system -isystem /usr/lib/gcc-cross/aarch64-linux-gnu/11/include -DL_ENDIAN -D_CRT_SECURE_NO_DEPRECATE -D_CRT_NONSTDC_NO_DEPRECATE -DOPENSSL_SMALL_FOOTPRINT -DPEDANTIC -DMDE_CPU_AARCH64   -c -o crypto/hmac/hmac.o /shim-build/shim-16.1/Cryptlib/OpenSSL/crypto/hmac/hmac.c
#14 29.15 aarch64-linux-gnu-gcc -std=gnu11 -ggdb -gdwarf-4 -gstrict-dwarf -ffreestanding -fmacro-prefix-map=/shim-build/shim-16.1/= -fno-stack-protector -fno-strict-aliasing -fpic -fshort-wchar -nostdinc -Os -Wall -Wextra -Wno-missing-field-initializers -Wno-empty-body -Wno-implicit-fallthrough -Wno-old-style-declaration -Wno-unused-but-set-variable -Wno-unused-parameter -Werror -Wno-error=unused-but-set-variable -Wno-error=unused-parameter -I/shim-build/shim-16.1/Cryptlib/OpenSSL -I/shim-build/shim-16.1/Cryptlib -I/shim-build/shim-16.1/Cryptlib/OpenSSL/Include/ -I/shim-build/shim-16.1/Cryptlib/OpenSSL/crypto -I/shim-build/shim-16.1/Cryptlib/Include -I/shim-build/shim-16.1/gnu-efi/inc -I/shim-build/shim-16.1/gnu-efi/inc/aarch64 -I/shim-build/shim-16.1/gnu-efi/inc/protocol -I/shim-build/shim-16.1/Cryptlib/OpenSSL/crypto/asn1 -I/shim-build/shim-16.1/Cryptlib/OpenSSL/crypto/evp -I/shim-build/shim-16.1/Cryptlib/OpenSSL/crypto/modes -I/shim-build/shim-16.1/Cryptlib/OpenSSL/crypto/include -isystem /shim-build/shim-16.1/include/system -isystem /usr/lib/gcc-cross/aarch64-linux-gnu/11/include -DL_ENDIAN -D_CRT_SECURE_NO_DEPRECATE -D_CRT_NONSTDC_NO_DEPRECATE -DOPENSSL_SMALL_FOOTPRINT -DPEDANTIC -DMDE_CPU_AARCH64   -c -o crypto/hmac/hm_ameth.o /shim-build/shim-16.1/Cryptlib/OpenSSL/crypto/hmac/hm_ameth.c
#14 29.54 aarch64-linux-gnu-gcc -std=gnu11 -ggdb -gdwarf-4 -gstrict-dwarf -ffreestanding -fmacro-prefix-map=/shim-build/shim-16.1/= -fno-stack-protector -fno-strict-aliasing -fpic -fshort-wchar -nostdinc -Os -Wall -Wextra -Wno-missing-field-initializers -Wno-empty-body -Wno-implicit-fallthrough -Wno-old-style-declaration -Wno-unused-but-set-variable -Wno-unused-parameter -Werror -Wno-error=unused-but-set-variable -Wno-error=unused-parameter -I/shim-build/shim-16.1/Cryptlib/OpenSSL -I/shim-build/shim-16.1/Cryptlib -I/shim-build/shim-16.1/Cryptlib/OpenSSL/Include/ -I/shim-build/shim-16.1/Cryptlib/OpenSSL/crypto -I/shim-build/shim-16.1/Cryptlib/Include -I/shim-build/shim-16.1/gnu-efi/inc -I/shim-build/shim-16.1/gnu-efi/inc/aarch64 -I/shim-build/shim-16.1/gnu-efi/inc/protocol -I/shim-build/shim-16.1/Cryptlib/OpenSSL/crypto/asn1 -I/shim-build/shim-16.1/Cryptlib/OpenSSL/crypto/evp -I/shim-build/shim-16.1/Cryptlib/OpenSSL/crypto/modes -I/shim-build/shim-16.1/Cryptlib/OpenSSL/crypto/include -isystem /shim-build/shim-16.1/include/system -isystem /usr/lib/gcc-cross/aarch64-linux-gnu/11/include -DL_ENDIAN -D_CRT_SECURE_NO_DEPRECATE -D_CRT_NONSTDC_NO_DEPRECATE -DOPENSSL_SMALL_FOOTPRINT -DPEDANTIC -DMDE_CPU_AARCH64   -c -o crypto/hmac/hm_pmeth.o /shim-build/shim-16.1/Cryptlib/OpenSSL/crypto/hmac/hm_pmeth.c
#14 29.98 aarch64-linux-gnu-gcc -std=gnu11 -ggdb -gdwarf-4 -gstrict-dwarf -ffreestanding -fmacro-prefix-map=/shim-build/shim-16.1/= -fno-stack-protector -fno-strict-aliasing -fpic -fshort-wchar -nostdinc -Os -Wall -Wextra -Wno-missing-field-initializers -Wno-empty-body -Wno-implicit-fallthrough -Wno-old-style-declaration -Wno-unused-but-set-variable -Wno-unused-parameter -Werror -Wno-error=unused-but-set-variable -Wno-error=unused-parameter -I/shim-build/shim-16.1/Cryptlib/OpenSSL -I/shim-build/shim-16.1/Cryptlib -I/shim-build/shim-16.1/Cryptlib/OpenSSL/Include/ -I/shim-build/shim-16.1/Cryptlib/OpenSSL/crypto -I/shim-build/shim-16.1/Cryptlib/Include -I/shim-build/shim-16.1/gnu-efi/inc -I/shim-build/shim-16.1/gnu-efi/inc/aarch64 -I/shim-build/shim-16.1/gnu-efi/inc/protocol -I/shim-build/shim-16.1/Cryptlib/OpenSSL/crypto/asn1 -I/shim-build/shim-16.1/Cryptlib/OpenSSL/crypto/evp -I/shim-build/shim-16.1/Cryptlib/OpenSSL/crypto/modes -I/shim-build/shim-16.1/Cryptlib/OpenSSL/crypto/include -isystem /shim-build/shim-16.1/include/system -isystem /usr/lib/gcc-cross/aarch64-linux-gnu/11/include -DL_ENDIAN -D_CRT_SECURE_NO_DEPRECATE -D_CRT_NONSTDC_NO_DEPRECATE -DOPENSSL_SMALL_FOOTPRINT -DPEDANTIC -DMDE_CPU_AARCH64   -c -o crypto/rc4/rc4_enc.o /shim-build/shim-16.1/Cryptlib/OpenSSL/crypto/rc4/rc4_enc.c
#14 30.40 aarch64-linux-gnu-gcc -std=gnu11 -ggdb -gdwarf-4 -gstrict-dwarf -ffreestanding -fmacro-prefix-map=/shim-build/shim-16.1/= -fno-stack-protector -fno-strict-aliasing -fpic -fshort-wchar -nostdinc -Os -Wall -Wextra -Wno-missing-field-initializers -Wno-empty-body -Wno-implicit-fallthrough -Wno-old-style-declaration -Wno-unused-but-set-variable -Wno-unused-parameter -Werror -Wno-error=unused-but-set-variable -Wno-error=unused-parameter -I/shim-build/shim-16.1/Cryptlib/OpenSSL -I/shim-build/shim-16.1/Cryptlib -I/shim-build/shim-16.1/Cryptlib/OpenSSL/Include/ -I/shim-build/shim-16.1/Cryptlib/OpenSSL/crypto -I/shim-build/shim-16.1/Cryptlib/Include -I/shim-build/shim-16.1/gnu-efi/inc -I/shim-build/shim-16.1/gnu-efi/inc/aarch64 -I/shim-build/shim-16.1/gnu-efi/inc/protocol -I/shim-build/shim-16.1/Cryptlib/OpenSSL/crypto/asn1 -I/shim-build/shim-16.1/Cryptlib/OpenSSL/crypto/evp -I/shim-build/shim-16.1/Cryptlib/OpenSSL/crypto/modes -I/shim-build/shim-16.1/Cryptlib/OpenSSL/crypto/include -isystem /shim-build/shim-16.1/include/system -isystem /usr/lib/gcc-cross/aarch64-linux-gnu/11/include -DL_ENDIAN -D_CRT_SECURE_NO_DEPRECATE -D_CRT_NONSTDC_NO_DEPRECATE -DOPENSSL_SMALL_FOOTPRINT -DPEDANTIC -DMDE_CPU_AARCH64   -c -o crypto/rc4/rc4_skey.o /shim-build/shim-16.1/Cryptlib/OpenSSL/crypto/rc4/rc4_skey.c
#14 30.81 aarch64-linux-gnu-gcc -std=gnu11 -ggdb -gdwarf-4 -gstrict-dwarf -ffreestanding -fmacro-prefix-map=/shim-build/shim-16.1/= -fno-stack-protector -fno-strict-aliasing -fpic -fshort-wchar -nostdinc -Os -Wall -Wextra -Wno-missing-field-initializers -Wno-empty-body -Wno-implicit-fallthrough -Wno-old-style-declaration -Wno-unused-but-set-variable -Wno-unused-parameter -Werror -Wno-error=unused-but-set-variable -Wno-error=unused-parameter -I/shim-build/shim-16.1/Cryptlib/OpenSSL -I/shim-build/shim-16.1/Cryptlib -I/shim-build/shim-16.1/Cryptlib/OpenSSL/Include/ -I/shim-build/shim-16.1/Cryptlib/OpenSSL/crypto -I/shim-build/shim-16.1/Cryptlib/Include -I/shim-build/shim-16.1/gnu-efi/inc -I/shim-build/shim-16.1/gnu-efi/inc/aarch64 -I/shim-build/shim-16.1/gnu-efi/inc/protocol -I/shim-build/shim-16.1/Cryptlib/OpenSSL/crypto/asn1 -I/shim-build/shim-16.1/Cryptlib/OpenSSL/crypto/evp -I/shim-build/shim-16.1/Cryptlib/OpenSSL/crypto/modes -I/shim-build/shim-16.1/Cryptlib/OpenSSL/crypto/include -isystem /shim-build/shim-16.1/include/system -isystem /usr/lib/gcc-cross/aarch64-linux-gnu/11/include -DL_ENDIAN -D_CRT_SECURE_NO_DEPRECATE -D_CRT_NONSTDC_NO_DEPRECATE -DOPENSSL_SMALL_FOOTPRINT -DPEDANTIC -DMDE_CPU_AARCH64   -c -o crypto/rc4/rc4_utl.o /shim-build/shim-16.1/Cryptlib/OpenSSL/crypto/rc4/rc4_utl.c
#14 31.06 aarch64-linux-gnu-gcc -std=gnu11 -ggdb -gdwarf-4 -gstrict-dwarf -ffreestanding -fmacro-prefix-map=/shim-build/shim-16.1/= -fno-stack-protector -fno-strict-aliasing -fpic -fshort-wchar -nostdinc -Os -Wall -Wextra -Wno-missing-field-initializers -Wno-empty-body -Wno-implicit-fallthrough -Wno-old-style-declaration -Wno-unused-but-set-variable -Wno-unused-parameter -Werror -Wno-error=unused-but-set-variable -Wno-error=unused-parameter -I/shim-build/shim-16.1/Cryptlib/OpenSSL -I/shim-build/shim-16.1/Cryptlib -I/shim-build/shim-16.1/Cryptlib/OpenSSL/Include/ -I/shim-build/shim-16.1/Cryptlib/OpenSSL/crypto -I/shim-build/shim-16.1/Cryptlib/Include -I/shim-build/shim-16.1/gnu-efi/inc -I/shim-build/shim-16.1/gnu-efi/inc/aarch64 -I/shim-build/shim-16.1/gnu-efi/inc/protocol -I/shim-build/shim-16.1/Cryptlib/OpenSSL/crypto/asn1 -I/shim-build/shim-16.1/Cryptlib/OpenSSL/crypto/evp -I/shim-build/shim-16.1/Cryptlib/OpenSSL/crypto/modes -I/shim-build/shim-16.1/Cryptlib/OpenSSL/crypto/include -isystem /shim-build/shim-16.1/include/system -isystem /usr/lib/gcc-cross/aarch64-linux-gnu/11/include -DL_ENDIAN -D_CRT_SECURE_NO_DEPRECATE -D_CRT_NONSTDC_NO_DEPRECATE -DOPENSSL_SMALL_FOOTPRINT -DPEDANTIC -DMDE_CPU_AARCH64   -c -o crypto/aes/aes_misc.o /shim-build/shim-16.1/Cryptlib/OpenSSL/crypto/aes/aes_misc.c
#14 31.36 aarch64-linux-gnu-gcc -std=gnu11 -ggdb -gdwarf-4 -gstrict-dwarf -ffreestanding -fmacro-prefix-map=/shim-build/shim-16.1/= -fno-stack-protector -fno-strict-aliasing -fpic -fshort-wchar -nostdinc -Os -Wall -Wextra -Wno-missing-field-initializers -Wno-empty-body -Wno-implicit-fallthrough -Wno-old-style-declaration -Wno-unused-but-set-variable -Wno-unused-parameter -Werror -Wno-error=unused-but-set-variable -Wno-error=unused-parameter -I/shim-build/shim-16.1/Cryptlib/OpenSSL -I/shim-build/shim-16.1/Cryptlib -I/shim-build/shim-16.1/Cryptlib/OpenSSL/Include/ -I/shim-build/shim-16.1/Cryptlib/OpenSSL/crypto -I/shim-build/shim-16.1/Cryptlib/Include -I/shim-build/shim-16.1/gnu-efi/inc -I/shim-build/shim-16.1/gnu-efi/inc/aarch64 -I/shim-build/shim-16.1/gnu-efi/inc/protocol -I/shim-build/shim-16.1/Cryptlib/OpenSSL/crypto/asn1 -I/shim-build/shim-16.1/Cryptlib/OpenSSL/crypto/evp -I/shim-build/shim-16.1/Cryptlib/OpenSSL/crypto/modes -I/shim-build/shim-16.1/Cryptlib/OpenSSL/crypto/include -isystem /shim-build/shim-16.1/include/system -isystem /usr/lib/gcc-cross/aarch64-linux-gnu/11/include -DL_ENDIAN -D_CRT_SECURE_NO_DEPRECATE -D_CRT_NONSTDC_NO_DEPRECATE -DOPENSSL_SMALL_FOOTPRINT -DPEDANTIC -DMDE_CPU_AARCH64   -c -o crypto/aes/aes_ecb.o /shim-build/shim-16.1/Cryptlib/OpenSSL/crypto/aes/aes_ecb.c
#14 31.65 aarch64-linux-gnu-gcc -std=gnu11 -ggdb -gdwarf-4 -gstrict-dwarf -ffreestanding -fmacro-prefix-map=/shim-build/shim-16.1/= -fno-stack-protector -fno-strict-aliasing -fpic -fshort-wchar -nostdinc -Os -Wall -Wextra -Wno-missing-field-initializers -Wno-empty-body -Wno-implicit-fallthrough -Wno-old-style-declaration -Wno-unused-but-set-variable -Wno-unused-parameter -Werror -Wno-error=unused-but-set-variable -Wno-error=unused-parameter -I/shim-build/shim-16.1/Cryptlib/OpenSSL -I/shim-build/shim-16.1/Cryptlib -I/shim-build/shim-16.1/Cryptlib/OpenSSL/Include/ -I/shim-build/shim-16.1/Cryptlib/OpenSSL/crypto -I/shim-build/shim-16.1/Cryptlib/Include -I/shim-build/shim-16.1/gnu-efi/inc -I/shim-build/shim-16.1/gnu-efi/inc/aarch64 -I/shim-build/shim-16.1/gnu-efi/inc/protocol -I/shim-build/shim-16.1/Cryptlib/OpenSSL/crypto/asn1 -I/shim-build/shim-16.1/Cryptlib/OpenSSL/crypto/evp -I/shim-build/shim-16.1/Cryptlib/OpenSSL/crypto/modes -I/shim-build/shim-16.1/Cryptlib/OpenSSL/crypto/include -isystem /shim-build/shim-16.1/include/system -isystem /usr/lib/gcc-cross/aarch64-linux-gnu/11/include -DL_ENDIAN -D_CRT_SECURE_NO_DEPRECATE -D_CRT_NONSTDC_NO_DEPRECATE -DOPENSSL_SMALL_FOOTPRINT -DPEDANTIC -DMDE_CPU_AARCH64   -c -o crypto/aes/aes_cfb.o /shim-build/shim-16.1/Cryptlib/OpenSSL/crypto/aes/aes_cfb.c
#14 31.92 aarch64-linux-gnu-gcc -std=gnu11 -ggdb -gdwarf-4 -gstrict-dwarf -ffreestanding -fmacro-prefix-map=/shim-build/shim-16.1/= -fno-stack-protector -fno-strict-aliasing -fpic -fshort-wchar -nostdinc -Os -Wall -Wextra -Wno-missing-field-initializers -Wno-empty-body -Wno-implicit-fallthrough -Wno-old-style-declaration -Wno-unused-but-set-variable -Wno-unused-parameter -Werror -Wno-error=unused-but-set-variable -Wno-error=unused-parameter -I/shim-build/shim-16.1/Cryptlib/OpenSSL -I/shim-build/shim-16.1/Cryptlib -I/shim-build/shim-16.1/Cryptlib/OpenSSL/Include/ -I/shim-build/shim-16.1/Cryptlib/OpenSSL/crypto -I/shim-build/shim-16.1/Cryptlib/Include -I/shim-build/shim-16.1/gnu-efi/inc -I/shim-build/shim-16.1/gnu-efi/inc/aarch64 -I/shim-build/shim-16.1/gnu-efi/inc/protocol -I/shim-build/shim-16.1/Cryptlib/OpenSSL/crypto/asn1 -I/shim-build/shim-16.1/Cryptlib/OpenSSL/crypto/evp -I/shim-build/shim-16.1/Cryptlib/OpenSSL/crypto/modes -I/shim-build/shim-16.1/Cryptlib/OpenSSL/crypto/include -isystem /shim-build/shim-16.1/include/system -isystem /usr/lib/gcc-cross/aarch64-linux-gnu/11/include -DL_ENDIAN -D_CRT_SECURE_NO_DEPRECATE -D_CRT_NONSTDC_NO_DEPRECATE -DOPENSSL_SMALL_FOOTPRINT -DPEDANTIC -DMDE_CPU_AARCH64   -c -o crypto/aes/aes_ofb.o /shim-build/shim-16.1/Cryptlib/OpenSSL/crypto/aes/aes_ofb.c
#14 32.19 aarch64-linux-gnu-gcc -std=gnu11 -ggdb -gdwarf-4 -gstrict-dwarf -ffreestanding -fmacro-prefix-map=/shim-build/shim-16.1/= -fno-stack-protector -fno-strict-aliasing -fpic -fshort-wchar -nostdinc -Os -Wall -Wextra -Wno-missing-field-initializers -Wno-empty-body -Wno-implicit-fallthrough -Wno-old-style-declaration -Wno-unused-but-set-variable -Wno-unused-parameter -Werror -Wno-error=unused-but-set-variable -Wno-error=unused-parameter -I/shim-build/shim-16.1/Cryptlib/OpenSSL -I/shim-build/shim-16.1/Cryptlib -I/shim-build/shim-16.1/Cryptlib/OpenSSL/Include/ -I/shim-build/shim-16.1/Cryptlib/OpenSSL/crypto -I/shim-build/shim-16.1/Cryptlib/Include -I/shim-build/shim-16.1/gnu-efi/inc -I/shim-build/shim-16.1/gnu-efi/inc/aarch64 -I/shim-build/shim-16.1/gnu-efi/inc/protocol -I/shim-build/shim-16.1/Cryptlib/OpenSSL/crypto/asn1 -I/shim-build/shim-16.1/Cryptlib/OpenSSL/crypto/evp -I/shim-build/shim-16.1/Cryptlib/OpenSSL/crypto/modes -I/shim-build/shim-16.1/Cryptlib/OpenSSL/crypto/include -isystem /shim-build/shim-16.1/include/system -isystem /usr/lib/gcc-cross/aarch64-linux-gnu/11/include -DL_ENDIAN -D_CRT_SECURE_NO_DEPRECATE -D_CRT_NONSTDC_NO_DEPRECATE -DOPENSSL_SMALL_FOOTPRINT -DPEDANTIC -DMDE_CPU_AARCH64   -c -o crypto/aes/aes_ctr.o /shim-build/shim-16.1/Cryptlib/OpenSSL/crypto/aes/aes_ctr.c
#14 32.46 aarch64-linux-gnu-gcc -std=gnu11 -ggdb -gdwarf-4 -gstrict-dwarf -ffreestanding -fmacro-prefix-map=/shim-build/shim-16.1/= -fno-stack-protector -fno-strict-aliasing -fpic -fshort-wchar -nostdinc -Os -Wall -Wextra -Wno-missing-field-initializers -Wno-empty-body -Wno-implicit-fallthrough -Wno-old-style-declaration -Wno-unused-but-set-variable -Wno-unused-parameter -Werror -Wno-error=unused-but-set-variable -Wno-error=unused-parameter -I/shim-build/shim-16.1/Cryptlib/OpenSSL -I/shim-build/shim-16.1/Cryptlib -I/shim-build/shim-16.1/Cryptlib/OpenSSL/Include/ -I/shim-build/shim-16.1/Cryptlib/OpenSSL/crypto -I/shim-build/shim-16.1/Cryptlib/Include -I/shim-build/shim-16.1/gnu-efi/inc -I/shim-build/shim-16.1/gnu-efi/inc/aarch64 -I/shim-build/shim-16.1/gnu-efi/inc/protocol -I/shim-build/shim-16.1/Cryptlib/OpenSSL/crypto/asn1 -I/shim-build/shim-16.1/Cryptlib/OpenSSL/crypto/evp -I/shim-build/shim-16.1/Cryptlib/OpenSSL/crypto/modes -I/shim-build/shim-16.1/Cryptlib/OpenSSL/crypto/include -isystem /shim-build/shim-16.1/include/system -isystem /usr/lib/gcc-cross/aarch64-linux-gnu/11/include -DL_ENDIAN -D_CRT_SECURE_NO_DEPRECATE -D_CRT_NONSTDC_NO_DEPRECATE -DOPENSSL_SMALL_FOOTPRINT -DPEDANTIC -DMDE_CPU_AARCH64   -c -o crypto/aes/aes_ige.o /shim-build/shim-16.1/Cryptlib/OpenSSL/crypto/aes/aes_ige.c
#14 32.95 aarch64-linux-gnu-gcc -std=gnu11 -ggdb -gdwarf-4 -gstrict-dwarf -ffreestanding -fmacro-prefix-map=/shim-build/shim-16.1/= -fno-stack-protector -fno-strict-aliasing -fpic -fshort-wchar -nostdinc -Os -Wall -Wextra -Wno-missing-field-initializers -Wno-empty-body -Wno-implicit-fallthrough -Wno-old-style-declaration -Wno-unused-but-set-variable -Wno-unused-parameter -Werror -Wno-error=unused-but-set-variable -Wno-error=unused-parameter -I/shim-build/shim-16.1/Cryptlib/OpenSSL -I/shim-build/shim-16.1/Cryptlib -I/shim-build/shim-16.1/Cryptlib/OpenSSL/Include/ -I/shim-build/shim-16.1/Cryptlib/OpenSSL/crypto -I/shim-build/shim-16.1/Cryptlib/Include -I/shim-build/shim-16.1/gnu-efi/inc -I/shim-build/shim-16.1/gnu-efi/inc/aarch64 -I/shim-build/shim-16.1/gnu-efi/inc/protocol -I/shim-build/shim-16.1/Cryptlib/OpenSSL/crypto/asn1 -I/shim-build/shim-16.1/Cryptlib/OpenSSL/crypto/evp -I/shim-build/shim-16.1/Cryptlib/OpenSSL/crypto/modes -I/shim-build/shim-16.1/Cryptlib/OpenSSL/crypto/include -isystem /shim-build/shim-16.1/include/system -isystem /usr/lib/gcc-cross/aarch64-linux-gnu/11/include -DL_ENDIAN -D_CRT_SECURE_NO_DEPRECATE -D_CRT_NONSTDC_NO_DEPRECATE -DOPENSSL_SMALL_FOOTPRINT -DPEDANTIC -DMDE_CPU_AARCH64   -c -o crypto/aes/aes_wrap.o /shim-build/shim-16.1/Cryptlib/OpenSSL/crypto/aes/aes_wrap.c
#14 33.25 aarch64-linux-gnu-gcc -std=gnu11 -ggdb -gdwarf-4 -gstrict-dwarf -ffreestanding -fmacro-prefix-map=/shim-build/shim-16.1/= -fno-stack-protector -fno-strict-aliasing -fpic -fshort-wchar -nostdinc -Os -Wall -Wextra -Wno-missing-field-initializers -Wno-empty-body -Wno-implicit-fallthrough -Wno-old-style-declaration -Wno-unused-but-set-variable -Wno-unused-parameter -Werror -Wno-error=unused-but-set-variable -Wno-error=unused-parameter -I/shim-build/shim-16.1/Cryptlib/OpenSSL -I/shim-build/shim-16.1/Cryptlib -I/shim-build/shim-16.1/Cryptlib/OpenSSL/Include/ -I/shim-build/shim-16.1/Cryptlib/OpenSSL/crypto -I/shim-build/shim-16.1/Cryptlib/Include -I/shim-build/shim-16.1/gnu-efi/inc -I/shim-build/shim-16.1/gnu-efi/inc/aarch64 -I/shim-build/shim-16.1/gnu-efi/inc/protocol -I/shim-build/shim-16.1/Cryptlib/OpenSSL/crypto/asn1 -I/shim-build/shim-16.1/Cryptlib/OpenSSL/crypto/evp -I/shim-build/shim-16.1/Cryptlib/OpenSSL/crypto/modes -I/shim-build/shim-16.1/Cryptlib/OpenSSL/crypto/include -isystem /shim-build/shim-16.1/include/system -isystem /usr/lib/gcc-cross/aarch64-linux-gnu/11/include -DL_ENDIAN -D_CRT_SECURE_NO_DEPRECATE -D_CRT_NONSTDC_NO_DEPRECATE -DOPENSSL_SMALL_FOOTPRINT -DPEDANTIC -DMDE_CPU_AARCH64   -c -o crypto/aes/aes_core.o /shim-build/shim-16.1/Cryptlib/OpenSSL/crypto/aes/aes_core.c
#14 33.78 aarch64-linux-gnu-gcc -std=gnu11 -ggdb -gdwarf-4 -gstrict-dwarf -ffreestanding -fmacro-prefix-map=/shim-build/shim-16.1/= -fno-stack-protector -fno-strict-aliasing -fpic -fshort-wchar -nostdinc -Os -Wall -Wextra -Wno-missing-field-initializers -Wno-empty-body -Wno-implicit-fallthrough -Wno-old-style-declaration -Wno-unused-but-set-variable -Wno-unused-parameter -Werror -Wno-error=unused-but-set-variable -Wno-error=unused-parameter -I/shim-build/shim-16.1/Cryptlib/OpenSSL -I/shim-build/shim-16.1/Cryptlib -I/shim-build/shim-16.1/Cryptlib/OpenSSL/Include/ -I/shim-build/shim-16.1/Cryptlib/OpenSSL/crypto -I/shim-build/shim-16.1/Cryptlib/Include -I/shim-build/shim-16.1/gnu-efi/inc -I/shim-build/shim-16.1/gnu-efi/inc/aarch64 -I/shim-build/shim-16.1/gnu-efi/inc/protocol -I/shim-build/shim-16.1/Cryptlib/OpenSSL/crypto/asn1 -I/shim-build/shim-16.1/Cryptlib/OpenSSL/crypto/evp -I/shim-build/shim-16.1/Cryptlib/OpenSSL/crypto/modes -I/shim-build/shim-16.1/Cryptlib/OpenSSL/crypto/include -isystem /shim-build/shim-16.1/include/system -isystem /usr/lib/gcc-cross/aarch64-linux-gnu/11/include -DL_ENDIAN -D_CRT_SECURE_NO_DEPRECATE -D_CRT_NONSTDC_NO_DEPRECATE -DOPENSSL_SMALL_FOOTPRINT -DPEDANTIC -DMDE_CPU_AARCH64   -c -o crypto/aes/aes_cbc.o /shim-build/shim-16.1/Cryptlib/OpenSSL/crypto/aes/aes_cbc.c
#14 34.07 aarch64-linux-gnu-gcc -std=gnu11 -ggdb -gdwarf-4 -gstrict-dwarf -ffreestanding -fmacro-prefix-map=/shim-build/shim-16.1/= -fno-stack-protector -fno-strict-aliasing -fpic -fshort-wchar -nostdinc -Os -Wall -Wextra -Wno-missing-field-initializers -Wno-empty-body -Wno-implicit-fallthrough -Wno-old-style-declaration -Wno-unused-but-set-variable -Wno-unused-parameter -Werror -Wno-error=unused-but-set-variable -Wno-error=unused-parameter -I/shim-build/shim-16.1/Cryptlib/OpenSSL -I/shim-build/shim-16.1/Cryptlib -I/shim-build/shim-16.1/Cryptlib/OpenSSL/Include/ -I/shim-build/shim-16.1/Cryptlib/OpenSSL/crypto -I/shim-build/shim-16.1/Cryptlib/Include -I/shim-build/shim-16.1/gnu-efi/inc -I/shim-build/shim-16.1/gnu-efi/inc/aarch64 -I/shim-build/shim-16.1/gnu-efi/inc/protocol -I/shim-build/shim-16.1/Cryptlib/OpenSSL/crypto/asn1 -I/shim-build/shim-16.1/Cryptlib/OpenSSL/crypto/evp -I/shim-build/shim-16.1/Cryptlib/OpenSSL/crypto/modes -I/shim-build/shim-16.1/Cryptlib/OpenSSL/crypto/include -isystem /shim-build/shim-16.1/include/system -isystem /usr/lib/gcc-cross/aarch64-linux-gnu/11/include -DL_ENDIAN -D_CRT_SECURE_NO_DEPRECATE -D_CRT_NONSTDC_NO_DEPRECATE -DOPENSSL_SMALL_FOOTPRINT -DPEDANTIC -DMDE_CPU_AARCH64   -c -o crypto/modes/cbc128.o /shim-build/shim-16.1/Cryptlib/OpenSSL/crypto/modes/cbc128.c
#14 34.49 aarch64-linux-gnu-gcc -std=gnu11 -ggdb -gdwarf-4 -gstrict-dwarf -ffreestanding -fmacro-prefix-map=/shim-build/shim-16.1/= -fno-stack-protector -fno-strict-aliasing -fpic -fshort-wchar -nostdinc -Os -Wall -Wextra -Wno-missing-field-initializers -Wno-empty-body -Wno-implicit-fallthrough -Wno-old-style-declaration -Wno-unused-but-set-variable -Wno-unused-parameter -Werror -Wno-error=unused-but-set-variable -Wno-error=unused-parameter -I/shim-build/shim-16.1/Cryptlib/OpenSSL -I/shim-build/shim-16.1/Cryptlib -I/shim-build/shim-16.1/Cryptlib/OpenSSL/Include/ -I/shim-build/shim-16.1/Cryptlib/OpenSSL/crypto -I/shim-build/shim-16.1/Cryptlib/Include -I/shim-build/shim-16.1/gnu-efi/inc -I/shim-build/shim-16.1/gnu-efi/inc/aarch64 -I/shim-build/shim-16.1/gnu-efi/inc/protocol -I/shim-build/shim-16.1/Cryptlib/OpenSSL/crypto/asn1 -I/shim-build/shim-16.1/Cryptlib/OpenSSL/crypto/evp -I/shim-build/shim-16.1/Cryptlib/OpenSSL/crypto/modes -I/shim-build/shim-16.1/Cryptlib/OpenSSL/crypto/include -isystem /shim-build/shim-16.1/include/system -isystem /usr/lib/gcc-cross/aarch64-linux-gnu/11/include -DL_ENDIAN -D_CRT_SECURE_NO_DEPRECATE -D_CRT_NONSTDC_NO_DEPRECATE -DOPENSSL_SMALL_FOOTPRINT -DPEDANTIC -DMDE_CPU_AARCH64   -c -o crypto/modes/ctr128.o /shim-build/shim-16.1/Cryptlib/OpenSSL/crypto/modes/ctr128.c
#14 34.95 aarch64-linux-gnu-gcc -std=gnu11 -ggdb -gdwarf-4 -gstrict-dwarf -ffreestanding -fmacro-prefix-map=/shim-build/shim-16.1/= -fno-stack-protector -fno-strict-aliasing -fpic -fshort-wchar -nostdinc -Os -Wall -Wextra -Wno-missing-field-initializers -Wno-empty-body -Wno-implicit-fallthrough -Wno-old-style-declaration -Wno-unused-but-set-variable -Wno-unused-parameter -Werror -Wno-error=unused-but-set-variable -Wno-error=unused-parameter -I/shim-build/shim-16.1/Cryptlib/OpenSSL -I/shim-build/shim-16.1/Cryptlib -I/shim-build/shim-16.1/Cryptlib/OpenSSL/Include/ -I/shim-build/shim-16.1/Cryptlib/OpenSSL/crypto -I/shim-build/shim-16.1/Cryptlib/Include -I/shim-build/shim-16.1/gnu-efi/inc -I/shim-build/shim-16.1/gnu-efi/inc/aarch64 -I/shim-build/shim-16.1/gnu-efi/inc/protocol -I/shim-build/shim-16.1/Cryptlib/OpenSSL/crypto/asn1 -I/shim-build/shim-16.1/Cryptlib/OpenSSL/crypto/evp -I/shim-build/shim-16.1/Cryptlib/OpenSSL/crypto/modes -I/shim-build/shim-16.1/Cryptlib/OpenSSL/crypto/include -isystem /shim-build/shim-16.1/include/system -isystem /usr/lib/gcc-cross/aarch64-linux-gnu/11/include -DL_ENDIAN -D_CRT_SECURE_NO_DEPRECATE -D_CRT_NONSTDC_NO_DEPRECATE -DOPENSSL_SMALL_FOOTPRINT -DPEDANTIC -DMDE_CPU_AARCH64   -c -o crypto/modes/cts128.o /shim-build/shim-16.1/Cryptlib/OpenSSL/crypto/modes/cts128.c
#14 35.41 aarch64-linux-gnu-gcc -std=gnu11 -ggdb -gdwarf-4 -gstrict-dwarf -ffreestanding -fmacro-prefix-map=/shim-build/shim-16.1/= -fno-stack-protector -fno-strict-aliasing -fpic -fshort-wchar -nostdinc -Os -Wall -Wextra -Wno-missing-field-initializers -Wno-empty-body -Wno-implicit-fallthrough -Wno-old-style-declaration -Wno-unused-but-set-variable -Wno-unused-parameter -Werror -Wno-error=unused-but-set-variable -Wno-error=unused-parameter -I/shim-build/shim-16.1/Cryptlib/OpenSSL -I/shim-build/shim-16.1/Cryptlib -I/shim-build/shim-16.1/Cryptlib/OpenSSL/Include/ -I/shim-build/shim-16.1/Cryptlib/OpenSSL/crypto -I/shim-build/shim-16.1/Cryptlib/Include -I/shim-build/shim-16.1/gnu-efi/inc -I/shim-build/shim-16.1/gnu-efi/inc/aarch64 -I/shim-build/shim-16.1/gnu-efi/inc/protocol -I/shim-build/shim-16.1/Cryptlib/OpenSSL/crypto/asn1 -I/shim-build/shim-16.1/Cryptlib/OpenSSL/crypto/evp -I/shim-build/shim-16.1/Cryptlib/OpenSSL/crypto/modes -I/shim-build/shim-16.1/Cryptlib/OpenSSL/crypto/include -isystem /shim-build/shim-16.1/include/system -isystem /usr/lib/gcc-cross/aarch64-linux-gnu/11/include -DL_ENDIAN -D_CRT_SECURE_NO_DEPRECATE -D_CRT_NONSTDC_NO_DEPRECATE -DOPENSSL_SMALL_FOOTPRINT -DPEDANTIC -DMDE_CPU_AARCH64   -c -o crypto/modes/cfb128.o /shim-build/shim-16.1/Cryptlib/OpenSSL/crypto/modes/cfb128.c
#14 35.87 aarch64-linux-gnu-gcc -std=gnu11 -ggdb -gdwarf-4 -gstrict-dwarf -ffreestanding -fmacro-prefix-map=/shim-build/shim-16.1/= -fno-stack-protector -fno-strict-aliasing -fpic -fshort-wchar -nostdinc -Os -Wall -Wextra -Wno-missing-field-initializers -Wno-empty-body -Wno-implicit-fallthrough -Wno-old-style-declaration -Wno-unused-but-set-variable -Wno-unused-parameter -Werror -Wno-error=unused-but-set-variable -Wno-error=unused-parameter -I/shim-build/shim-16.1/Cryptlib/OpenSSL -I/shim-build/shim-16.1/Cryptlib -I/shim-build/shim-16.1/Cryptlib/OpenSSL/Include/ -I/shim-build/shim-16.1/Cryptlib/OpenSSL/crypto -I/shim-build/shim-16.1/Cryptlib/Include -I/shim-build/shim-16.1/gnu-efi/inc -I/shim-build/shim-16.1/gnu-efi/inc/aarch64 -I/shim-build/shim-16.1/gnu-efi/inc/protocol -I/shim-build/shim-16.1/Cryptlib/OpenSSL/crypto/asn1 -I/shim-build/shim-16.1/Cryptlib/OpenSSL/crypto/evp -I/shim-build/shim-16.1/Cryptlib/OpenSSL/crypto/modes -I/shim-build/shim-16.1/Cryptlib/OpenSSL/crypto/include -isystem /shim-build/shim-16.1/include/system -isystem /usr/lib/gcc-cross/aarch64-linux-gnu/11/include -DL_ENDIAN -D_CRT_SECURE_NO_DEPRECATE -D_CRT_NONSTDC_NO_DEPRECATE -DOPENSSL_SMALL_FOOTPRINT -DPEDANTIC -DMDE_CPU_AARCH64   -c -o crypto/modes/ofb128.o /shim-build/shim-16.1/Cryptlib/OpenSSL/crypto/modes/ofb128.c
#14 36.25 aarch64-linux-gnu-gcc -std=gnu11 -ggdb -gdwarf-4 -gstrict-dwarf -ffreestanding -fmacro-prefix-map=/shim-build/shim-16.1/= -fno-stack-protector -fno-strict-aliasing -fpic -fshort-wchar -nostdinc -Os -Wall -Wextra -Wno-missing-field-initializers -Wno-empty-body -Wno-implicit-fallthrough -Wno-old-style-declaration -Wno-unused-but-set-variable -Wno-unused-parameter -Werror -Wno-error=unused-but-set-variable -Wno-error=unused-parameter -I/shim-build/shim-16.1/Cryptlib/OpenSSL -I/shim-build/shim-16.1/Cryptlib -I/shim-build/shim-16.1/Cryptlib/OpenSSL/Include/ -I/shim-build/shim-16.1/Cryptlib/OpenSSL/crypto -I/shim-build/shim-16.1/Cryptlib/Include -I/shim-build/shim-16.1/gnu-efi/inc -I/shim-build/shim-16.1/gnu-efi/inc/aarch64 -I/shim-build/shim-16.1/gnu-efi/inc/protocol -I/shim-build/shim-16.1/Cryptlib/OpenSSL/crypto/asn1 -I/shim-build/shim-16.1/Cryptlib/OpenSSL/crypto/evp -I/shim-build/shim-16.1/Cryptlib/OpenSSL/crypto/modes -I/shim-build/shim-16.1/Cryptlib/OpenSSL/crypto/include -isystem /shim-build/shim-16.1/include/system -isystem /usr/lib/gcc-cross/aarch64-linux-gnu/11/include -DL_ENDIAN -D_CRT_SECURE_NO_DEPRECATE -D_CRT_NONSTDC_NO_DEPRECATE -DOPENSSL_SMALL_FOOTPRINT -DPEDANTIC -DMDE_CPU_AARCH64   -c -o crypto/modes/gcm128.o /shim-build/shim-16.1/Cryptlib/OpenSSL/crypto/modes/gcm128.c
#14 36.83 aarch64-linux-gnu-gcc -std=gnu11 -ggdb -gdwarf-4 -gstrict-dwarf -ffreestanding -fmacro-prefix-map=/shim-build/shim-16.1/= -fno-stack-protector -fno-strict-aliasing -fpic -fshort-wchar -nostdinc -Os -Wall -Wextra -Wno-missing-field-initializers -Wno-empty-body -Wno-implicit-fallthrough -Wno-old-style-declaration -Wno-unused-but-set-variable -Wno-unused-parameter -Werror -Wno-error=unused-but-set-variable -Wno-error=unused-parameter -I/shim-build/shim-16.1/Cryptlib/OpenSSL -I/shim-build/shim-16.1/Cryptlib -I/shim-build/shim-16.1/Cryptlib/OpenSSL/Include/ -I/shim-build/shim-16.1/Cryptlib/OpenSSL/crypto -I/shim-build/shim-16.1/Cryptlib/Include -I/shim-build/shim-16.1/gnu-efi/inc -I/shim-build/shim-16.1/gnu-efi/inc/aarch64 -I/shim-build/shim-16.1/gnu-efi/inc/protocol -I/shim-build/shim-16.1/Cryptlib/OpenSSL/crypto/asn1 -I/shim-build/shim-16.1/Cryptlib/OpenSSL/crypto/evp -I/shim-build/shim-16.1/Cryptlib/OpenSSL/crypto/modes -I/shim-build/shim-16.1/Cryptlib/OpenSSL/crypto/include -isystem /shim-build/shim-16.1/include/system -isystem /usr/lib/gcc-cross/aarch64-linux-gnu/11/include -DL_ENDIAN -D_CRT_SECURE_NO_DEPRECATE -D_CRT_NONSTDC_NO_DEPRECATE -DOPENSSL_SMALL_FOOTPRINT -DPEDANTIC -DMDE_CPU_AARCH64   -c -o crypto/modes/ccm128.o /shim-build/shim-16.1/Cryptlib/OpenSSL/crypto/modes/ccm128.c
#14 37.37 aarch64-linux-gnu-gcc -std=gnu11 -ggdb -gdwarf-4 -gstrict-dwarf -ffreestanding -fmacro-prefix-map=/shim-build/shim-16.1/= -fno-stack-protector -fno-strict-aliasing -fpic -fshort-wchar -nostdinc -Os -Wall -Wextra -Wno-missing-field-initializers -Wno-empty-body -Wno-implicit-fallthrough -Wno-old-style-declaration -Wno-unused-but-set-variable -Wno-unused-parameter -Werror -Wno-error=unused-but-set-variable -Wno-error=unused-parameter -I/shim-build/shim-16.1/Cryptlib/OpenSSL -I/shim-build/shim-16.1/Cryptlib -I/shim-build/shim-16.1/Cryptlib/OpenSSL/Include/ -I/shim-build/shim-16.1/Cryptlib/OpenSSL/crypto -I/shim-build/shim-16.1/Cryptlib/Include -I/shim-build/shim-16.1/gnu-efi/inc -I/shim-build/shim-16.1/gnu-efi/inc/aarch64 -I/shim-build/shim-16.1/gnu-efi/inc/protocol -I/shim-build/shim-16.1/Cryptlib/OpenSSL/crypto/asn1 -I/shim-build/shim-16.1/Cryptlib/OpenSSL/crypto/evp -I/shim-build/shim-16.1/Cryptlib/OpenSSL/crypto/modes -I/shim-build/shim-16.1/Cryptlib/OpenSSL/crypto/include -isystem /shim-build/shim-16.1/include/system -isystem /usr/lib/gcc-cross/aarch64-linux-gnu/11/include -DL_ENDIAN -D_CRT_SECURE_NO_DEPRECATE -D_CRT_NONSTDC_NO_DEPRECATE -DOPENSSL_SMALL_FOOTPRINT -DPEDANTIC -DMDE_CPU_AARCH64   -c -o crypto/modes/xts128.o /shim-build/shim-16.1/Cryptlib/OpenSSL/crypto/modes/xts128.c
#14 37.82 aarch64-linux-gnu-gcc -std=gnu11 -ggdb -gdwarf-4 -gstrict-dwarf -ffreestanding -fmacro-prefix-map=/shim-build/shim-16.1/= -fno-stack-protector -fno-strict-aliasing -fpic -fshort-wchar -nostdinc -Os -Wall -Wextra -Wno-missing-field-initializers -Wno-empty-body -Wno-implicit-fallthrough -Wno-old-style-declaration -Wno-unused-but-set-variable -Wno-unused-parameter -Werror -Wno-error=unused-but-set-variable -Wno-error=unused-parameter -I/shim-build/shim-16.1/Cryptlib/OpenSSL -I/shim-build/shim-16.1/Cryptlib -I/shim-build/shim-16.1/Cryptlib/OpenSSL/Include/ -I/shim-build/shim-16.1/Cryptlib/OpenSSL/crypto -I/shim-build/shim-16.1/Cryptlib/Include -I/shim-build/shim-16.1/gnu-efi/inc -I/shim-build/shim-16.1/gnu-efi/inc/aarch64 -I/shim-build/shim-16.1/gnu-efi/inc/protocol -I/shim-build/shim-16.1/Cryptlib/OpenSSL/crypto/asn1 -I/shim-build/shim-16.1/Cryptlib/OpenSSL/crypto/evp -I/shim-build/shim-16.1/Cryptlib/OpenSSL/crypto/modes -I/shim-build/shim-16.1/Cryptlib/OpenSSL/crypto/include -isystem /shim-build/shim-16.1/include/system -isystem /usr/lib/gcc-cross/aarch64-linux-gnu/11/include -DL_ENDIAN -D_CRT_SECURE_NO_DEPRECATE -D_CRT_NONSTDC_NO_DEPRECATE -DOPENSSL_SMALL_FOOTPRINT -DPEDANTIC -DMDE_CPU_AARCH64   -c -o crypto/modes/wrap128.o /shim-build/shim-16.1/Cryptlib/OpenSSL/crypto/modes/wrap128.c
#14 38.27 aarch64-linux-gnu-gcc -std=gnu11 -ggdb -gdwarf-4 -gstrict-dwarf -ffreestanding -fmacro-prefix-map=/shim-build/shim-16.1/= -fno-stack-protector -fno-strict-aliasing -fpic -fshort-wchar -nostdinc -Os -Wall -Wextra -Wno-missing-field-initializers -Wno-empty-body -Wno-implicit-fallthrough -Wno-old-style-declaration -Wno-unused-but-set-variable -Wno-unused-parameter -Werror -Wno-error=unused-but-set-variable -Wno-error=unused-parameter -I/shim-build/shim-16.1/Cryptlib/OpenSSL -I/shim-build/shim-16.1/Cryptlib -I/shim-build/shim-16.1/Cryptlib/OpenSSL/Include/ -I/shim-build/shim-16.1/Cryptlib/OpenSSL/crypto -I/shim-build/shim-16.1/Cryptlib/Include -I/shim-build/shim-16.1/gnu-efi/inc -I/shim-build/shim-16.1/gnu-efi/inc/aarch64 -I/shim-build/shim-16.1/gnu-efi/inc/protocol -I/shim-build/shim-16.1/Cryptlib/OpenSSL/crypto/asn1 -I/shim-build/shim-16.1/Cryptlib/OpenSSL/crypto/evp -I/shim-build/shim-16.1/Cryptlib/OpenSSL/crypto/modes -I/shim-build/shim-16.1/Cryptlib/OpenSSL/crypto/include -isystem /shim-build/shim-16.1/include/system -isystem /usr/lib/gcc-cross/aarch64-linux-gnu/11/include -DL_ENDIAN -D_CRT_SECURE_NO_DEPRECATE -D_CRT_NONSTDC_NO_DEPRECATE -DOPENSSL_SMALL_FOOTPRINT -DPEDANTIC -DMDE_CPU_AARCH64   -c -o crypto/bn/bn_add.o /shim-build/shim-16.1/Cryptlib/OpenSSL/crypto/bn/bn_add.c
#14 38.73 aarch64-linux-gnu-gcc -std=gnu11 -ggdb -gdwarf-4 -gstrict-dwarf -ffreestanding -fmacro-prefix-map=/shim-build/shim-16.1/= -fno-stack-protector -fno-strict-aliasing -fpic -fshort-wchar -nostdinc -Os -Wall -Wextra -Wno-missing-field-initializers -Wno-empty-body -Wno-implicit-fallthrough -Wno-old-style-declaration -Wno-unused-but-set-variable -Wno-unused-parameter -Werror -Wno-error=unused-but-set-variable -Wno-error=unused-parameter -I/shim-build/shim-16.1/Cryptlib/OpenSSL -I/shim-build/shim-16.1/Cryptlib -I/shim-build/shim-16.1/Cryptlib/OpenSSL/Include/ -I/shim-build/shim-16.1/Cryptlib/OpenSSL/crypto -I/shim-build/shim-16.1/Cryptlib/Include -I/shim-build/shim-16.1/gnu-efi/inc -I/shim-build/shim-16.1/gnu-efi/inc/aarch64 -I/shim-build/shim-16.1/gnu-efi/inc/protocol -I/shim-build/shim-16.1/Cryptlib/OpenSSL/crypto/asn1 -I/shim-build/shim-16.1/Cryptlib/OpenSSL/crypto/evp -I/shim-build/shim-16.1/Cryptlib/OpenSSL/crypto/modes -I/shim-build/shim-16.1/Cryptlib/OpenSSL/crypto/include -isystem /shim-build/shim-16.1/include/system -isystem /usr/lib/gcc-cross/aarch64-linux-gnu/11/include -DL_ENDIAN -D_CRT_SECURE_NO_DEPRECATE -D_CRT_NONSTDC_NO_DEPRECATE -DOPENSSL_SMALL_FOOTPRINT -DPEDANTIC -DMDE_CPU_AARCH64   -c -o crypto/bn/bn_div.o /shim-build/shim-16.1/Cryptlib/OpenSSL/crypto/bn/bn_div.c
#14 39.22 aarch64-linux-gnu-gcc -std=gnu11 -ggdb -gdwarf-4 -gstrict-dwarf -ffreestanding -fmacro-prefix-map=/shim-build/shim-16.1/= -fno-stack-protector -fno-strict-aliasing -fpic -fshort-wchar -nostdinc -Os -Wall -Wextra -Wno-missing-field-initializers -Wno-empty-body -Wno-implicit-fallthrough -Wno-old-style-declaration -Wno-unused-but-set-variable -Wno-unused-parameter -Werror -Wno-error=unused-but-set-variable -Wno-error=unused-parameter -I/shim-build/shim-16.1/Cryptlib/OpenSSL -I/shim-build/shim-16.1/Cryptlib -I/shim-build/shim-16.1/Cryptlib/OpenSSL/Include/ -I/shim-build/shim-16.1/Cryptlib/OpenSSL/crypto -I/shim-build/shim-16.1/Cryptlib/Include -I/shim-build/shim-16.1/gnu-efi/inc -I/shim-build/shim-16.1/gnu-efi/inc/aarch64 -I/shim-build/shim-16.1/gnu-efi/inc/protocol -I/shim-build/shim-16.1/Cryptlib/OpenSSL/crypto/asn1 -I/shim-build/shim-16.1/Cryptlib/OpenSSL/crypto/evp -I/shim-build/shim-16.1/Cryptlib/OpenSSL/crypto/modes -I/shim-build/shim-16.1/Cryptlib/OpenSSL/crypto/include -isystem /shim-build/shim-16.1/include/system -isystem /usr/lib/gcc-cross/aarch64-linux-gnu/11/include -DL_ENDIAN -D_CRT_SECURE_NO_DEPRECATE -D_CRT_NONSTDC_NO_DEPRECATE -DOPENSSL_SMALL_FOOTPRINT -DPEDANTIC -DMDE_CPU_AARCH64   -c -o crypto/bn/bn_exp.o /shim-build/shim-16.1/Cryptlib/OpenSSL/crypto/bn/bn_exp.c
#14 39.88 aarch64-linux-gnu-gcc -std=gnu11 -ggdb -gdwarf-4 -gstrict-dwarf -ffreestanding -fmacro-prefix-map=/shim-build/shim-16.1/= -fno-stack-protector -fno-strict-aliasing -fpic -fshort-wchar -nostdinc -Os -Wall -Wextra -Wno-missing-field-initializers -Wno-empty-body -Wno-implicit-fallthrough -Wno-old-style-declaration -Wno-unused-but-set-variable -Wno-unused-parameter -Werror -Wno-error=unused-but-set-variable -Wno-error=unused-parameter -I/shim-build/shim-16.1/Cryptlib/OpenSSL -I/shim-build/shim-16.1/Cryptlib -I/shim-build/shim-16.1/Cryptlib/OpenSSL/Include/ -I/shim-build/shim-16.1/Cryptlib/OpenSSL/crypto -I/shim-build/shim-16.1/Cryptlib/Include -I/shim-build/shim-16.1/gnu-efi/inc -I/shim-build/shim-16.1/gnu-efi/inc/aarch64 -I/shim-build/shim-16.1/gnu-efi/inc/protocol -I/shim-build/shim-16.1/Cryptlib/OpenSSL/crypto/asn1 -I/shim-build/shim-16.1/Cryptlib/OpenSSL/crypto/evp -I/shim-build/shim-16.1/Cryptlib/OpenSSL/crypto/modes -I/shim-build/shim-16.1/Cryptlib/OpenSSL/crypto/include -isystem /shim-build/shim-16.1/include/system -isystem /usr/lib/gcc-cross/aarch64-linux-gnu/11/include -DL_ENDIAN -D_CRT_SECURE_NO_DEPRECATE -D_CRT_NONSTDC_NO_DEPRECATE -DOPENSSL_SMALL_FOOTPRINT -DPEDANTIC -DMDE_CPU_AARCH64   -c -o crypto/bn/bn_lib.o /shim-build/shim-16.1/Cryptlib/OpenSSL/crypto/bn/bn_lib.c
#14 40.48 aarch64-linux-gnu-gcc -std=gnu11 -ggdb -gdwarf-4 -gstrict-dwarf -ffreestanding -fmacro-prefix-map=/shim-build/shim-16.1/= -fno-stack-protector -fno-strict-aliasing -fpic -fshort-wchar -nostdinc -Os -Wall -Wextra -Wno-missing-field-initializers -Wno-empty-body -Wno-implicit-fallthrough -Wno-old-style-declaration -Wno-unused-but-set-variable -Wno-unused-parameter -Werror -Wno-error=unused-but-set-variable -Wno-error=unused-parameter -I/shim-build/shim-16.1/Cryptlib/OpenSSL -I/shim-build/shim-16.1/Cryptlib -I/shim-build/shim-16.1/Cryptlib/OpenSSL/Include/ -I/shim-build/shim-16.1/Cryptlib/OpenSSL/crypto -I/shim-build/shim-16.1/Cryptlib/Include -I/shim-build/shim-16.1/gnu-efi/inc -I/shim-build/shim-16.1/gnu-efi/inc/aarch64 -I/shim-build/shim-16.1/gnu-efi/inc/protocol -I/shim-build/shim-16.1/Cryptlib/OpenSSL/crypto/asn1 -I/shim-build/shim-16.1/Cryptlib/OpenSSL/crypto/evp -I/shim-build/shim-16.1/Cryptlib/OpenSSL/crypto/modes -I/shim-build/shim-16.1/Cryptlib/OpenSSL/crypto/include -isystem /shim-build/shim-16.1/include/system -isystem /usr/lib/gcc-cross/aarch64-linux-gnu/11/include -DL_ENDIAN -D_CRT_SECURE_NO_DEPRECATE -D_CRT_NONSTDC_NO_DEPRECATE -DOPENSSL_SMALL_FOOTPRINT -DPEDANTIC -DMDE_CPU_AARCH64   -c -o crypto/bn/bn_ctx.o /shim-build/shim-16.1/Cryptlib/OpenSSL/crypto/bn/bn_ctx.c
#14 40.95 aarch64-linux-gnu-gcc -std=gnu11 -ggdb -gdwarf-4 -gstrict-dwarf -ffreestanding -fmacro-prefix-map=/shim-build/shim-16.1/= -fno-stack-protector -fno-strict-aliasing -fpic -fshort-wchar -nostdinc -Os -Wall -Wextra -Wno-missing-field-initializers -Wno-empty-body -Wno-implicit-fallthrough -Wno-old-style-declaration -Wno-unused-but-set-variable -Wno-unused-parameter -Werror -Wno-error=unused-but-set-variable -Wno-error=unused-parameter -I/shim-build/shim-16.1/Cryptlib/OpenSSL -I/shim-build/shim-16.1/Cryptlib -I/shim-build/shim-16.1/Cryptlib/OpenSSL/Include/ -I/shim-build/shim-16.1/Cryptlib/OpenSSL/crypto -I/shim-build/shim-16.1/Cryptlib/Include -I/shim-build/shim-16.1/gnu-efi/inc -I/shim-build/shim-16.1/gnu-efi/inc/aarch64 -I/shim-build/shim-16.1/gnu-efi/inc/protocol -I/shim-build/shim-16.1/Cryptlib/OpenSSL/crypto/asn1 -I/shim-build/shim-16.1/Cryptlib/OpenSSL/crypto/evp -I/shim-build/shim-16.1/Cryptlib/OpenSSL/crypto/modes -I/shim-build/shim-16.1/Cryptlib/OpenSSL/crypto/include -isystem /shim-build/shim-16.1/include/system -isystem /usr/lib/gcc-cross/aarch64-linux-gnu/11/include -DL_ENDIAN -D_CRT_SECURE_NO_DEPRECATE -D_CRT_NONSTDC_NO_DEPRECATE -DOPENSSL_SMALL_FOOTPRINT -DPEDANTIC -DMDE_CPU_AARCH64   -c -o crypto/bn/bn_mul.o /shim-build/shim-16.1/Cryptlib/OpenSSL/crypto/bn/bn_mul.c
#14 41.45 aarch64-linux-gnu-gcc -std=gnu11 -ggdb -gdwarf-4 -gstrict-dwarf -ffreestanding -fmacro-prefix-map=/shim-build/shim-16.1/= -fno-stack-protector -fno-strict-aliasing -fpic -fshort-wchar -nostdinc -Os -Wall -Wextra -Wno-missing-field-initializers -Wno-empty-body -Wno-implicit-fallthrough -Wno-old-style-declaration -Wno-unused-but-set-variable -Wno-unused-parameter -Werror -Wno-error=unused-but-set-variable -Wno-error=unused-parameter -I/shim-build/shim-16.1/Cryptlib/OpenSSL -I/shim-build/shim-16.1/Cryptlib -I/shim-build/shim-16.1/Cryptlib/OpenSSL/Include/ -I/shim-build/shim-16.1/Cryptlib/OpenSSL/crypto -I/shim-build/shim-16.1/Cryptlib/Include -I/shim-build/shim-16.1/gnu-efi/inc -I/shim-build/shim-16.1/gnu-efi/inc/aarch64 -I/shim-build/shim-16.1/gnu-efi/inc/protocol -I/shim-build/shim-16.1/Cryptlib/OpenSSL/crypto/asn1 -I/shim-build/shim-16.1/Cryptlib/OpenSSL/crypto/evp -I/shim-build/shim-16.1/Cryptlib/OpenSSL/crypto/modes -I/shim-build/shim-16.1/Cryptlib/OpenSSL/crypto/include -isystem /shim-build/shim-16.1/include/system -isystem /usr/lib/gcc-cross/aarch64-linux-gnu/11/include -DL_ENDIAN -D_CRT_SECURE_NO_DEPRECATE -D_CRT_NONSTDC_NO_DEPRECATE -DOPENSSL_SMALL_FOOTPRINT -DPEDANTIC -DMDE_CPU_AARCH64   -c -o crypto/bn/bn_mod.o /shim-build/shim-16.1/Cryptlib/OpenSSL/crypto/bn/bn_mod.c
#14 41.89 aarch64-linux-gnu-gcc -std=gnu11 -ggdb -gdwarf-4 -gstrict-dwarf -ffreestanding -fmacro-prefix-map=/shim-build/shim-16.1/= -fno-stack-protector -fno-strict-aliasing -fpic -fshort-wchar -nostdinc -Os -Wall -Wextra -Wno-missing-field-initializers -Wno-empty-body -Wno-implicit-fallthrough -Wno-old-style-declaration -Wno-unused-but-set-variable -Wno-unused-parameter -Werror -Wno-error=unused-but-set-variable -Wno-error=unused-parameter -I/shim-build/shim-16.1/Cryptlib/OpenSSL -I/shim-build/shim-16.1/Cryptlib -I/shim-build/shim-16.1/Cryptlib/OpenSSL/Include/ -I/shim-build/shim-16.1/Cryptlib/OpenSSL/crypto -I/shim-build/shim-16.1/Cryptlib/Include -I/shim-build/shim-16.1/gnu-efi/inc -I/shim-build/shim-16.1/gnu-efi/inc/aarch64 -I/shim-build/shim-16.1/gnu-efi/inc/protocol -I/shim-build/shim-16.1/Cryptlib/OpenSSL/crypto/asn1 -I/shim-build/shim-16.1/Cryptlib/OpenSSL/crypto/evp -I/shim-build/shim-16.1/Cryptlib/OpenSSL/crypto/modes -I/shim-build/shim-16.1/Cryptlib/OpenSSL/crypto/include -isystem /shim-build/shim-16.1/include/system -isystem /usr/lib/gcc-cross/aarch64-linux-gnu/11/include -DL_ENDIAN -D_CRT_SECURE_NO_DEPRECATE -D_CRT_NONSTDC_NO_DEPRECATE -DOPENSSL_SMALL_FOOTPRINT -DPEDANTIC -DMDE_CPU_AARCH64   -c -o crypto/bn/bn_print.o /shim-build/shim-16.1/Cryptlib/OpenSSL/crypto/bn/bn_print.c
#14 42.46 aarch64-linux-gnu-gcc -std=gnu11 -ggdb -gdwarf-4 -gstrict-dwarf -ffreestanding -fmacro-prefix-map=/shim-build/shim-16.1/= -fno-stack-protector -fno-strict-aliasing -fpic -fshort-wchar -nostdinc -Os -Wall -Wextra -Wno-missing-field-initializers -Wno-empty-body -Wno-implicit-fallthrough -Wno-old-style-declaration -Wno-unused-but-set-variable -Wno-unused-parameter -Werror -Wno-error=unused-but-set-variable -Wno-error=unused-parameter -I/shim-build/shim-16.1/Cryptlib/OpenSSL -I/shim-build/shim-16.1/Cryptlib -I/shim-build/shim-16.1/Cryptlib/OpenSSL/Include/ -I/shim-build/shim-16.1/Cryptlib/OpenSSL/crypto -I/shim-build/shim-16.1/Cryptlib/Include -I/shim-build/shim-16.1/gnu-efi/inc -I/shim-build/shim-16.1/gnu-efi/inc/aarch64 -I/shim-build/shim-16.1/gnu-efi/inc/protocol -I/shim-build/shim-16.1/Cryptlib/OpenSSL/crypto/asn1 -I/shim-build/shim-16.1/Cryptlib/OpenSSL/crypto/evp -I/shim-build/shim-16.1/Cryptlib/OpenSSL/crypto/modes -I/shim-build/shim-16.1/Cryptlib/OpenSSL/crypto/include -isystem /shim-build/shim-16.1/include/system -isystem /usr/lib/gcc-cross/aarch64-linux-gnu/11/include -DL_ENDIAN -D_CRT_SECURE_NO_DEPRECATE -D_CRT_NONSTDC_NO_DEPRECATE -DOPENSSL_SMALL_FOOTPRINT -DPEDANTIC -DMDE_CPU_AARCH64   -c -o crypto/bn/bn_rand.o /shim-build/shim-16.1/Cryptlib/OpenSSL/crypto/bn/bn_rand.c
#14 42.97 aarch64-linux-gnu-gcc -std=gnu11 -ggdb -gdwarf-4 -gstrict-dwarf -ffreestanding -fmacro-prefix-map=/shim-build/shim-16.1/= -fno-stack-protector -fno-strict-aliasing -fpic -fshort-wchar -nostdinc -Os -Wall -Wextra -Wno-missing-field-initializers -Wno-empty-body -Wno-implicit-fallthrough -Wno-old-style-declaration -Wno-unused-but-set-variable -Wno-unused-parameter -Werror -Wno-error=unused-but-set-variable -Wno-error=unused-parameter -I/shim-build/shim-16.1/Cryptlib/OpenSSL -I/shim-build/shim-16.1/Cryptlib -I/shim-build/shim-16.1/Cryptlib/OpenSSL/Include/ -I/shim-build/shim-16.1/Cryptlib/OpenSSL/crypto -I/shim-build/shim-16.1/Cryptlib/Include -I/shim-build/shim-16.1/gnu-efi/inc -I/shim-build/shim-16.1/gnu-efi/inc/aarch64 -I/shim-build/shim-16.1/gnu-efi/inc/protocol -I/shim-build/shim-16.1/Cryptlib/OpenSSL/crypto/asn1 -I/shim-build/shim-16.1/Cryptlib/OpenSSL/crypto/evp -I/shim-build/shim-16.1/Cryptlib/OpenSSL/crypto/modes -I/shim-build/shim-16.1/Cryptlib/OpenSSL/crypto/include -isystem /shim-build/shim-16.1/include/system -isystem /usr/lib/gcc-cross/aarch64-linux-gnu/11/include -DL_ENDIAN -D_CRT_SECURE_NO_DEPRECATE -D_CRT_NONSTDC_NO_DEPRECATE -DOPENSSL_SMALL_FOOTPRINT -DPEDANTIC -DMDE_CPU_AARCH64   -c -o crypto/bn/bn_shift.o /shim-build/shim-16.1/Cryptlib/OpenSSL/crypto/bn/bn_shift.c
#14 43.63 aarch64-linux-gnu-gcc -std=gnu11 -ggdb -gdwarf-4 -gstrict-dwarf -ffreestanding -fmacro-prefix-map=/shim-build/shim-16.1/= -fno-stack-protector -fno-strict-aliasing -fpic -fshort-wchar -nostdinc -Os -Wall -Wextra -Wno-missing-field-initializers -Wno-empty-body -Wno-implicit-fallthrough -Wno-old-style-declaration -Wno-unused-but-set-variable -Wno-unused-parameter -Werror -Wno-error=unused-but-set-variable -Wno-error=unused-parameter -I/shim-build/shim-16.1/Cryptlib/OpenSSL -I/shim-build/shim-16.1/Cryptlib -I/shim-build/shim-16.1/Cryptlib/OpenSSL/Include/ -I/shim-build/shim-16.1/Cryptlib/OpenSSL/crypto -I/shim-build/shim-16.1/Cryptlib/Include -I/shim-build/shim-16.1/gnu-efi/inc -I/shim-build/shim-16.1/gnu-efi/inc/aarch64 -I/shim-build/shim-16.1/gnu-efi/inc/protocol -I/shim-build/shim-16.1/Cryptlib/OpenSSL/crypto/asn1 -I/shim-build/shim-16.1/Cryptlib/OpenSSL/crypto/evp -I/shim-build/shim-16.1/Cryptlib/OpenSSL/crypto/modes -I/shim-build/shim-16.1/Cryptlib/OpenSSL/crypto/include -isystem /shim-build/shim-16.1/include/system -isystem /usr/lib/gcc-cross/aarch64-linux-gnu/11/include -DL_ENDIAN -D_CRT_SECURE_NO_DEPRECATE -D_CRT_NONSTDC_NO_DEPRECATE -DOPENSSL_SMALL_FOOTPRINT -DPEDANTIC -DMDE_CPU_AARCH64   -c -o crypto/bn/bn_word.o /shim-build/shim-16.1/Cryptlib/OpenSSL/crypto/bn/bn_word.c
#14 44.15 aarch64-linux-gnu-gcc -std=gnu11 -ggdb -gdwarf-4 -gstrict-dwarf -ffreestanding -fmacro-prefix-map=/shim-build/shim-16.1/= -fno-stack-protector -fno-strict-aliasing -fpic -fshort-wchar -nostdinc -Os -Wall -Wextra -Wno-missing-field-initializers -Wno-empty-body -Wno-implicit-fallthrough -Wno-old-style-declaration -Wno-unused-but-set-variable -Wno-unused-parameter -Werror -Wno-error=unused-but-set-variable -Wno-error=unused-parameter -I/shim-build/shim-16.1/Cryptlib/OpenSSL -I/shim-build/shim-16.1/Cryptlib -I/shim-build/shim-16.1/Cryptlib/OpenSSL/Include/ -I/shim-build/shim-16.1/Cryptlib/OpenSSL/crypto -I/shim-build/shim-16.1/Cryptlib/Include -I/shim-build/shim-16.1/gnu-efi/inc -I/shim-build/shim-16.1/gnu-efi/inc/aarch64 -I/shim-build/shim-16.1/gnu-efi/inc/protocol -I/shim-build/shim-16.1/Cryptlib/OpenSSL/crypto/asn1 -I/shim-build/shim-16.1/Cryptlib/OpenSSL/crypto/evp -I/shim-build/shim-16.1/Cryptlib/OpenSSL/crypto/modes -I/shim-build/shim-16.1/Cryptlib/OpenSSL/crypto/include -isystem /shim-build/shim-16.1/include/system -isystem /usr/lib/gcc-cross/aarch64-linux-gnu/11/include -DL_ENDIAN -D_CRT_SECURE_NO_DEPRECATE -D_CRT_NONSTDC_NO_DEPRECATE -DOPENSSL_SMALL_FOOTPRINT -DPEDANTIC -DMDE_CPU_AARCH64   -c -o crypto/bn/bn_blind.o /shim-build/shim-16.1/Cryptlib/OpenSSL/crypto/bn/bn_blind.c
#14 44.63 aarch64-linux-gnu-gcc -std=gnu11 -ggdb -gdwarf-4 -gstrict-dwarf -ffreestanding -fmacro-prefix-map=/shim-build/shim-16.1/= -fno-stack-protector -fno-strict-aliasing -fpic -fshort-wchar -nostdinc -Os -Wall -Wextra -Wno-missing-field-initializers -Wno-empty-body -Wno-implicit-fallthrough -Wno-old-style-declaration -Wno-unused-but-set-variable -Wno-unused-parameter -Werror -Wno-error=unused-but-set-variable -Wno-error=unused-parameter -I/shim-build/shim-16.1/Cryptlib/OpenSSL -I/shim-build/shim-16.1/Cryptlib -I/shim-build/shim-16.1/Cryptlib/OpenSSL/Include/ -I/shim-build/shim-16.1/Cryptlib/OpenSSL/crypto -I/shim-build/shim-16.1/Cryptlib/Include -I/shim-build/shim-16.1/gnu-efi/inc -I/shim-build/shim-16.1/gnu-efi/inc/aarch64 -I/shim-build/shim-16.1/gnu-efi/inc/protocol -I/shim-build/shim-16.1/Cryptlib/OpenSSL/crypto/asn1 -I/shim-build/shim-16.1/Cryptlib/OpenSSL/crypto/evp -I/shim-build/shim-16.1/Cryptlib/OpenSSL/crypto/modes -I/shim-build/shim-16.1/Cryptlib/OpenSSL/crypto/include -isystem /shim-build/shim-16.1/include/system -isystem /usr/lib/gcc-cross/aarch64-linux-gnu/11/include -DL_ENDIAN -D_CRT_SECURE_NO_DEPRECATE -D_CRT_NONSTDC_NO_DEPRECATE -DOPENSSL_SMALL_FOOTPRINT -DPEDANTIC -DMDE_CPU_AARCH64   -c -o crypto/bn/bn_kron.o /shim-build/shim-16.1/Cryptlib/OpenSSL/crypto/bn/bn_kron.c
#14 45.06 aarch64-linux-gnu-gcc -std=gnu11 -ggdb -gdwarf-4 -gstrict-dwarf -ffreestanding -fmacro-prefix-map=/shim-build/shim-16.1/= -fno-stack-protector -fno-strict-aliasing -fpic -fshort-wchar -nostdinc -Os -Wall -Wextra -Wno-missing-field-initializers -Wno-empty-body -Wno-implicit-fallthrough -Wno-old-style-declaration -Wno-unused-but-set-variable -Wno-unused-parameter -Werror -Wno-error=unused-but-set-variable -Wno-error=unused-parameter -I/shim-build/shim-16.1/Cryptlib/OpenSSL -I/shim-build/shim-16.1/Cryptlib -I/shim-build/shim-16.1/Cryptlib/OpenSSL/Include/ -I/shim-build/shim-16.1/Cryptlib/OpenSSL/crypto -I/shim-build/shim-16.1/Cryptlib/Include -I/shim-build/shim-16.1/gnu-efi/inc -I/shim-build/shim-16.1/gnu-efi/inc/aarch64 -I/shim-build/shim-16.1/gnu-efi/inc/protocol -I/shim-build/shim-16.1/Cryptlib/OpenSSL/crypto/asn1 -I/shim-build/shim-16.1/Cryptlib/OpenSSL/crypto/evp -I/shim-build/shim-16.1/Cryptlib/OpenSSL/crypto/modes -I/shim-build/shim-16.1/Cryptlib/OpenSSL/crypto/include -isystem /shim-build/shim-16.1/include/system -isystem /usr/lib/gcc-cross/aarch64-linux-gnu/11/include -DL_ENDIAN -D_CRT_SECURE_NO_DEPRECATE -D_CRT_NONSTDC_NO_DEPRECATE -DOPENSSL_SMALL_FOOTPRINT -DPEDANTIC -DMDE_CPU_AARCH64   -c -o crypto/bn/bn_sqrt.o /shim-build/shim-16.1/Cryptlib/OpenSSL/crypto/bn/bn_sqrt.c
#14 45.52 aarch64-linux-gnu-gcc -std=gnu11 -ggdb -gdwarf-4 -gstrict-dwarf -ffreestanding -fmacro-prefix-map=/shim-build/shim-16.1/= -fno-stack-protector -fno-strict-aliasing -fpic -fshort-wchar -nostdinc -Os -Wall -Wextra -Wno-missing-field-initializers -Wno-empty-body -Wno-implicit-fallthrough -Wno-old-style-declaration -Wno-unused-but-set-variable -Wno-unused-parameter -Werror -Wno-error=unused-but-set-variable -Wno-error=unused-parameter -I/shim-build/shim-16.1/Cryptlib/OpenSSL -I/shim-build/shim-16.1/Cryptlib -I/shim-build/shim-16.1/Cryptlib/OpenSSL/Include/ -I/shim-build/shim-16.1/Cryptlib/OpenSSL/crypto -I/shim-build/shim-16.1/Cryptlib/Include -I/shim-build/shim-16.1/gnu-efi/inc -I/shim-build/shim-16.1/gnu-efi/inc/aarch64 -I/shim-build/shim-16.1/gnu-efi/inc/protocol -I/shim-build/shim-16.1/Cryptlib/OpenSSL/crypto/asn1 -I/shim-build/shim-16.1/Cryptlib/OpenSSL/crypto/evp -I/shim-build/shim-16.1/Cryptlib/OpenSSL/crypto/modes -I/shim-build/shim-16.1/Cryptlib/OpenSSL/crypto/include -isystem /shim-build/shim-16.1/include/system -isystem /usr/lib/gcc-cross/aarch64-linux-gnu/11/include -DL_ENDIAN -D_CRT_SECURE_NO_DEPRECATE -D_CRT_NONSTDC_NO_DEPRECATE -DOPENSSL_SMALL_FOOTPRINT -DPEDANTIC -DMDE_CPU_AARCH64   -c -o crypto/bn/bn_gcd.o /shim-build/shim-16.1/Cryptlib/OpenSSL/crypto/bn/bn_gcd.c
#14 46.01 aarch64-linux-gnu-gcc -std=gnu11 -ggdb -gdwarf-4 -gstrict-dwarf -ffreestanding -fmacro-prefix-map=/shim-build/shim-16.1/= -fno-stack-protector -fno-strict-aliasing -fpic -fshort-wchar -nostdinc -Os -Wall -Wextra -Wno-missing-field-initializers -Wno-empty-body -Wno-implicit-fallthrough -Wno-old-style-declaration -Wno-unused-but-set-variable -Wno-unused-parameter -Werror -Wno-error=unused-but-set-variable -Wno-error=unused-parameter -I/shim-build/shim-16.1/Cryptlib/OpenSSL -I/shim-build/shim-16.1/Cryptlib -I/shim-build/shim-16.1/Cryptlib/OpenSSL/Include/ -I/shim-build/shim-16.1/Cryptlib/OpenSSL/crypto -I/shim-build/shim-16.1/Cryptlib/Include -I/shim-build/shim-16.1/gnu-efi/inc -I/shim-build/shim-16.1/gnu-efi/inc/aarch64 -I/shim-build/shim-16.1/gnu-efi/inc/protocol -I/shim-build/shim-16.1/Cryptlib/OpenSSL/crypto/asn1 -I/shim-build/shim-16.1/Cryptlib/OpenSSL/crypto/evp -I/shim-build/shim-16.1/Cryptlib/OpenSSL/crypto/modes -I/shim-build/shim-16.1/Cryptlib/OpenSSL/crypto/include -isystem /shim-build/shim-16.1/include/system -isystem /usr/lib/gcc-cross/aarch64-linux-gnu/11/include -DL_ENDIAN -D_CRT_SECURE_NO_DEPRECATE -D_CRT_NONSTDC_NO_DEPRECATE -DOPENSSL_SMALL_FOOTPRINT -DPEDANTIC -DMDE_CPU_AARCH64   -c -o crypto/bn/bn_prime.o /shim-build/shim-16.1/Cryptlib/OpenSSL/crypto/bn/bn_prime.c
#14 46.54 aarch64-linux-gnu-gcc -std=gnu11 -ggdb -gdwarf-4 -gstrict-dwarf -ffreestanding -fmacro-prefix-map=/shim-build/shim-16.1/= -fno-stack-protector -fno-strict-aliasing -fpic -fshort-wchar -nostdinc -Os -Wall -Wextra -Wno-missing-field-initializers -Wno-empty-body -Wno-implicit-fallthrough -Wno-old-style-declaration -Wno-unused-but-set-variable -Wno-unused-parameter -Werror -Wno-error=unused-but-set-variable -Wno-error=unused-parameter -I/shim-build/shim-16.1/Cryptlib/OpenSSL -I/shim-build/shim-16.1/Cryptlib -I/shim-build/shim-16.1/Cryptlib/OpenSSL/Include/ -I/shim-build/shim-16.1/Cryptlib/OpenSSL/crypto -I/shim-build/shim-16.1/Cryptlib/Include -I/shim-build/shim-16.1/gnu-efi/inc -I/shim-build/shim-16.1/gnu-efi/inc/aarch64 -I/shim-build/shim-16.1/gnu-efi/inc/protocol -I/shim-build/shim-16.1/Cryptlib/OpenSSL/crypto/asn1 -I/shim-build/shim-16.1/Cryptlib/OpenSSL/crypto/evp -I/shim-build/shim-16.1/Cryptlib/OpenSSL/crypto/modes -I/shim-build/shim-16.1/Cryptlib/OpenSSL/crypto/include -isystem /shim-build/shim-16.1/include/system -isystem /usr/lib/gcc-cross/aarch64-linux-gnu/11/include -DL_ENDIAN -D_CRT_SECURE_NO_DEPRECATE -D_CRT_NONSTDC_NO_DEPRECATE -DOPENSSL_SMALL_FOOTPRINT -DPEDANTIC -DMDE_CPU_AARCH64   -c -o crypto/bn/bn_err.o /shim-build/shim-16.1/Cryptlib/OpenSSL/crypto/bn/bn_err.c
#14 46.80 aarch64-linux-gnu-gcc -std=gnu11 -ggdb -gdwarf-4 -gstrict-dwarf -ffreestanding -fmacro-prefix-map=/shim-build/shim-16.1/= -fno-stack-protector -fno-strict-aliasing -fpic -fshort-wchar -nostdinc -Os -Wall -Wextra -Wno-missing-field-initializers -Wno-empty-body -Wno-implicit-fallthrough -Wno-old-style-declaration -Wno-unused-but-set-variable -Wno-unused-parameter -Werror -Wno-error=unused-but-set-variable -Wno-error=unused-parameter -I/shim-build/shim-16.1/Cryptlib/OpenSSL -I/shim-build/shim-16.1/Cryptlib -I/shim-build/shim-16.1/Cryptlib/OpenSSL/Include/ -I/shim-build/shim-16.1/Cryptlib/OpenSSL/crypto -I/shim-build/shim-16.1/Cryptlib/Include -I/shim-build/shim-16.1/gnu-efi/inc -I/shim-build/shim-16.1/gnu-efi/inc/aarch64 -I/shim-build/shim-16.1/gnu-efi/inc/protocol -I/shim-build/shim-16.1/Cryptlib/OpenSSL/crypto/asn1 -I/shim-build/shim-16.1/Cryptlib/OpenSSL/crypto/evp -I/shim-build/shim-16.1/Cryptlib/OpenSSL/crypto/modes -I/shim-build/shim-16.1/Cryptlib/OpenSSL/crypto/include -isystem /shim-build/shim-16.1/include/system -isystem /usr/lib/gcc-cross/aarch64-linux-gnu/11/include -DL_ENDIAN -D_CRT_SECURE_NO_DEPRECATE -D_CRT_NONSTDC_NO_DEPRECATE -DOPENSSL_SMALL_FOOTPRINT -DPEDANTIC -DMDE_CPU_AARCH64   -c -o crypto/bn/bn_sqr.o /shim-build/shim-16.1/Cryptlib/OpenSSL/crypto/bn/bn_sqr.c
#14 47.28 aarch64-linux-gnu-gcc -std=gnu11 -ggdb -gdwarf-4 -gstrict-dwarf -ffreestanding -fmacro-prefix-map=/shim-build/shim-16.1/= -fno-stack-protector -fno-strict-aliasing -fpic -fshort-wchar -nostdinc -Os -Wall -Wextra -Wno-missing-field-initializers -Wno-empty-body -Wno-implicit-fallthrough -Wno-old-style-declaration -Wno-unused-but-set-variable -Wno-unused-parameter -Werror -Wno-error=unused-but-set-variable -Wno-error=unused-parameter -I/shim-build/shim-16.1/Cryptlib/OpenSSL -I/shim-build/shim-16.1/Cryptlib -I/shim-build/shim-16.1/Cryptlib/OpenSSL/Include/ -I/shim-build/shim-16.1/Cryptlib/OpenSSL/crypto -I/shim-build/shim-16.1/Cryptlib/Include -I/shim-build/shim-16.1/gnu-efi/inc -I/shim-build/shim-16.1/gnu-efi/inc/aarch64 -I/shim-build/shim-16.1/gnu-efi/inc/protocol -I/shim-build/shim-16.1/Cryptlib/OpenSSL/crypto/asn1 -I/shim-build/shim-16.1/Cryptlib/OpenSSL/crypto/evp -I/shim-build/shim-16.1/Cryptlib/OpenSSL/crypto/modes -I/shim-build/shim-16.1/Cryptlib/OpenSSL/crypto/include -isystem /shim-build/shim-16.1/include/system -isystem /usr/lib/gcc-cross/aarch64-linux-gnu/11/include -DL_ENDIAN -D_CRT_SECURE_NO_DEPRECATE -D_CRT_NONSTDC_NO_DEPRECATE -DOPENSSL_SMALL_FOOTPRINT -DPEDANTIC -DMDE_CPU_AARCH64   -c -o crypto/bn/bn_asm.o /shim-build/shim-16.1/Cryptlib/OpenSSL/crypto/bn/bn_asm.c
#14 47.77 aarch64-linux-gnu-gcc -std=gnu11 -ggdb -gdwarf-4 -gstrict-dwarf -ffreestanding -fmacro-prefix-map=/shim-build/shim-16.1/= -fno-stack-protector -fno-strict-aliasing -fpic -fshort-wchar -nostdinc -Os -Wall -Wextra -Wno-missing-field-initializers -Wno-empty-body -Wno-implicit-fallthrough -Wno-old-style-declaration -Wno-unused-but-set-variable -Wno-unused-parameter -Werror -Wno-error=unused-but-set-variable -Wno-error=unused-parameter -I/shim-build/shim-16.1/Cryptlib/OpenSSL -I/shim-build/shim-16.1/Cryptlib -I/shim-build/shim-16.1/Cryptlib/OpenSSL/Include/ -I/shim-build/shim-16.1/Cryptlib/OpenSSL/crypto -I/shim-build/shim-16.1/Cryptlib/Include -I/shim-build/shim-16.1/gnu-efi/inc -I/shim-build/shim-16.1/gnu-efi/inc/aarch64 -I/shim-build/shim-16.1/gnu-efi/inc/protocol -I/shim-build/shim-16.1/Cryptlib/OpenSSL/crypto/asn1 -I/shim-build/shim-16.1/Cryptlib/OpenSSL/crypto/evp -I/shim-build/shim-16.1/Cryptlib/OpenSSL/crypto/modes -I/shim-build/shim-16.1/Cryptlib/OpenSSL/crypto/include -isystem /shim-build/shim-16.1/include/system -isystem /usr/lib/gcc-cross/aarch64-linux-gnu/11/include -DL_ENDIAN -D_CRT_SECURE_NO_DEPRECATE -D_CRT_NONSTDC_NO_DEPRECATE -DOPENSSL_SMALL_FOOTPRINT -DPEDANTIC -DMDE_CPU_AARCH64   -c -o crypto/bn/bn_recp.o /shim-build/shim-16.1/Cryptlib/OpenSSL/crypto/bn/bn_recp.c
#14 48.21 aarch64-linux-gnu-gcc -std=gnu11 -ggdb -gdwarf-4 -gstrict-dwarf -ffreestanding -fmacro-prefix-map=/shim-build/shim-16.1/= -fno-stack-protector -fno-strict-aliasing -fpic -fshort-wchar -nostdinc -Os -Wall -Wextra -Wno-missing-field-initializers -Wno-empty-body -Wno-implicit-fallthrough -Wno-old-style-declaration -Wno-unused-but-set-variable -Wno-unused-parameter -Werror -Wno-error=unused-but-set-variable -Wno-error=unused-parameter -I/shim-build/shim-16.1/Cryptlib/OpenSSL -I/shim-build/shim-16.1/Cryptlib -I/shim-build/shim-16.1/Cryptlib/OpenSSL/Include/ -I/shim-build/shim-16.1/Cryptlib/OpenSSL/crypto -I/shim-build/shim-16.1/Cryptlib/Include -I/shim-build/shim-16.1/gnu-efi/inc -I/shim-build/shim-16.1/gnu-efi/inc/aarch64 -I/shim-build/shim-16.1/gnu-efi/inc/protocol -I/shim-build/shim-16.1/Cryptlib/OpenSSL/crypto/asn1 -I/shim-build/shim-16.1/Cryptlib/OpenSSL/crypto/evp -I/shim-build/shim-16.1/Cryptlib/OpenSSL/crypto/modes -I/shim-build/shim-16.1/Cryptlib/OpenSSL/crypto/include -isystem /shim-build/shim-16.1/include/system -isystem /usr/lib/gcc-cross/aarch64-linux-gnu/11/include -DL_ENDIAN -D_CRT_SECURE_NO_DEPRECATE -D_CRT_NONSTDC_NO_DEPRECATE -DOPENSSL_SMALL_FOOTPRINT -DPEDANTIC -DMDE_CPU_AARCH64   -c -o crypto/bn/bn_mont.o /shim-build/shim-16.1/Cryptlib/OpenSSL/crypto/bn/bn_mont.c
#14 48.73 aarch64-linux-gnu-gcc -std=gnu11 -ggdb -gdwarf-4 -gstrict-dwarf -ffreestanding -fmacro-prefix-map=/shim-build/shim-16.1/= -fno-stack-protector -fno-strict-aliasing -fpic -fshort-wchar -nostdinc -Os -Wall -Wextra -Wno-missing-field-initializers -Wno-empty-body -Wno-implicit-fallthrough -Wno-old-style-declaration -Wno-unused-but-set-variable -Wno-unused-parameter -Werror -Wno-error=unused-but-set-variable -Wno-error=unused-parameter -I/shim-build/shim-16.1/Cryptlib/OpenSSL -I/shim-build/shim-16.1/Cryptlib -I/shim-build/shim-16.1/Cryptlib/OpenSSL/Include/ -I/shim-build/shim-16.1/Cryptlib/OpenSSL/crypto -I/shim-build/shim-16.1/Cryptlib/Include -I/shim-build/shim-16.1/gnu-efi/inc -I/shim-build/shim-16.1/gnu-efi/inc/aarch64 -I/shim-build/shim-16.1/gnu-efi/inc/protocol -I/shim-build/shim-16.1/Cryptlib/OpenSSL/crypto/asn1 -I/shim-build/shim-16.1/Cryptlib/OpenSSL/crypto/evp -I/shim-build/shim-16.1/Cryptlib/OpenSSL/crypto/modes -I/shim-build/shim-16.1/Cryptlib/OpenSSL/crypto/include -isystem /shim-build/shim-16.1/include/system -isystem /usr/lib/gcc-cross/aarch64-linux-gnu/11/include -DL_ENDIAN -D_CRT_SECURE_NO_DEPRECATE -D_CRT_NONSTDC_NO_DEPRECATE -DOPENSSL_SMALL_FOOTPRINT -DPEDANTIC -DMDE_CPU_AARCH64   -c -o crypto/bn/bn_mpi.o /shim-build/shim-16.1/Cryptlib/OpenSSL/crypto/bn/bn_mpi.c
#14 49.14 aarch64-linux-gnu-gcc -std=gnu11 -ggdb -gdwarf-4 -gstrict-dwarf -ffreestanding -fmacro-prefix-map=/shim-build/shim-16.1/= -fno-stack-protector -fno-strict-aliasing -fpic -fshort-wchar -nostdinc -Os -Wall -Wextra -Wno-missing-field-initializers -Wno-empty-body -Wno-implicit-fallthrough -Wno-old-style-declaration -Wno-unused-but-set-variable -Wno-unused-parameter -Werror -Wno-error=unused-but-set-variable -Wno-error=unused-parameter -I/shim-build/shim-16.1/Cryptlib/OpenSSL -I/shim-build/shim-16.1/Cryptlib -I/shim-build/shim-16.1/Cryptlib/OpenSSL/Include/ -I/shim-build/shim-16.1/Cryptlib/OpenSSL/crypto -I/shim-build/shim-16.1/Cryptlib/Include -I/shim-build/shim-16.1/gnu-efi/inc -I/shim-build/shim-16.1/gnu-efi/inc/aarch64 -I/shim-build/shim-16.1/gnu-efi/inc/protocol -I/shim-build/shim-16.1/Cryptlib/OpenSSL/crypto/asn1 -I/shim-build/shim-16.1/Cryptlib/OpenSSL/crypto/evp -I/shim-build/shim-16.1/Cryptlib/OpenSSL/crypto/modes -I/shim-build/shim-16.1/Cryptlib/OpenSSL/crypto/include -isystem /shim-build/shim-16.1/include/system -isystem /usr/lib/gcc-cross/aarch64-linux-gnu/11/include -DL_ENDIAN -D_CRT_SECURE_NO_DEPRECATE -D_CRT_NONSTDC_NO_DEPRECATE -DOPENSSL_SMALL_FOOTPRINT -DPEDANTIC -DMDE_CPU_AARCH64   -c -o crypto/bn/bn_exp2.o /shim-build/shim-16.1/Cryptlib/OpenSSL/crypto/bn/bn_exp2.c
#14 49.62 aarch64-linux-gnu-gcc -std=gnu11 -ggdb -gdwarf-4 -gstrict-dwarf -ffreestanding -fmacro-prefix-map=/shim-build/shim-16.1/= -fno-stack-protector -fno-strict-aliasing -fpic -fshort-wchar -nostdinc -Os -Wall -Wextra -Wno-missing-field-initializers -Wno-empty-body -Wno-implicit-fallthrough -Wno-old-style-declaration -Wno-unused-but-set-variable -Wno-unused-parameter -Werror -Wno-error=unused-but-set-variable -Wno-error=unused-parameter -I/shim-build/shim-16.1/Cryptlib/OpenSSL -I/shim-build/shim-16.1/Cryptlib -I/shim-build/shim-16.1/Cryptlib/OpenSSL/Include/ -I/shim-build/shim-16.1/Cryptlib/OpenSSL/crypto -I/shim-build/shim-16.1/Cryptlib/Include -I/shim-build/shim-16.1/gnu-efi/inc -I/shim-build/shim-16.1/gnu-efi/inc/aarch64 -I/shim-build/shim-16.1/gnu-efi/inc/protocol -I/shim-build/shim-16.1/Cryptlib/OpenSSL/crypto/asn1 -I/shim-build/shim-16.1/Cryptlib/OpenSSL/crypto/evp -I/shim-build/shim-16.1/Cryptlib/OpenSSL/crypto/modes -I/shim-build/shim-16.1/Cryptlib/OpenSSL/crypto/include -isystem /shim-build/shim-16.1/include/system -isystem /usr/lib/gcc-cross/aarch64-linux-gnu/11/include -DL_ENDIAN -D_CRT_SECURE_NO_DEPRECATE -D_CRT_NONSTDC_NO_DEPRECATE -DOPENSSL_SMALL_FOOTPRINT -DPEDANTIC -DMDE_CPU_AARCH64   -c -o crypto/bn/bn_gf2m.o /shim-build/shim-16.1/Cryptlib/OpenSSL/crypto/bn/bn_gf2m.c
#14 50.30 aarch64-linux-gnu-gcc -std=gnu11 -ggdb -gdwarf-4 -gstrict-dwarf -ffreestanding -fmacro-prefix-map=/shim-build/shim-16.1/= -fno-stack-protector -fno-strict-aliasing -fpic -fshort-wchar -nostdinc -Os -Wall -Wextra -Wno-missing-field-initializers -Wno-empty-body -Wno-implicit-fallthrough -Wno-old-style-declaration -Wno-unused-but-set-variable -Wno-unused-parameter -Werror -Wno-error=unused-but-set-variable -Wno-error=unused-parameter -I/shim-build/shim-16.1/Cryptlib/OpenSSL -I/shim-build/shim-16.1/Cryptlib -I/shim-build/shim-16.1/Cryptlib/OpenSSL/Include/ -I/shim-build/shim-16.1/Cryptlib/OpenSSL/crypto -I/shim-build/shim-16.1/Cryptlib/Include -I/shim-build/shim-16.1/gnu-efi/inc -I/shim-build/shim-16.1/gnu-efi/inc/aarch64 -I/shim-build/shim-16.1/gnu-efi/inc/protocol -I/shim-build/shim-16.1/Cryptlib/OpenSSL/crypto/asn1 -I/shim-build/shim-16.1/Cryptlib/OpenSSL/crypto/evp -I/shim-build/shim-16.1/Cryptlib/OpenSSL/crypto/modes -I/shim-build/shim-16.1/Cryptlib/OpenSSL/crypto/include -isystem /shim-build/shim-16.1/include/system -isystem /usr/lib/gcc-cross/aarch64-linux-gnu/11/include -DL_ENDIAN -D_CRT_SECURE_NO_DEPRECATE -D_CRT_NONSTDC_NO_DEPRECATE -DOPENSSL_SMALL_FOOTPRINT -DPEDANTIC -DMDE_CPU_AARCH64   -c -o crypto/bn/bn_nist.o /shim-build/shim-16.1/Cryptlib/OpenSSL/crypto/bn/bn_nist.c
#14 50.87 aarch64-linux-gnu-gcc -std=gnu11 -ggdb -gdwarf-4 -gstrict-dwarf -ffreestanding -fmacro-prefix-map=/shim-build/shim-16.1/= -fno-stack-protector -fno-strict-aliasing -fpic -fshort-wchar -nostdinc -Os -Wall -Wextra -Wno-missing-field-initializers -Wno-empty-body -Wno-implicit-fallthrough -Wno-old-style-declaration -Wno-unused-but-set-variable -Wno-unused-parameter -Werror -Wno-error=unused-but-set-variable -Wno-error=unused-parameter -I/shim-build/shim-16.1/Cryptlib/OpenSSL -I/shim-build/shim-16.1/Cryptlib -I/shim-build/shim-16.1/Cryptlib/OpenSSL/Include/ -I/shim-build/shim-16.1/Cryptlib/OpenSSL/crypto -I/shim-build/shim-16.1/Cryptlib/Include -I/shim-build/shim-16.1/gnu-efi/inc -I/shim-build/shim-16.1/gnu-efi/inc/aarch64 -I/shim-build/shim-16.1/gnu-efi/inc/protocol -I/shim-build/shim-16.1/Cryptlib/OpenSSL/crypto/asn1 -I/shim-build/shim-16.1/Cryptlib/OpenSSL/crypto/evp -I/shim-build/shim-16.1/Cryptlib/OpenSSL/crypto/modes -I/shim-build/shim-16.1/Cryptlib/OpenSSL/crypto/include -isystem /shim-build/shim-16.1/include/system -isystem /usr/lib/gcc-cross/aarch64-linux-gnu/11/include -DL_ENDIAN -D_CRT_SECURE_NO_DEPRECATE -D_CRT_NONSTDC_NO_DEPRECATE -DOPENSSL_SMALL_FOOTPRINT -DPEDANTIC -DMDE_CPU_AARCH64   -c -o crypto/bn/bn_depr.o /shim-build/shim-16.1/Cryptlib/OpenSSL/crypto/bn/bn_depr.c
#14 51.02 aarch64-linux-gnu-gcc -std=gnu11 -ggdb -gdwarf-4 -gstrict-dwarf -ffreestanding -fmacro-prefix-map=/shim-build/shim-16.1/= -fno-stack-protector -fno-strict-aliasing -fpic -fshort-wchar -nostdinc -Os -Wall -Wextra -Wno-missing-field-initializers -Wno-empty-body -Wno-implicit-fallthrough -Wno-old-style-declaration -Wno-unused-but-set-variable -Wno-unused-parameter -Werror -Wno-error=unused-but-set-variable -Wno-error=unused-parameter -I/shim-build/shim-16.1/Cryptlib/OpenSSL -I/shim-build/shim-16.1/Cryptlib -I/shim-build/shim-16.1/Cryptlib/OpenSSL/Include/ -I/shim-build/shim-16.1/Cryptlib/OpenSSL/crypto -I/shim-build/shim-16.1/Cryptlib/Include -I/shim-build/shim-16.1/gnu-efi/inc -I/shim-build/shim-16.1/gnu-efi/inc/aarch64 -I/shim-build/shim-16.1/gnu-efi/inc/protocol -I/shim-build/shim-16.1/Cryptlib/OpenSSL/crypto/asn1 -I/shim-build/shim-16.1/Cryptlib/OpenSSL/crypto/evp -I/shim-build/shim-16.1/Cryptlib/OpenSSL/crypto/modes -I/shim-build/shim-16.1/Cryptlib/OpenSSL/crypto/include -isystem /shim-build/shim-16.1/include/system -isystem /usr/lib/gcc-cross/aarch64-linux-gnu/11/include -DL_ENDIAN -D_CRT_SECURE_NO_DEPRECATE -D_CRT_NONSTDC_NO_DEPRECATE -DOPENSSL_SMALL_FOOTPRINT -DPEDANTIC -DMDE_CPU_AARCH64   -c -o crypto/bn/bn_x931p.o /shim-build/shim-16.1/Cryptlib/OpenSSL/crypto/bn/bn_x931p.c
#14 51.46 aarch64-linux-gnu-gcc -std=gnu11 -ggdb -gdwarf-4 -gstrict-dwarf -ffreestanding -fmacro-prefix-map=/shim-build/shim-16.1/= -fno-stack-protector -fno-strict-aliasing -fpic -fshort-wchar -nostdinc -Os -Wall -Wextra -Wno-missing-field-initializers -Wno-empty-body -Wno-implicit-fallthrough -Wno-old-style-declaration -Wno-unused-but-set-variable -Wno-unused-parameter -Werror -Wno-error=unused-but-set-variable -Wno-error=unused-parameter -I/shim-build/shim-16.1/Cryptlib/OpenSSL -I/shim-build/shim-16.1/Cryptlib -I/shim-build/shim-16.1/Cryptlib/OpenSSL/Include/ -I/shim-build/shim-16.1/Cryptlib/OpenSSL/crypto -I/shim-build/shim-16.1/Cryptlib/Include -I/shim-build/shim-16.1/gnu-efi/inc -I/shim-build/shim-16.1/gnu-efi/inc/aarch64 -I/shim-build/shim-16.1/gnu-efi/inc/protocol -I/shim-build/shim-16.1/Cryptlib/OpenSSL/crypto/asn1 -I/shim-build/shim-16.1/Cryptlib/OpenSSL/crypto/evp -I/shim-build/shim-16.1/Cryptlib/OpenSSL/crypto/modes -I/shim-build/shim-16.1/Cryptlib/OpenSSL/crypto/include -isystem /shim-build/shim-16.1/include/system -isystem /usr/lib/gcc-cross/aarch64-linux-gnu/11/include -DL_ENDIAN -D_CRT_SECURE_NO_DEPRECATE -D_CRT_NONSTDC_NO_DEPRECATE -DOPENSSL_SMALL_FOOTPRINT -DPEDANTIC -DMDE_CPU_AARCH64   -c -o crypto/bn/bn_const.o /shim-build/shim-16.1/Cryptlib/OpenSSL/crypto/bn/bn_const.c
#14 51.77 aarch64-linux-gnu-gcc -std=gnu11 -ggdb -gdwarf-4 -gstrict-dwarf -ffreestanding -fmacro-prefix-map=/shim-build/shim-16.1/= -fno-stack-protector -fno-strict-aliasing -fpic -fshort-wchar -nostdinc -Os -Wall -Wextra -Wno-missing-field-initializers -Wno-empty-body -Wno-implicit-fallthrough -Wno-old-style-declaration -Wno-unused-but-set-variable -Wno-unused-parameter -Werror -Wno-error=unused-but-set-variable -Wno-error=unused-parameter -I/shim-build/shim-16.1/Cryptlib/OpenSSL -I/shim-build/shim-16.1/Cryptlib -I/shim-build/shim-16.1/Cryptlib/OpenSSL/Include/ -I/shim-build/shim-16.1/Cryptlib/OpenSSL/crypto -I/shim-build/shim-16.1/Cryptlib/Include -I/shim-build/shim-16.1/gnu-efi/inc -I/shim-build/shim-16.1/gnu-efi/inc/aarch64 -I/shim-build/shim-16.1/gnu-efi/inc/protocol -I/shim-build/shim-16.1/Cryptlib/OpenSSL/crypto/asn1 -I/shim-build/shim-16.1/Cryptlib/OpenSSL/crypto/evp -I/shim-build/shim-16.1/Cryptlib/OpenSSL/crypto/modes -I/shim-build/shim-16.1/Cryptlib/OpenSSL/crypto/include -isystem /shim-build/shim-16.1/include/system -isystem /usr/lib/gcc-cross/aarch64-linux-gnu/11/include -DL_ENDIAN -D_CRT_SECURE_NO_DEPRECATE -D_CRT_NONSTDC_NO_DEPRECATE -DOPENSSL_SMALL_FOOTPRINT -DPEDANTIC -DMDE_CPU_AARCH64   -c -o crypto/rsa/rsa_eay.o /shim-build/shim-16.1/Cryptlib/OpenSSL/crypto/rsa/rsa_eay.c
#14 52.34 aarch64-linux-gnu-gcc -std=gnu11 -ggdb -gdwarf-4 -gstrict-dwarf -ffreestanding -fmacro-prefix-map=/shim-build/shim-16.1/= -fno-stack-protector -fno-strict-aliasing -fpic -fshort-wchar -nostdinc -Os -Wall -Wextra -Wno-missing-field-initializers -Wno-empty-body -Wno-implicit-fallthrough -Wno-old-style-declaration -Wno-unused-but-set-variable -Wno-unused-parameter -Werror -Wno-error=unused-but-set-variable -Wno-error=unused-parameter -I/shim-build/shim-16.1/Cryptlib/OpenSSL -I/shim-build/shim-16.1/Cryptlib -I/shim-build/shim-16.1/Cryptlib/OpenSSL/Include/ -I/shim-build/shim-16.1/Cryptlib/OpenSSL/crypto -I/shim-build/shim-16.1/Cryptlib/Include -I/shim-build/shim-16.1/gnu-efi/inc -I/shim-build/shim-16.1/gnu-efi/inc/aarch64 -I/shim-build/shim-16.1/gnu-efi/inc/protocol -I/shim-build/shim-16.1/Cryptlib/OpenSSL/crypto/asn1 -I/shim-build/shim-16.1/Cryptlib/OpenSSL/crypto/evp -I/shim-build/shim-16.1/Cryptlib/OpenSSL/crypto/modes -I/shim-build/shim-16.1/Cryptlib/OpenSSL/crypto/include -isystem /shim-build/shim-16.1/include/system -isystem /usr/lib/gcc-cross/aarch64-linux-gnu/11/include -DL_ENDIAN -D_CRT_SECURE_NO_DEPRECATE -D_CRT_NONSTDC_NO_DEPRECATE -DOPENSSL_SMALL_FOOTPRINT -DPEDANTIC -DMDE_CPU_AARCH64   -c -o crypto/rsa/rsa_gen.o /shim-build/shim-16.1/Cryptlib/OpenSSL/crypto/rsa/rsa_gen.c
#14 52.80 aarch64-linux-gnu-gcc -std=gnu11 -ggdb -gdwarf-4 -gstrict-dwarf -ffreestanding -fmacro-prefix-map=/shim-build/shim-16.1/= -fno-stack-protector -fno-strict-aliasing -fpic -fshort-wchar -nostdinc -Os -Wall -Wextra -Wno-missing-field-initializers -Wno-empty-body -Wno-implicit-fallthrough -Wno-old-style-declaration -Wno-unused-but-set-variable -Wno-unused-parameter -Werror -Wno-error=unused-but-set-variable -Wno-error=unused-parameter -I/shim-build/shim-16.1/Cryptlib/OpenSSL -I/shim-build/shim-16.1/Cryptlib -I/shim-build/shim-16.1/Cryptlib/OpenSSL/Include/ -I/shim-build/shim-16.1/Cryptlib/OpenSSL/crypto -I/shim-build/shim-16.1/Cryptlib/Include -I/shim-build/shim-16.1/gnu-efi/inc -I/shim-build/shim-16.1/gnu-efi/inc/aarch64 -I/shim-build/shim-16.1/gnu-efi/inc/protocol -I/shim-build/shim-16.1/Cryptlib/OpenSSL/crypto/asn1 -I/shim-build/shim-16.1/Cryptlib/OpenSSL/crypto/evp -I/shim-build/shim-16.1/Cryptlib/OpenSSL/crypto/modes -I/shim-build/shim-16.1/Cryptlib/OpenSSL/crypto/include -isystem /shim-build/shim-16.1/include/system -isystem /usr/lib/gcc-cross/aarch64-linux-gnu/11/include -DL_ENDIAN -D_CRT_SECURE_NO_DEPRECATE -D_CRT_NONSTDC_NO_DEPRECATE -DOPENSSL_SMALL_FOOTPRINT -DPEDANTIC -DMDE_CPU_AARCH64   -c -o crypto/rsa/rsa_lib.o /shim-build/shim-16.1/Cryptlib/OpenSSL/crypto/rsa/rsa_lib.c
#14 53.26 aarch64-linux-gnu-gcc -std=gnu11 -ggdb -gdwarf-4 -gstrict-dwarf -ffreestanding -fmacro-prefix-map=/shim-build/shim-16.1/= -fno-stack-protector -fno-strict-aliasing -fpic -fshort-wchar -nostdinc -Os -Wall -Wextra -Wno-missing-field-initializers -Wno-empty-body -Wno-implicit-fallthrough -Wno-old-style-declaration -Wno-unused-but-set-variable -Wno-unused-parameter -Werror -Wno-error=unused-but-set-variable -Wno-error=unused-parameter -I/shim-build/shim-16.1/Cryptlib/OpenSSL -I/shim-build/shim-16.1/Cryptlib -I/shim-build/shim-16.1/Cryptlib/OpenSSL/Include/ -I/shim-build/shim-16.1/Cryptlib/OpenSSL/crypto -I/shim-build/shim-16.1/Cryptlib/Include -I/shim-build/shim-16.1/gnu-efi/inc -I/shim-build/shim-16.1/gnu-efi/inc/aarch64 -I/shim-build/shim-16.1/gnu-efi/inc/protocol -I/shim-build/shim-16.1/Cryptlib/OpenSSL/crypto/asn1 -I/shim-build/shim-16.1/Cryptlib/OpenSSL/crypto/evp -I/shim-build/shim-16.1/Cryptlib/OpenSSL/crypto/modes -I/shim-build/shim-16.1/Cryptlib/OpenSSL/crypto/include -isystem /shim-build/shim-16.1/include/system -isystem /usr/lib/gcc-cross/aarch64-linux-gnu/11/include -DL_ENDIAN -D_CRT_SECURE_NO_DEPRECATE -D_CRT_NONSTDC_NO_DEPRECATE -DOPENSSL_SMALL_FOOTPRINT -DPEDANTIC -DMDE_CPU_AARCH64   -c -o crypto/rsa/rsa_sign.o /shim-build/shim-16.1/Cryptlib/OpenSSL/crypto/rsa/rsa_sign.c
#14 53.72 aarch64-linux-gnu-gcc -std=gnu11 -ggdb -gdwarf-4 -gstrict-dwarf -ffreestanding -fmacro-prefix-map=/shim-build/shim-16.1/= -fno-stack-protector -fno-strict-aliasing -fpic -fshort-wchar -nostdinc -Os -Wall -Wextra -Wno-missing-field-initializers -Wno-empty-body -Wno-implicit-fallthrough -Wno-old-style-declaration -Wno-unused-but-set-variable -Wno-unused-parameter -Werror -Wno-error=unused-but-set-variable -Wno-error=unused-parameter -I/shim-build/shim-16.1/Cryptlib/OpenSSL -I/shim-build/shim-16.1/Cryptlib -I/shim-build/shim-16.1/Cryptlib/OpenSSL/Include/ -I/shim-build/shim-16.1/Cryptlib/OpenSSL/crypto -I/shim-build/shim-16.1/Cryptlib/Include -I/shim-build/shim-16.1/gnu-efi/inc -I/shim-build/shim-16.1/gnu-efi/inc/aarch64 -I/shim-build/shim-16.1/gnu-efi/inc/protocol -I/shim-build/shim-16.1/Cryptlib/OpenSSL/crypto/asn1 -I/shim-build/shim-16.1/Cryptlib/OpenSSL/crypto/evp -I/shim-build/shim-16.1/Cryptlib/OpenSSL/crypto/modes -I/shim-build/shim-16.1/Cryptlib/OpenSSL/crypto/include -isystem /shim-build/shim-16.1/include/system -isystem /usr/lib/gcc-cross/aarch64-linux-gnu/11/include -DL_ENDIAN -D_CRT_SECURE_NO_DEPRECATE -D_CRT_NONSTDC_NO_DEPRECATE -DOPENSSL_SMALL_FOOTPRINT -DPEDANTIC -DMDE_CPU_AARCH64   -c -o crypto/rsa/rsa_saos.o /shim-build/shim-16.1/Cryptlib/OpenSSL/crypto/rsa/rsa_saos.c
#14 54.12 aarch64-linux-gnu-gcc -std=gnu11 -ggdb -gdwarf-4 -gstrict-dwarf -ffreestanding -fmacro-prefix-map=/shim-build/shim-16.1/= -fno-stack-protector -fno-strict-aliasing -fpic -fshort-wchar -nostdinc -Os -Wall -Wextra -Wno-missing-field-initializers -Wno-empty-body -Wno-implicit-fallthrough -Wno-old-style-declaration -Wno-unused-but-set-variable -Wno-unused-parameter -Werror -Wno-error=unused-but-set-variable -Wno-error=unused-parameter -I/shim-build/shim-16.1/Cryptlib/OpenSSL -I/shim-build/shim-16.1/Cryptlib -I/shim-build/shim-16.1/Cryptlib/OpenSSL/Include/ -I/shim-build/shim-16.1/Cryptlib/OpenSSL/crypto -I/shim-build/shim-16.1/Cryptlib/Include -I/shim-build/shim-16.1/gnu-efi/inc -I/shim-build/shim-16.1/gnu-efi/inc/aarch64 -I/shim-build/shim-16.1/gnu-efi/inc/protocol -I/shim-build/shim-16.1/Cryptlib/OpenSSL/crypto/asn1 -I/shim-build/shim-16.1/Cryptlib/OpenSSL/crypto/evp -I/shim-build/shim-16.1/Cryptlib/OpenSSL/crypto/modes -I/shim-build/shim-16.1/Cryptlib/OpenSSL/crypto/include -isystem /shim-build/shim-16.1/include/system -isystem /usr/lib/gcc-cross/aarch64-linux-gnu/11/include -DL_ENDIAN -D_CRT_SECURE_NO_DEPRECATE -D_CRT_NONSTDC_NO_DEPRECATE -DOPENSSL_SMALL_FOOTPRINT -DPEDANTIC -DMDE_CPU_AARCH64   -c -o crypto/rsa/rsa_err.o /shim-build/shim-16.1/Cryptlib/OpenSSL/crypto/rsa/rsa_err.c
#14 54.37 aarch64-linux-gnu-gcc -std=gnu11 -ggdb -gdwarf-4 -gstrict-dwarf -ffreestanding -fmacro-prefix-map=/shim-build/shim-16.1/= -fno-stack-protector -fno-strict-aliasing -fpic -fshort-wchar -nostdinc -Os -Wall -Wextra -Wno-missing-field-initializers -Wno-empty-body -Wno-implicit-fallthrough -Wno-old-style-declaration -Wno-unused-but-set-variable -Wno-unused-parameter -Werror -Wno-error=unused-but-set-variable -Wno-error=unused-parameter -I/shim-build/shim-16.1/Cryptlib/OpenSSL -I/shim-build/shim-16.1/Cryptlib -I/shim-build/shim-16.1/Cryptlib/OpenSSL/Include/ -I/shim-build/shim-16.1/Cryptlib/OpenSSL/crypto -I/shim-build/shim-16.1/Cryptlib/Include -I/shim-build/shim-16.1/gnu-efi/inc -I/shim-build/shim-16.1/gnu-efi/inc/aarch64 -I/shim-build/shim-16.1/gnu-efi/inc/protocol -I/shim-build/shim-16.1/Cryptlib/OpenSSL/crypto/asn1 -I/shim-build/shim-16.1/Cryptlib/OpenSSL/crypto/evp -I/shim-build/shim-16.1/Cryptlib/OpenSSL/crypto/modes -I/shim-build/shim-16.1/Cryptlib/OpenSSL/crypto/include -isystem /shim-build/shim-16.1/include/system -isystem /usr/lib/gcc-cross/aarch64-linux-gnu/11/include -DL_ENDIAN -D_CRT_SECURE_NO_DEPRECATE -D_CRT_NONSTDC_NO_DEPRECATE -DOPENSSL_SMALL_FOOTPRINT -DPEDANTIC -DMDE_CPU_AARCH64   -c -o crypto/rsa/rsa_pk1.o /shim-build/shim-16.1/Cryptlib/OpenSSL/crypto/rsa/rsa_pk1.c
#14 54.84 aarch64-linux-gnu-gcc -std=gnu11 -ggdb -gdwarf-4 -gstrict-dwarf -ffreestanding -fmacro-prefix-map=/shim-build/shim-16.1/= -fno-stack-protector -fno-strict-aliasing -fpic -fshort-wchar -nostdinc -Os -Wall -Wextra -Wno-missing-field-initializers -Wno-empty-body -Wno-implicit-fallthrough -Wno-old-style-declaration -Wno-unused-but-set-variable -Wno-unused-parameter -Werror -Wno-error=unused-but-set-variable -Wno-error=unused-parameter -I/shim-build/shim-16.1/Cryptlib/OpenSSL -I/shim-build/shim-16.1/Cryptlib -I/shim-build/shim-16.1/Cryptlib/OpenSSL/Include/ -I/shim-build/shim-16.1/Cryptlib/OpenSSL/crypto -I/shim-build/shim-16.1/Cryptlib/Include -I/shim-build/shim-16.1/gnu-efi/inc -I/shim-build/shim-16.1/gnu-efi/inc/aarch64 -I/shim-build/shim-16.1/gnu-efi/inc/protocol -I/shim-build/shim-16.1/Cryptlib/OpenSSL/crypto/asn1 -I/shim-build/shim-16.1/Cryptlib/OpenSSL/crypto/evp -I/shim-build/shim-16.1/Cryptlib/OpenSSL/crypto/modes -I/shim-build/shim-16.1/Cryptlib/OpenSSL/crypto/include -isystem /shim-build/shim-16.1/include/system -isystem /usr/lib/gcc-cross/aarch64-linux-gnu/11/include -DL_ENDIAN -D_CRT_SECURE_NO_DEPRECATE -D_CRT_NONSTDC_NO_DEPRECATE -DOPENSSL_SMALL_FOOTPRINT -DPEDANTIC -DMDE_CPU_AARCH64   -c -o crypto/rsa/rsa_ssl.o /shim-build/shim-16.1/Cryptlib/OpenSSL/crypto/rsa/rsa_ssl.c
#14 55.28 aarch64-linux-gnu-gcc -std=gnu11 -ggdb -gdwarf-4 -gstrict-dwarf -ffreestanding -fmacro-prefix-map=/shim-build/shim-16.1/= -fno-stack-protector -fno-strict-aliasing -fpic -fshort-wchar -nostdinc -Os -Wall -Wextra -Wno-missing-field-initializers -Wno-empty-body -Wno-implicit-fallthrough -Wno-old-style-declaration -Wno-unused-but-set-variable -Wno-unused-parameter -Werror -Wno-error=unused-but-set-variable -Wno-error=unused-parameter -I/shim-build/shim-16.1/Cryptlib/OpenSSL -I/shim-build/shim-16.1/Cryptlib -I/shim-build/shim-16.1/Cryptlib/OpenSSL/Include/ -I/shim-build/shim-16.1/Cryptlib/OpenSSL/crypto -I/shim-build/shim-16.1/Cryptlib/Include -I/shim-build/shim-16.1/gnu-efi/inc -I/shim-build/shim-16.1/gnu-efi/inc/aarch64 -I/shim-build/shim-16.1/gnu-efi/inc/protocol -I/shim-build/shim-16.1/Cryptlib/OpenSSL/crypto/asn1 -I/shim-build/shim-16.1/Cryptlib/OpenSSL/crypto/evp -I/shim-build/shim-16.1/Cryptlib/OpenSSL/crypto/modes -I/shim-build/shim-16.1/Cryptlib/OpenSSL/crypto/include -isystem /shim-build/shim-16.1/include/system -isystem /usr/lib/gcc-cross/aarch64-linux-gnu/11/include -DL_ENDIAN -D_CRT_SECURE_NO_DEPRECATE -D_CRT_NONSTDC_NO_DEPRECATE -DOPENSSL_SMALL_FOOTPRINT -DPEDANTIC -DMDE_CPU_AARCH64   -c -o crypto/rsa/rsa_none.o /shim-build/shim-16.1/Cryptlib/OpenSSL/crypto/rsa/rsa_none.c
#14 55.63 aarch64-linux-gnu-gcc -std=gnu11 -ggdb -gdwarf-4 -gstrict-dwarf -ffreestanding -fmacro-prefix-map=/shim-build/shim-16.1/= -fno-stack-protector -fno-strict-aliasing -fpic -fshort-wchar -nostdinc -Os -Wall -Wextra -Wno-missing-field-initializers -Wno-empty-body -Wno-implicit-fallthrough -Wno-old-style-declaration -Wno-unused-but-set-variable -Wno-unused-parameter -Werror -Wno-error=unused-but-set-variable -Wno-error=unused-parameter -I/shim-build/shim-16.1/Cryptlib/OpenSSL -I/shim-build/shim-16.1/Cryptlib -I/shim-build/shim-16.1/Cryptlib/OpenSSL/Include/ -I/shim-build/shim-16.1/Cryptlib/OpenSSL/crypto -I/shim-build/shim-16.1/Cryptlib/Include -I/shim-build/shim-16.1/gnu-efi/inc -I/shim-build/shim-16.1/gnu-efi/inc/aarch64 -I/shim-build/shim-16.1/gnu-efi/inc/protocol -I/shim-build/shim-16.1/Cryptlib/OpenSSL/crypto/asn1 -I/shim-build/shim-16.1/Cryptlib/OpenSSL/crypto/evp -I/shim-build/shim-16.1/Cryptlib/OpenSSL/crypto/modes -I/shim-build/shim-16.1/Cryptlib/OpenSSL/crypto/include -isystem /shim-build/shim-16.1/include/system -isystem /usr/lib/gcc-cross/aarch64-linux-gnu/11/include -DL_ENDIAN -D_CRT_SECURE_NO_DEPRECATE -D_CRT_NONSTDC_NO_DEPRECATE -DOPENSSL_SMALL_FOOTPRINT -DPEDANTIC -DMDE_CPU_AARCH64   -c -o crypto/rsa/rsa_oaep.o /shim-build/shim-16.1/Cryptlib/OpenSSL/crypto/rsa/rsa_oaep.c
#14 56.14 aarch64-linux-gnu-gcc -std=gnu11 -ggdb -gdwarf-4 -gstrict-dwarf -ffreestanding -fmacro-prefix-map=/shim-build/shim-16.1/= -fno-stack-protector -fno-strict-aliasing -fpic -fshort-wchar -nostdinc -Os -Wall -Wextra -Wno-missing-field-initializers -Wno-empty-body -Wno-implicit-fallthrough -Wno-old-style-declaration -Wno-unused-but-set-variable -Wno-unused-parameter -Werror -Wno-error=unused-but-set-variable -Wno-error=unused-parameter -I/shim-build/shim-16.1/Cryptlib/OpenSSL -I/shim-build/shim-16.1/Cryptlib -I/shim-build/shim-16.1/Cryptlib/OpenSSL/Include/ -I/shim-build/shim-16.1/Cryptlib/OpenSSL/crypto -I/shim-build/shim-16.1/Cryptlib/Include -I/shim-build/shim-16.1/gnu-efi/inc -I/shim-build/shim-16.1/gnu-efi/inc/aarch64 -I/shim-build/shim-16.1/gnu-efi/inc/protocol -I/shim-build/shim-16.1/Cryptlib/OpenSSL/crypto/asn1 -I/shim-build/shim-16.1/Cryptlib/OpenSSL/crypto/evp -I/shim-build/shim-16.1/Cryptlib/OpenSSL/crypto/modes -I/shim-build/shim-16.1/Cryptlib/OpenSSL/crypto/include -isystem /shim-build/shim-16.1/include/system -isystem /usr/lib/gcc-cross/aarch64-linux-gnu/11/include -DL_ENDIAN -D_CRT_SECURE_NO_DEPRECATE -D_CRT_NONSTDC_NO_DEPRECATE -DOPENSSL_SMALL_FOOTPRINT -DPEDANTIC -DMDE_CPU_AARCH64   -c -o crypto/rsa/rsa_chk.o /shim-build/shim-16.1/Cryptlib/OpenSSL/crypto/rsa/rsa_chk.c
#14 56.52 aarch64-linux-gnu-gcc -std=gnu11 -ggdb -gdwarf-4 -gstrict-dwarf -ffreestanding -fmacro-prefix-map=/shim-build/shim-16.1/= -fno-stack-protector -fno-strict-aliasing -fpic -fshort-wchar -nostdinc -Os -Wall -Wextra -Wno-missing-field-initializers -Wno-empty-body -Wno-implicit-fallthrough -Wno-old-style-declaration -Wno-unused-but-set-variable -Wno-unused-parameter -Werror -Wno-error=unused-but-set-variable -Wno-error=unused-parameter -I/shim-build/shim-16.1/Cryptlib/OpenSSL -I/shim-build/shim-16.1/Cryptlib -I/shim-build/shim-16.1/Cryptlib/OpenSSL/Include/ -I/shim-build/shim-16.1/Cryptlib/OpenSSL/crypto -I/shim-build/shim-16.1/Cryptlib/Include -I/shim-build/shim-16.1/gnu-efi/inc -I/shim-build/shim-16.1/gnu-efi/inc/aarch64 -I/shim-build/shim-16.1/gnu-efi/inc/protocol -I/shim-build/shim-16.1/Cryptlib/OpenSSL/crypto/asn1 -I/shim-build/shim-16.1/Cryptlib/OpenSSL/crypto/evp -I/shim-build/shim-16.1/Cryptlib/OpenSSL/crypto/modes -I/shim-build/shim-16.1/Cryptlib/OpenSSL/crypto/include -isystem /shim-build/shim-16.1/include/system -isystem /usr/lib/gcc-cross/aarch64-linux-gnu/11/include -DL_ENDIAN -D_CRT_SECURE_NO_DEPRECATE -D_CRT_NONSTDC_NO_DEPRECATE -DOPENSSL_SMALL_FOOTPRINT -DPEDANTIC -DMDE_CPU_AARCH64   -c -o crypto/rsa/rsa_null.o /shim-build/shim-16.1/Cryptlib/OpenSSL/crypto/rsa/rsa_null.c
#14 56.84 aarch64-linux-gnu-gcc -std=gnu11 -ggdb -gdwarf-4 -gstrict-dwarf -ffreestanding -fmacro-prefix-map=/shim-build/shim-16.1/= -fno-stack-protector -fno-strict-aliasing -fpic -fshort-wchar -nostdinc -Os -Wall -Wextra -Wno-missing-field-initializers -Wno-empty-body -Wno-implicit-fallthrough -Wno-old-style-declaration -Wno-unused-but-set-variable -Wno-unused-parameter -Werror -Wno-error=unused-but-set-variable -Wno-error=unused-parameter -I/shim-build/shim-16.1/Cryptlib/OpenSSL -I/shim-build/shim-16.1/Cryptlib -I/shim-build/shim-16.1/Cryptlib/OpenSSL/Include/ -I/shim-build/shim-16.1/Cryptlib/OpenSSL/crypto -I/shim-build/shim-16.1/Cryptlib/Include -I/shim-build/shim-16.1/gnu-efi/inc -I/shim-build/shim-16.1/gnu-efi/inc/aarch64 -I/shim-build/shim-16.1/gnu-efi/inc/protocol -I/shim-build/shim-16.1/Cryptlib/OpenSSL/crypto/asn1 -I/shim-build/shim-16.1/Cryptlib/OpenSSL/crypto/evp -I/shim-build/shim-16.1/Cryptlib/OpenSSL/crypto/modes -I/shim-build/shim-16.1/Cryptlib/OpenSSL/crypto/include -isystem /shim-build/shim-16.1/include/system -isystem /usr/lib/gcc-cross/aarch64-linux-gnu/11/include -DL_ENDIAN -D_CRT_SECURE_NO_DEPRECATE -D_CRT_NONSTDC_NO_DEPRECATE -DOPENSSL_SMALL_FOOTPRINT -DPEDANTIC -DMDE_CPU_AARCH64   -c -o crypto/rsa/rsa_pss.o /shim-build/shim-16.1/Cryptlib/OpenSSL/crypto/rsa/rsa_pss.c
#14 57.33 aarch64-linux-gnu-gcc -std=gnu11 -ggdb -gdwarf-4 -gstrict-dwarf -ffreestanding -fmacro-prefix-map=/shim-build/shim-16.1/= -fno-stack-protector -fno-strict-aliasing -fpic -fshort-wchar -nostdinc -Os -Wall -Wextra -Wno-missing-field-initializers -Wno-empty-body -Wno-implicit-fallthrough -Wno-old-style-declaration -Wno-unused-but-set-variable -Wno-unused-parameter -Werror -Wno-error=unused-but-set-variable -Wno-error=unused-parameter -I/shim-build/shim-16.1/Cryptlib/OpenSSL -I/shim-build/shim-16.1/Cryptlib -I/shim-build/shim-16.1/Cryptlib/OpenSSL/Include/ -I/shim-build/shim-16.1/Cryptlib/OpenSSL/crypto -I/shim-build/shim-16.1/Cryptlib/Include -I/shim-build/shim-16.1/gnu-efi/inc -I/shim-build/shim-16.1/gnu-efi/inc/aarch64 -I/shim-build/shim-16.1/gnu-efi/inc/protocol -I/shim-build/shim-16.1/Cryptlib/OpenSSL/crypto/asn1 -I/shim-build/shim-16.1/Cryptlib/OpenSSL/crypto/evp -I/shim-build/shim-16.1/Cryptlib/OpenSSL/crypto/modes -I/shim-build/shim-16.1/Cryptlib/OpenSSL/crypto/include -isystem /shim-build/shim-16.1/include/system -isystem /usr/lib/gcc-cross/aarch64-linux-gnu/11/include -DL_ENDIAN -D_CRT_SECURE_NO_DEPRECATE -D_CRT_NONSTDC_NO_DEPRECATE -DOPENSSL_SMALL_FOOTPRINT -DPEDANTIC -DMDE_CPU_AARCH64   -c -o crypto/rsa/rsa_x931.o /shim-build/shim-16.1/Cryptlib/OpenSSL/crypto/rsa/rsa_x931.c
#14 57.75 aarch64-linux-gnu-gcc -std=gnu11 -ggdb -gdwarf-4 -gstrict-dwarf -ffreestanding -fmacro-prefix-map=/shim-build/shim-16.1/= -fno-stack-protector -fno-strict-aliasing -fpic -fshort-wchar -nostdinc -Os -Wall -Wextra -Wno-missing-field-initializers -Wno-empty-body -Wno-implicit-fallthrough -Wno-old-style-declaration -Wno-unused-but-set-variable -Wno-unused-parameter -Werror -Wno-error=unused-but-set-variable -Wno-error=unused-parameter -I/shim-build/shim-16.1/Cryptlib/OpenSSL -I/shim-build/shim-16.1/Cryptlib -I/shim-build/shim-16.1/Cryptlib/OpenSSL/Include/ -I/shim-build/shim-16.1/Cryptlib/OpenSSL/crypto -I/shim-build/shim-16.1/Cryptlib/Include -I/shim-build/shim-16.1/gnu-efi/inc -I/shim-build/shim-16.1/gnu-efi/inc/aarch64 -I/shim-build/shim-16.1/gnu-efi/inc/protocol -I/shim-build/shim-16.1/Cryptlib/OpenSSL/crypto/asn1 -I/shim-build/shim-16.1/Cryptlib/OpenSSL/crypto/evp -I/shim-build/shim-16.1/Cryptlib/OpenSSL/crypto/modes -I/shim-build/shim-16.1/Cryptlib/OpenSSL/crypto/include -isystem /shim-build/shim-16.1/include/system -isystem /usr/lib/gcc-cross/aarch64-linux-gnu/11/include -DL_ENDIAN -D_CRT_SECURE_NO_DEPRECATE -D_CRT_NONSTDC_NO_DEPRECATE -DOPENSSL_SMALL_FOOTPRINT -DPEDANTIC -DMDE_CPU_AARCH64   -c -o crypto/rsa/rsa_asn1.o /shim-build/shim-16.1/Cryptlib/OpenSSL/crypto/rsa/rsa_asn1.c
#14 58.14 aarch64-linux-gnu-gcc -std=gnu11 -ggdb -gdwarf-4 -gstrict-dwarf -ffreestanding -fmacro-prefix-map=/shim-build/shim-16.1/= -fno-stack-protector -fno-strict-aliasing -fpic -fshort-wchar -nostdinc -Os -Wall -Wextra -Wno-missing-field-initializers -Wno-empty-body -Wno-implicit-fallthrough -Wno-old-style-declaration -Wno-unused-but-set-variable -Wno-unused-parameter -Werror -Wno-error=unused-but-set-variable -Wno-error=unused-parameter -I/shim-build/shim-16.1/Cryptlib/OpenSSL -I/shim-build/shim-16.1/Cryptlib -I/shim-build/shim-16.1/Cryptlib/OpenSSL/Include/ -I/shim-build/shim-16.1/Cryptlib/OpenSSL/crypto -I/shim-build/shim-16.1/Cryptlib/Include -I/shim-build/shim-16.1/gnu-efi/inc -I/shim-build/shim-16.1/gnu-efi/inc/aarch64 -I/shim-build/shim-16.1/gnu-efi/inc/protocol -I/shim-build/shim-16.1/Cryptlib/OpenSSL/crypto/asn1 -I/shim-build/shim-16.1/Cryptlib/OpenSSL/crypto/evp -I/shim-build/shim-16.1/Cryptlib/OpenSSL/crypto/modes -I/shim-build/shim-16.1/Cryptlib/OpenSSL/crypto/include -isystem /shim-build/shim-16.1/include/system -isystem /usr/lib/gcc-cross/aarch64-linux-gnu/11/include -DL_ENDIAN -D_CRT_SECURE_NO_DEPRECATE -D_CRT_NONSTDC_NO_DEPRECATE -DOPENSSL_SMALL_FOOTPRINT -DPEDANTIC -DMDE_CPU_AARCH64   -c -o crypto/rsa/rsa_depr.o /shim-build/shim-16.1/Cryptlib/OpenSSL/crypto/rsa/rsa_depr.c
#14 58.30 aarch64-linux-gnu-gcc -std=gnu11 -ggdb -gdwarf-4 -gstrict-dwarf -ffreestanding -fmacro-prefix-map=/shim-build/shim-16.1/= -fno-stack-protector -fno-strict-aliasing -fpic -fshort-wchar -nostdinc -Os -Wall -Wextra -Wno-missing-field-initializers -Wno-empty-body -Wno-implicit-fallthrough -Wno-old-style-declaration -Wno-unused-but-set-variable -Wno-unused-parameter -Werror -Wno-error=unused-but-set-variable -Wno-error=unused-parameter -I/shim-build/shim-16.1/Cryptlib/OpenSSL -I/shim-build/shim-16.1/Cryptlib -I/shim-build/shim-16.1/Cryptlib/OpenSSL/Include/ -I/shim-build/shim-16.1/Cryptlib/OpenSSL/crypto -I/shim-build/shim-16.1/Cryptlib/Include -I/shim-build/shim-16.1/gnu-efi/inc -I/shim-build/shim-16.1/gnu-efi/inc/aarch64 -I/shim-build/shim-16.1/gnu-efi/inc/protocol -I/shim-build/shim-16.1/Cryptlib/OpenSSL/crypto/asn1 -I/shim-build/shim-16.1/Cryptlib/OpenSSL/crypto/evp -I/shim-build/shim-16.1/Cryptlib/OpenSSL/crypto/modes -I/shim-build/shim-16.1/Cryptlib/OpenSSL/crypto/include -isystem /shim-build/shim-16.1/include/system -isystem /usr/lib/gcc-cross/aarch64-linux-gnu/11/include -DL_ENDIAN -D_CRT_SECURE_NO_DEPRECATE -D_CRT_NONSTDC_NO_DEPRECATE -DOPENSSL_SMALL_FOOTPRINT -DPEDANTIC -DMDE_CPU_AARCH64   -c -o crypto/rsa/rsa_ameth.o /shim-build/shim-16.1/Cryptlib/OpenSSL/crypto/rsa/rsa_ameth.c
#14 58.83 aarch64-linux-gnu-gcc -std=gnu11 -ggdb -gdwarf-4 -gstrict-dwarf -ffreestanding -fmacro-prefix-map=/shim-build/shim-16.1/= -fno-stack-protector -fno-strict-aliasing -fpic -fshort-wchar -nostdinc -Os -Wall -Wextra -Wno-missing-field-initializers -Wno-empty-body -Wno-implicit-fallthrough -Wno-old-style-declaration -Wno-unused-but-set-variable -Wno-unused-parameter -Werror -Wno-error=unused-but-set-variable -Wno-error=unused-parameter -I/shim-build/shim-16.1/Cryptlib/OpenSSL -I/shim-build/shim-16.1/Cryptlib -I/shim-build/shim-16.1/Cryptlib/OpenSSL/Include/ -I/shim-build/shim-16.1/Cryptlib/OpenSSL/crypto -I/shim-build/shim-16.1/Cryptlib/Include -I/shim-build/shim-16.1/gnu-efi/inc -I/shim-build/shim-16.1/gnu-efi/inc/aarch64 -I/shim-build/shim-16.1/gnu-efi/inc/protocol -I/shim-build/shim-16.1/Cryptlib/OpenSSL/crypto/asn1 -I/shim-build/shim-16.1/Cryptlib/OpenSSL/crypto/evp -I/shim-build/shim-16.1/Cryptlib/OpenSSL/crypto/modes -I/shim-build/shim-16.1/Cryptlib/OpenSSL/crypto/include -isystem /shim-build/shim-16.1/include/system -isystem /usr/lib/gcc-cross/aarch64-linux-gnu/11/include -DL_ENDIAN -D_CRT_SECURE_NO_DEPRECATE -D_CRT_NONSTDC_NO_DEPRECATE -DOPENSSL_SMALL_FOOTPRINT -DPEDANTIC -DMDE_CPU_AARCH64   -c -o crypto/rsa/rsa_prn.o /shim-build/shim-16.1/Cryptlib/OpenSSL/crypto/rsa/rsa_prn.c
#14 59.16 aarch64-linux-gnu-gcc -std=gnu11 -ggdb -gdwarf-4 -gstrict-dwarf -ffreestanding -fmacro-prefix-map=/shim-build/shim-16.1/= -fno-stack-protector -fno-strict-aliasing -fpic -fshort-wchar -nostdinc -Os -Wall -Wextra -Wno-missing-field-initializers -Wno-empty-body -Wno-implicit-fallthrough -Wno-old-style-declaration -Wno-unused-but-set-variable -Wno-unused-parameter -Werror -Wno-error=unused-but-set-variable -Wno-error=unused-parameter -I/shim-build/shim-16.1/Cryptlib/OpenSSL -I/shim-build/shim-16.1/Cryptlib -I/shim-build/shim-16.1/Cryptlib/OpenSSL/Include/ -I/shim-build/shim-16.1/Cryptlib/OpenSSL/crypto -I/shim-build/shim-16.1/Cryptlib/Include -I/shim-build/shim-16.1/gnu-efi/inc -I/shim-build/shim-16.1/gnu-efi/inc/aarch64 -I/shim-build/shim-16.1/gnu-efi/inc/protocol -I/shim-build/shim-16.1/Cryptlib/OpenSSL/crypto/asn1 -I/shim-build/shim-16.1/Cryptlib/OpenSSL/crypto/evp -I/shim-build/shim-16.1/Cryptlib/OpenSSL/crypto/modes -I/shim-build/shim-16.1/Cryptlib/OpenSSL/crypto/include -isystem /shim-build/shim-16.1/include/system -isystem /usr/lib/gcc-cross/aarch64-linux-gnu/11/include -DL_ENDIAN -D_CRT_SECURE_NO_DEPRECATE -D_CRT_NONSTDC_NO_DEPRECATE -DOPENSSL_SMALL_FOOTPRINT -DPEDANTIC -DMDE_CPU_AARCH64   -c -o crypto/rsa/rsa_pmeth.o /shim-build/shim-16.1/Cryptlib/OpenSSL/crypto/rsa/rsa_pmeth.c
#14 59.72 aarch64-linux-gnu-gcc -std=gnu11 -ggdb -gdwarf-4 -gstrict-dwarf -ffreestanding -fmacro-prefix-map=/shim-build/shim-16.1/= -fno-stack-protector -fno-strict-aliasing -fpic -fshort-wchar -nostdinc -Os -Wall -Wextra -Wno-missing-field-initializers -Wno-empty-body -Wno-implicit-fallthrough -Wno-old-style-declaration -Wno-unused-but-set-variable -Wno-unused-parameter -Werror -Wno-error=unused-but-set-variable -Wno-error=unused-parameter -I/shim-build/shim-16.1/Cryptlib/OpenSSL -I/shim-build/shim-16.1/Cryptlib -I/shim-build/shim-16.1/Cryptlib/OpenSSL/Include/ -I/shim-build/shim-16.1/Cryptlib/OpenSSL/crypto -I/shim-build/shim-16.1/Cryptlib/Include -I/shim-build/shim-16.1/gnu-efi/inc -I/shim-build/shim-16.1/gnu-efi/inc/aarch64 -I/shim-build/shim-16.1/gnu-efi/inc/protocol -I/shim-build/shim-16.1/Cryptlib/OpenSSL/crypto/asn1 -I/shim-build/shim-16.1/Cryptlib/OpenSSL/crypto/evp -I/shim-build/shim-16.1/Cryptlib/OpenSSL/crypto/modes -I/shim-build/shim-16.1/Cryptlib/OpenSSL/crypto/include -isystem /shim-build/shim-16.1/include/system -isystem /usr/lib/gcc-cross/aarch64-linux-gnu/11/include -DL_ENDIAN -D_CRT_SECURE_NO_DEPRECATE -D_CRT_NONSTDC_NO_DEPRECATE -DOPENSSL_SMALL_FOOTPRINT -DPEDANTIC -DMDE_CPU_AARCH64   -c -o crypto/rsa/rsa_crpt.o /shim-build/shim-16.1/Cryptlib/OpenSSL/crypto/rsa/rsa_crpt.c
#14 60.15 aarch64-linux-gnu-gcc -std=gnu11 -ggdb -gdwarf-4 -gstrict-dwarf -ffreestanding -fmacro-prefix-map=/shim-build/shim-16.1/= -fno-stack-protector -fno-strict-aliasing -fpic -fshort-wchar -nostdinc -Os -Wall -Wextra -Wno-missing-field-initializers -Wno-empty-body -Wno-implicit-fallthrough -Wno-old-style-declaration -Wno-unused-but-set-variable -Wno-unused-parameter -Werror -Wno-error=unused-but-set-variable -Wno-error=unused-parameter -I/shim-build/shim-16.1/Cryptlib/OpenSSL -I/shim-build/shim-16.1/Cryptlib -I/shim-build/shim-16.1/Cryptlib/OpenSSL/Include/ -I/shim-build/shim-16.1/Cryptlib/OpenSSL/crypto -I/shim-build/shim-16.1/Cryptlib/Include -I/shim-build/shim-16.1/gnu-efi/inc -I/shim-build/shim-16.1/gnu-efi/inc/aarch64 -I/shim-build/shim-16.1/gnu-efi/inc/protocol -I/shim-build/shim-16.1/Cryptlib/OpenSSL/crypto/asn1 -I/shim-build/shim-16.1/Cryptlib/OpenSSL/crypto/evp -I/shim-build/shim-16.1/Cryptlib/OpenSSL/crypto/modes -I/shim-build/shim-16.1/Cryptlib/OpenSSL/crypto/include -isystem /shim-build/shim-16.1/include/system -isystem /usr/lib/gcc-cross/aarch64-linux-gnu/11/include -DL_ENDIAN -D_CRT_SECURE_NO_DEPRECATE -D_CRT_NONSTDC_NO_DEPRECATE -DOPENSSL_SMALL_FOOTPRINT -DPEDANTIC -DMDE_CPU_AARCH64   -c -o crypto/dso/dso_dl.o /shim-build/shim-16.1/Cryptlib/OpenSSL/crypto/dso/dso_dl.c
#14 60.41 aarch64-linux-gnu-gcc -std=gnu11 -ggdb -gdwarf-4 -gstrict-dwarf -ffreestanding -fmacro-prefix-map=/shim-build/shim-16.1/= -fno-stack-protector -fno-strict-aliasing -fpic -fshort-wchar -nostdinc -Os -Wall -Wextra -Wno-missing-field-initializers -Wno-empty-body -Wno-implicit-fallthrough -Wno-old-style-declaration -Wno-unused-but-set-variable -Wno-unused-parameter -Werror -Wno-error=unused-but-set-variable -Wno-error=unused-parameter -I/shim-build/shim-16.1/Cryptlib/OpenSSL -I/shim-build/shim-16.1/Cryptlib -I/shim-build/shim-16.1/Cryptlib/OpenSSL/Include/ -I/shim-build/shim-16.1/Cryptlib/OpenSSL/crypto -I/shim-build/shim-16.1/Cryptlib/Include -I/shim-build/shim-16.1/gnu-efi/inc -I/shim-build/shim-16.1/gnu-efi/inc/aarch64 -I/shim-build/shim-16.1/gnu-efi/inc/protocol -I/shim-build/shim-16.1/Cryptlib/OpenSSL/crypto/asn1 -I/shim-build/shim-16.1/Cryptlib/OpenSSL/crypto/evp -I/shim-build/shim-16.1/Cryptlib/OpenSSL/crypto/modes -I/shim-build/shim-16.1/Cryptlib/OpenSSL/crypto/include -isystem /shim-build/shim-16.1/include/system -isystem /usr/lib/gcc-cross/aarch64-linux-gnu/11/include -DL_ENDIAN -D_CRT_SECURE_NO_DEPRECATE -D_CRT_NONSTDC_NO_DEPRECATE -DOPENSSL_SMALL_FOOTPRINT -DPEDANTIC -DMDE_CPU_AARCH64   -c -o crypto/dso/dso_dlfcn.o /shim-build/shim-16.1/Cryptlib/OpenSSL/crypto/dso/dso_dlfcn.c
#14 60.67 aarch64-linux-gnu-gcc -std=gnu11 -ggdb -gdwarf-4 -gstrict-dwarf -ffreestanding -fmacro-prefix-map=/shim-build/shim-16.1/= -fno-stack-protector -fno-strict-aliasing -fpic -fshort-wchar -nostdinc -Os -Wall -Wextra -Wno-missing-field-initializers -Wno-empty-body -Wno-implicit-fallthrough -Wno-old-style-declaration -Wno-unused-but-set-variable -Wno-unused-parameter -Werror -Wno-error=unused-but-set-variable -Wno-error=unused-parameter -I/shim-build/shim-16.1/Cryptlib/OpenSSL -I/shim-build/shim-16.1/Cryptlib -I/shim-build/shim-16.1/Cryptlib/OpenSSL/Include/ -I/shim-build/shim-16.1/Cryptlib/OpenSSL/crypto -I/shim-build/shim-16.1/Cryptlib/Include -I/shim-build/shim-16.1/gnu-efi/inc -I/shim-build/shim-16.1/gnu-efi/inc/aarch64 -I/shim-build/shim-16.1/gnu-efi/inc/protocol -I/shim-build/shim-16.1/Cryptlib/OpenSSL/crypto/asn1 -I/shim-build/shim-16.1/Cryptlib/OpenSSL/crypto/evp -I/shim-build/shim-16.1/Cryptlib/OpenSSL/crypto/modes -I/shim-build/shim-16.1/Cryptlib/OpenSSL/crypto/include -isystem /shim-build/shim-16.1/include/system -isystem /usr/lib/gcc-cross/aarch64-linux-gnu/11/include -DL_ENDIAN -D_CRT_SECURE_NO_DEPRECATE -D_CRT_NONSTDC_NO_DEPRECATE -DOPENSSL_SMALL_FOOTPRINT -DPEDANTIC -DMDE_CPU_AARCH64   -c -o crypto/dso/dso_err.o /shim-build/shim-16.1/Cryptlib/OpenSSL/crypto/dso/dso_err.c
#14 60.91 aarch64-linux-gnu-gcc -std=gnu11 -ggdb -gdwarf-4 -gstrict-dwarf -ffreestanding -fmacro-prefix-map=/shim-build/shim-16.1/= -fno-stack-protector -fno-strict-aliasing -fpic -fshort-wchar -nostdinc -Os -Wall -Wextra -Wno-missing-field-initializers -Wno-empty-body -Wno-implicit-fallthrough -Wno-old-style-declaration -Wno-unused-but-set-variable -Wno-unused-parameter -Werror -Wno-error=unused-but-set-variable -Wno-error=unused-parameter -I/shim-build/shim-16.1/Cryptlib/OpenSSL -I/shim-build/shim-16.1/Cryptlib -I/shim-build/shim-16.1/Cryptlib/OpenSSL/Include/ -I/shim-build/shim-16.1/Cryptlib/OpenSSL/crypto -I/shim-build/shim-16.1/Cryptlib/Include -I/shim-build/shim-16.1/gnu-efi/inc -I/shim-build/shim-16.1/gnu-efi/inc/aarch64 -I/shim-build/shim-16.1/gnu-efi/inc/protocol -I/shim-build/shim-16.1/Cryptlib/OpenSSL/crypto/asn1 -I/shim-build/shim-16.1/Cryptlib/OpenSSL/crypto/evp -I/shim-build/shim-16.1/Cryptlib/OpenSSL/crypto/modes -I/shim-build/shim-16.1/Cryptlib/OpenSSL/crypto/include -isystem /shim-build/shim-16.1/include/system -isystem /usr/lib/gcc-cross/aarch64-linux-gnu/11/include -DL_ENDIAN -D_CRT_SECURE_NO_DEPRECATE -D_CRT_NONSTDC_NO_DEPRECATE -DOPENSSL_SMALL_FOOTPRINT -DPEDANTIC -DMDE_CPU_AARCH64   -c -o crypto/dso/dso_lib.o /shim-build/shim-16.1/Cryptlib/OpenSSL/crypto/dso/dso_lib.c
#14 61.38 aarch64-linux-gnu-gcc -std=gnu11 -ggdb -gdwarf-4 -gstrict-dwarf -ffreestanding -fmacro-prefix-map=/shim-build/shim-16.1/= -fno-stack-protector -fno-strict-aliasing -fpic -fshort-wchar -nostdinc -Os -Wall -Wextra -Wno-missing-field-initializers -Wno-empty-body -Wno-implicit-fallthrough -Wno-old-style-declaration -Wno-unused-but-set-variable -Wno-unused-parameter -Werror -Wno-error=unused-but-set-variable -Wno-error=unused-parameter -I/shim-build/shim-16.1/Cryptlib/OpenSSL -I/shim-build/shim-16.1/Cryptlib -I/shim-build/shim-16.1/Cryptlib/OpenSSL/Include/ -I/shim-build/shim-16.1/Cryptlib/OpenSSL/crypto -I/shim-build/shim-16.1/Cryptlib/Include -I/shim-build/shim-16.1/gnu-efi/inc -I/shim-build/shim-16.1/gnu-efi/inc/aarch64 -I/shim-build/shim-16.1/gnu-efi/inc/protocol -I/shim-build/shim-16.1/Cryptlib/OpenSSL/crypto/asn1 -I/shim-build/shim-16.1/Cryptlib/OpenSSL/crypto/evp -I/shim-build/shim-16.1/Cryptlib/OpenSSL/crypto/modes -I/shim-build/shim-16.1/Cryptlib/OpenSSL/crypto/include -isystem /shim-build/shim-16.1/include/system -isystem /usr/lib/gcc-cross/aarch64-linux-gnu/11/include -DL_ENDIAN -D_CRT_SECURE_NO_DEPRECATE -D_CRT_NONSTDC_NO_DEPRECATE -DOPENSSL_SMALL_FOOTPRINT -DPEDANTIC -DMDE_CPU_AARCH64   -c -o crypto/dso/dso_null.o /shim-build/shim-16.1/Cryptlib/OpenSSL/crypto/dso/dso_null.c
#14 61.66 aarch64-linux-gnu-gcc -std=gnu11 -ggdb -gdwarf-4 -gstrict-dwarf -ffreestanding -fmacro-prefix-map=/shim-build/shim-16.1/= -fno-stack-protector -fno-strict-aliasing -fpic -fshort-wchar -nostdinc -Os -Wall -Wextra -Wno-missing-field-initializers -Wno-empty-body -Wno-implicit-fallthrough -Wno-old-style-declaration -Wno-unused-but-set-variable -Wno-unused-parameter -Werror -Wno-error=unused-but-set-variable -Wno-error=unused-parameter -I/shim-build/shim-16.1/Cryptlib/OpenSSL -I/shim-build/shim-16.1/Cryptlib -I/shim-build/shim-16.1/Cryptlib/OpenSSL/Include/ -I/shim-build/shim-16.1/Cryptlib/OpenSSL/crypto -I/shim-build/shim-16.1/Cryptlib/Include -I/shim-build/shim-16.1/gnu-efi/inc -I/shim-build/shim-16.1/gnu-efi/inc/aarch64 -I/shim-build/shim-16.1/gnu-efi/inc/protocol -I/shim-build/shim-16.1/Cryptlib/OpenSSL/crypto/asn1 -I/shim-build/shim-16.1/Cryptlib/OpenSSL/crypto/evp -I/shim-build/shim-16.1/Cryptlib/OpenSSL/crypto/modes -I/shim-build/shim-16.1/Cryptlib/OpenSSL/crypto/include -isystem /shim-build/shim-16.1/include/system -isystem /usr/lib/gcc-cross/aarch64-linux-gnu/11/include -DL_ENDIAN -D_CRT_SECURE_NO_DEPRECATE -D_CRT_NONSTDC_NO_DEPRECATE -DOPENSSL_SMALL_FOOTPRINT -DPEDANTIC -DMDE_CPU_AARCH64   -c -o crypto/dso/dso_openssl.o /shim-build/shim-16.1/Cryptlib/OpenSSL/crypto/dso/dso_openssl.c
#14 61.93 aarch64-linux-gnu-gcc -std=gnu11 -ggdb -gdwarf-4 -gstrict-dwarf -ffreestanding -fmacro-prefix-map=/shim-build/shim-16.1/= -fno-stack-protector -fno-strict-aliasing -fpic -fshort-wchar -nostdinc -Os -Wall -Wextra -Wno-missing-field-initializers -Wno-empty-body -Wno-implicit-fallthrough -Wno-old-style-declaration -Wno-unused-but-set-variable -Wno-unused-parameter -Werror -Wno-error=unused-but-set-variable -Wno-error=unused-parameter -I/shim-build/shim-16.1/Cryptlib/OpenSSL -I/shim-build/shim-16.1/Cryptlib -I/shim-build/shim-16.1/Cryptlib/OpenSSL/Include/ -I/shim-build/shim-16.1/Cryptlib/OpenSSL/crypto -I/shim-build/shim-16.1/Cryptlib/Include -I/shim-build/shim-16.1/gnu-efi/inc -I/shim-build/shim-16.1/gnu-efi/inc/aarch64 -I/shim-build/shim-16.1/gnu-efi/inc/protocol -I/shim-build/shim-16.1/Cryptlib/OpenSSL/crypto/asn1 -I/shim-build/shim-16.1/Cryptlib/OpenSSL/crypto/evp -I/shim-build/shim-16.1/Cryptlib/OpenSSL/crypto/modes -I/shim-build/shim-16.1/Cryptlib/OpenSSL/crypto/include -isystem /shim-build/shim-16.1/include/system -isystem /usr/lib/gcc-cross/aarch64-linux-gnu/11/include -DL_ENDIAN -D_CRT_SECURE_NO_DEPRECATE -D_CRT_NONSTDC_NO_DEPRECATE -DOPENSSL_SMALL_FOOTPRINT -DPEDANTIC -DMDE_CPU_AARCH64   -c -o crypto/dso/dso_win32.o /shim-build/shim-16.1/Cryptlib/OpenSSL/crypto/dso/dso_win32.c
#14 62.20 aarch64-linux-gnu-gcc -std=gnu11 -ggdb -gdwarf-4 -gstrict-dwarf -ffreestanding -fmacro-prefix-map=/shim-build/shim-16.1/= -fno-stack-protector -fno-strict-aliasing -fpic -fshort-wchar -nostdinc -Os -Wall -Wextra -Wno-missing-field-initializers -Wno-empty-body -Wno-implicit-fallthrough -Wno-old-style-declaration -Wno-unused-but-set-variable -Wno-unused-parameter -Werror -Wno-error=unused-but-set-variable -Wno-error=unused-parameter -I/shim-build/shim-16.1/Cryptlib/OpenSSL -I/shim-build/shim-16.1/Cryptlib -I/shim-build/shim-16.1/Cryptlib/OpenSSL/Include/ -I/shim-build/shim-16.1/Cryptlib/OpenSSL/crypto -I/shim-build/shim-16.1/Cryptlib/Include -I/shim-build/shim-16.1/gnu-efi/inc -I/shim-build/shim-16.1/gnu-efi/inc/aarch64 -I/shim-build/shim-16.1/gnu-efi/inc/protocol -I/shim-build/shim-16.1/Cryptlib/OpenSSL/crypto/asn1 -I/shim-build/shim-16.1/Cryptlib/OpenSSL/crypto/evp -I/shim-build/shim-16.1/Cryptlib/OpenSSL/crypto/modes -I/shim-build/shim-16.1/Cryptlib/OpenSSL/crypto/include -isystem /shim-build/shim-16.1/include/system -isystem /usr/lib/gcc-cross/aarch64-linux-gnu/11/include -DL_ENDIAN -D_CRT_SECURE_NO_DEPRECATE -D_CRT_NONSTDC_NO_DEPRECATE -DOPENSSL_SMALL_FOOTPRINT -DPEDANTIC -DMDE_CPU_AARCH64   -c -o crypto/dso/dso_vms.o /shim-build/shim-16.1/Cryptlib/OpenSSL/crypto/dso/dso_vms.c
#14 62.47 aarch64-linux-gnu-gcc -std=gnu11 -ggdb -gdwarf-4 -gstrict-dwarf -ffreestanding -fmacro-prefix-map=/shim-build/shim-16.1/= -fno-stack-protector -fno-strict-aliasing -fpic -fshort-wchar -nostdinc -Os -Wall -Wextra -Wno-missing-field-initializers -Wno-empty-body -Wno-implicit-fallthrough -Wno-old-style-declaration -Wno-unused-but-set-variable -Wno-unused-parameter -Werror -Wno-error=unused-but-set-variable -Wno-error=unused-parameter -I/shim-build/shim-16.1/Cryptlib/OpenSSL -I/shim-build/shim-16.1/Cryptlib -I/shim-build/shim-16.1/Cryptlib/OpenSSL/Include/ -I/shim-build/shim-16.1/Cryptlib/OpenSSL/crypto -I/shim-build/shim-16.1/Cryptlib/Include -I/shim-build/shim-16.1/gnu-efi/inc -I/shim-build/shim-16.1/gnu-efi/inc/aarch64 -I/shim-build/shim-16.1/gnu-efi/inc/protocol -I/shim-build/shim-16.1/Cryptlib/OpenSSL/crypto/asn1 -I/shim-build/shim-16.1/Cryptlib/OpenSSL/crypto/evp -I/shim-build/shim-16.1/Cryptlib/OpenSSL/crypto/modes -I/shim-build/shim-16.1/Cryptlib/OpenSSL/crypto/include -isystem /shim-build/shim-16.1/include/system -isystem /usr/lib/gcc-cross/aarch64-linux-gnu/11/include -DL_ENDIAN -D_CRT_SECURE_NO_DEPRECATE -D_CRT_NONSTDC_NO_DEPRECATE -DOPENSSL_SMALL_FOOTPRINT -DPEDANTIC -DMDE_CPU_AARCH64   -c -o crypto/dso/dso_beos.o /shim-build/shim-16.1/Cryptlib/OpenSSL/crypto/dso/dso_beos.c
#14 62.73 aarch64-linux-gnu-gcc -std=gnu11 -ggdb -gdwarf-4 -gstrict-dwarf -ffreestanding -fmacro-prefix-map=/shim-build/shim-16.1/= -fno-stack-protector -fno-strict-aliasing -fpic -fshort-wchar -nostdinc -Os -Wall -Wextra -Wno-missing-field-initializers -Wno-empty-body -Wno-implicit-fallthrough -Wno-old-style-declaration -Wno-unused-but-set-variable -Wno-unused-parameter -Werror -Wno-error=unused-but-set-variable -Wno-error=unused-parameter -I/shim-build/shim-16.1/Cryptlib/OpenSSL -I/shim-build/shim-16.1/Cryptlib -I/shim-build/shim-16.1/Cryptlib/OpenSSL/Include/ -I/shim-build/shim-16.1/Cryptlib/OpenSSL/crypto -I/shim-build/shim-16.1/Cryptlib/Include -I/shim-build/shim-16.1/gnu-efi/inc -I/shim-build/shim-16.1/gnu-efi/inc/aarch64 -I/shim-build/shim-16.1/gnu-efi/inc/protocol -I/shim-build/shim-16.1/Cryptlib/OpenSSL/crypto/asn1 -I/shim-build/shim-16.1/Cryptlib/OpenSSL/crypto/evp -I/shim-build/shim-16.1/Cryptlib/OpenSSL/crypto/modes -I/shim-build/shim-16.1/Cryptlib/OpenSSL/crypto/include -isystem /shim-build/shim-16.1/include/system -isystem /usr/lib/gcc-cross/aarch64-linux-gnu/11/include -DL_ENDIAN -D_CRT_SECURE_NO_DEPRECATE -D_CRT_NONSTDC_NO_DEPRECATE -DOPENSSL_SMALL_FOOTPRINT -DPEDANTIC -DMDE_CPU_AARCH64   -c -o crypto/dh/dh_asn1.o /shim-build/shim-16.1/Cryptlib/OpenSSL/crypto/dh/dh_asn1.c
#14 63.15 aarch64-linux-gnu-gcc -std=gnu11 -ggdb -gdwarf-4 -gstrict-dwarf -ffreestanding -fmacro-prefix-map=/shim-build/shim-16.1/= -fno-stack-protector -fno-strict-aliasing -fpic -fshort-wchar -nostdinc -Os -Wall -Wextra -Wno-missing-field-initializers -Wno-empty-body -Wno-implicit-fallthrough -Wno-old-style-declaration -Wno-unused-but-set-variable -Wno-unused-parameter -Werror -Wno-error=unused-but-set-variable -Wno-error=unused-parameter -I/shim-build/shim-16.1/Cryptlib/OpenSSL -I/shim-build/shim-16.1/Cryptlib -I/shim-build/shim-16.1/Cryptlib/OpenSSL/Include/ -I/shim-build/shim-16.1/Cryptlib/OpenSSL/crypto -I/shim-build/shim-16.1/Cryptlib/Include -I/shim-build/shim-16.1/gnu-efi/inc -I/shim-build/shim-16.1/gnu-efi/inc/aarch64 -I/shim-build/shim-16.1/gnu-efi/inc/protocol -I/shim-build/shim-16.1/Cryptlib/OpenSSL/crypto/asn1 -I/shim-build/shim-16.1/Cryptlib/OpenSSL/crypto/evp -I/shim-build/shim-16.1/Cryptlib/OpenSSL/crypto/modes -I/shim-build/shim-16.1/Cryptlib/OpenSSL/crypto/include -isystem /shim-build/shim-16.1/include/system -isystem /usr/lib/gcc-cross/aarch64-linux-gnu/11/include -DL_ENDIAN -D_CRT_SECURE_NO_DEPRECATE -D_CRT_NONSTDC_NO_DEPRECATE -DOPENSSL_SMALL_FOOTPRINT -DPEDANTIC -DMDE_CPU_AARCH64   -c -o crypto/dh/dh_gen.o /shim-build/shim-16.1/Cryptlib/OpenSSL/crypto/dh/dh_gen.c
#14 63.54 aarch64-linux-gnu-gcc -std=gnu11 -ggdb -gdwarf-4 -gstrict-dwarf -ffreestanding -fmacro-prefix-map=/shim-build/shim-16.1/= -fno-stack-protector -fno-strict-aliasing -fpic -fshort-wchar -nostdinc -Os -Wall -Wextra -Wno-missing-field-initializers -Wno-empty-body -Wno-implicit-fallthrough -Wno-old-style-declaration -Wno-unused-but-set-variable -Wno-unused-parameter -Werror -Wno-error=unused-but-set-variable -Wno-error=unused-parameter -I/shim-build/shim-16.1/Cryptlib/OpenSSL -I/shim-build/shim-16.1/Cryptlib -I/shim-build/shim-16.1/Cryptlib/OpenSSL/Include/ -I/shim-build/shim-16.1/Cryptlib/OpenSSL/crypto -I/shim-build/shim-16.1/Cryptlib/Include -I/shim-build/shim-16.1/gnu-efi/inc -I/shim-build/shim-16.1/gnu-efi/inc/aarch64 -I/shim-build/shim-16.1/gnu-efi/inc/protocol -I/shim-build/shim-16.1/Cryptlib/OpenSSL/crypto/asn1 -I/shim-build/shim-16.1/Cryptlib/OpenSSL/crypto/evp -I/shim-build/shim-16.1/Cryptlib/OpenSSL/crypto/modes -I/shim-build/shim-16.1/Cryptlib/OpenSSL/crypto/include -isystem /shim-build/shim-16.1/include/system -isystem /usr/lib/gcc-cross/aarch64-linux-gnu/11/include -DL_ENDIAN -D_CRT_SECURE_NO_DEPRECATE -D_CRT_NONSTDC_NO_DEPRECATE -DOPENSSL_SMALL_FOOTPRINT -DPEDANTIC -DMDE_CPU_AARCH64   -c -o crypto/dh/dh_key.o /shim-build/shim-16.1/Cryptlib/OpenSSL/crypto/dh/dh_key.c
#14 64.01 aarch64-linux-gnu-gcc -std=gnu11 -ggdb -gdwarf-4 -gstrict-dwarf -ffreestanding -fmacro-prefix-map=/shim-build/shim-16.1/= -fno-stack-protector -fno-strict-aliasing -fpic -fshort-wchar -nostdinc -Os -Wall -Wextra -Wno-missing-field-initializers -Wno-empty-body -Wno-implicit-fallthrough -Wno-old-style-declaration -Wno-unused-but-set-variable -Wno-unused-parameter -Werror -Wno-error=unused-but-set-variable -Wno-error=unused-parameter -I/shim-build/shim-16.1/Cryptlib/OpenSSL -I/shim-build/shim-16.1/Cryptlib -I/shim-build/shim-16.1/Cryptlib/OpenSSL/Include/ -I/shim-build/shim-16.1/Cryptlib/OpenSSL/crypto -I/shim-build/shim-16.1/Cryptlib/Include -I/shim-build/shim-16.1/gnu-efi/inc -I/shim-build/shim-16.1/gnu-efi/inc/aarch64 -I/shim-build/shim-16.1/gnu-efi/inc/protocol -I/shim-build/shim-16.1/Cryptlib/OpenSSL/crypto/asn1 -I/shim-build/shim-16.1/Cryptlib/OpenSSL/crypto/evp -I/shim-build/shim-16.1/Cryptlib/OpenSSL/crypto/modes -I/shim-build/shim-16.1/Cryptlib/OpenSSL/crypto/include -isystem /shim-build/shim-16.1/include/system -isystem /usr/lib/gcc-cross/aarch64-linux-gnu/11/include -DL_ENDIAN -D_CRT_SECURE_NO_DEPRECATE -D_CRT_NONSTDC_NO_DEPRECATE -DOPENSSL_SMALL_FOOTPRINT -DPEDANTIC -DMDE_CPU_AARCH64   -c -o crypto/dh/dh_lib.o /shim-build/shim-16.1/Cryptlib/OpenSSL/crypto/dh/dh_lib.c
#14 64.43 aarch64-linux-gnu-gcc -std=gnu11 -ggdb -gdwarf-4 -gstrict-dwarf -ffreestanding -fmacro-prefix-map=/shim-build/shim-16.1/= -fno-stack-protector -fno-strict-aliasing -fpic -fshort-wchar -nostdinc -Os -Wall -Wextra -Wno-missing-field-initializers -Wno-empty-body -Wno-implicit-fallthrough -Wno-old-style-declaration -Wno-unused-but-set-variable -Wno-unused-parameter -Werror -Wno-error=unused-but-set-variable -Wno-error=unused-parameter -I/shim-build/shim-16.1/Cryptlib/OpenSSL -I/shim-build/shim-16.1/Cryptlib -I/shim-build/shim-16.1/Cryptlib/OpenSSL/Include/ -I/shim-build/shim-16.1/Cryptlib/OpenSSL/crypto -I/shim-build/shim-16.1/Cryptlib/Include -I/shim-build/shim-16.1/gnu-efi/inc -I/shim-build/shim-16.1/gnu-efi/inc/aarch64 -I/shim-build/shim-16.1/gnu-efi/inc/protocol -I/shim-build/shim-16.1/Cryptlib/OpenSSL/crypto/asn1 -I/shim-build/shim-16.1/Cryptlib/OpenSSL/crypto/evp -I/shim-build/shim-16.1/Cryptlib/OpenSSL/crypto/modes -I/shim-build/shim-16.1/Cryptlib/OpenSSL/crypto/include -isystem /shim-build/shim-16.1/include/system -isystem /usr/lib/gcc-cross/aarch64-linux-gnu/11/include -DL_ENDIAN -D_CRT_SECURE_NO_DEPRECATE -D_CRT_NONSTDC_NO_DEPRECATE -DOPENSSL_SMALL_FOOTPRINT -DPEDANTIC -DMDE_CPU_AARCH64   -c -o crypto/dh/dh_check.o /shim-build/shim-16.1/Cryptlib/OpenSSL/crypto/dh/dh_check.c
#14 64.82 aarch64-linux-gnu-gcc -std=gnu11 -ggdb -gdwarf-4 -gstrict-dwarf -ffreestanding -fmacro-prefix-map=/shim-build/shim-16.1/= -fno-stack-protector -fno-strict-aliasing -fpic -fshort-wchar -nostdinc -Os -Wall -Wextra -Wno-missing-field-initializers -Wno-empty-body -Wno-implicit-fallthrough -Wno-old-style-declaration -Wno-unused-but-set-variable -Wno-unused-parameter -Werror -Wno-error=unused-but-set-variable -Wno-error=unused-parameter -I/shim-build/shim-16.1/Cryptlib/OpenSSL -I/shim-build/shim-16.1/Cryptlib -I/shim-build/shim-16.1/Cryptlib/OpenSSL/Include/ -I/shim-build/shim-16.1/Cryptlib/OpenSSL/crypto -I/shim-build/shim-16.1/Cryptlib/Include -I/shim-build/shim-16.1/gnu-efi/inc -I/shim-build/shim-16.1/gnu-efi/inc/aarch64 -I/shim-build/shim-16.1/gnu-efi/inc/protocol -I/shim-build/shim-16.1/Cryptlib/OpenSSL/crypto/asn1 -I/shim-build/shim-16.1/Cryptlib/OpenSSL/crypto/evp -I/shim-build/shim-16.1/Cryptlib/OpenSSL/crypto/modes -I/shim-build/shim-16.1/Cryptlib/OpenSSL/crypto/include -isystem /shim-build/shim-16.1/include/system -isystem /usr/lib/gcc-cross/aarch64-linux-gnu/11/include -DL_ENDIAN -D_CRT_SECURE_NO_DEPRECATE -D_CRT_NONSTDC_NO_DEPRECATE -DOPENSSL_SMALL_FOOTPRINT -DPEDANTIC -DMDE_CPU_AARCH64   -c -o crypto/dh/dh_err.o /shim-build/shim-16.1/Cryptlib/OpenSSL/crypto/dh/dh_err.c
#14 65.06 aarch64-linux-gnu-gcc -std=gnu11 -ggdb -gdwarf-4 -gstrict-dwarf -ffreestanding -fmacro-prefix-map=/shim-build/shim-16.1/= -fno-stack-protector -fno-strict-aliasing -fpic -fshort-wchar -nostdinc -Os -Wall -Wextra -Wno-missing-field-initializers -Wno-empty-body -Wno-implicit-fallthrough -Wno-old-style-declaration -Wno-unused-but-set-variable -Wno-unused-parameter -Werror -Wno-error=unused-but-set-variable -Wno-error=unused-parameter -I/shim-build/shim-16.1/Cryptlib/OpenSSL -I/shim-build/shim-16.1/Cryptlib -I/shim-build/shim-16.1/Cryptlib/OpenSSL/Include/ -I/shim-build/shim-16.1/Cryptlib/OpenSSL/crypto -I/shim-build/shim-16.1/Cryptlib/Include -I/shim-build/shim-16.1/gnu-efi/inc -I/shim-build/shim-16.1/gnu-efi/inc/aarch64 -I/shim-build/shim-16.1/gnu-efi/inc/protocol -I/shim-build/shim-16.1/Cryptlib/OpenSSL/crypto/asn1 -I/shim-build/shim-16.1/Cryptlib/OpenSSL/crypto/evp -I/shim-build/shim-16.1/Cryptlib/OpenSSL/crypto/modes -I/shim-build/shim-16.1/Cryptlib/OpenSSL/crypto/include -isystem /shim-build/shim-16.1/include/system -isystem /usr/lib/gcc-cross/aarch64-linux-gnu/11/include -DL_ENDIAN -D_CRT_SECURE_NO_DEPRECATE -D_CRT_NONSTDC_NO_DEPRECATE -DOPENSSL_SMALL_FOOTPRINT -DPEDANTIC -DMDE_CPU_AARCH64   -c -o crypto/dh/dh_depr.o /shim-build/shim-16.1/Cryptlib/OpenSSL/crypto/dh/dh_depr.c
#14 65.22 aarch64-linux-gnu-gcc -std=gnu11 -ggdb -gdwarf-4 -gstrict-dwarf -ffreestanding -fmacro-prefix-map=/shim-build/shim-16.1/= -fno-stack-protector -fno-strict-aliasing -fpic -fshort-wchar -nostdinc -Os -Wall -Wextra -Wno-missing-field-initializers -Wno-empty-body -Wno-implicit-fallthrough -Wno-old-style-declaration -Wno-unused-but-set-variable -Wno-unused-parameter -Werror -Wno-error=unused-but-set-variable -Wno-error=unused-parameter -I/shim-build/shim-16.1/Cryptlib/OpenSSL -I/shim-build/shim-16.1/Cryptlib -I/shim-build/shim-16.1/Cryptlib/OpenSSL/Include/ -I/shim-build/shim-16.1/Cryptlib/OpenSSL/crypto -I/shim-build/shim-16.1/Cryptlib/Include -I/shim-build/shim-16.1/gnu-efi/inc -I/shim-build/shim-16.1/gnu-efi/inc/aarch64 -I/shim-build/shim-16.1/gnu-efi/inc/protocol -I/shim-build/shim-16.1/Cryptlib/OpenSSL/crypto/asn1 -I/shim-build/shim-16.1/Cryptlib/OpenSSL/crypto/evp -I/shim-build/shim-16.1/Cryptlib/OpenSSL/crypto/modes -I/shim-build/shim-16.1/Cryptlib/OpenSSL/crypto/include -isystem /shim-build/shim-16.1/include/system -isystem /usr/lib/gcc-cross/aarch64-linux-gnu/11/include -DL_ENDIAN -D_CRT_SECURE_NO_DEPRECATE -D_CRT_NONSTDC_NO_DEPRECATE -DOPENSSL_SMALL_FOOTPRINT -DPEDANTIC -DMDE_CPU_AARCH64   -c -o crypto/dh/dh_ameth.o /shim-build/shim-16.1/Cryptlib/OpenSSL/crypto/dh/dh_ameth.c
#14 65.75 aarch64-linux-gnu-gcc -std=gnu11 -ggdb -gdwarf-4 -gstrict-dwarf -ffreestanding -fmacro-prefix-map=/shim-build/shim-16.1/= -fno-stack-protector -fno-strict-aliasing -fpic -fshort-wchar -nostdinc -Os -Wall -Wextra -Wno-missing-field-initializers -Wno-empty-body -Wno-implicit-fallthrough -Wno-old-style-declaration -Wno-unused-but-set-variable -Wno-unused-parameter -Werror -Wno-error=unused-but-set-variable -Wno-error=unused-parameter -I/shim-build/shim-16.1/Cryptlib/OpenSSL -I/shim-build/shim-16.1/Cryptlib -I/shim-build/shim-16.1/Cryptlib/OpenSSL/Include/ -I/shim-build/shim-16.1/Cryptlib/OpenSSL/crypto -I/shim-build/shim-16.1/Cryptlib/Include -I/shim-build/shim-16.1/gnu-efi/inc -I/shim-build/shim-16.1/gnu-efi/inc/aarch64 -I/shim-build/shim-16.1/gnu-efi/inc/protocol -I/shim-build/shim-16.1/Cryptlib/OpenSSL/crypto/asn1 -I/shim-build/shim-16.1/Cryptlib/OpenSSL/crypto/evp -I/shim-build/shim-16.1/Cryptlib/OpenSSL/crypto/modes -I/shim-build/shim-16.1/Cryptlib/OpenSSL/crypto/include -isystem /shim-build/shim-16.1/include/system -isystem /usr/lib/gcc-cross/aarch64-linux-gnu/11/include -DL_ENDIAN -D_CRT_SECURE_NO_DEPRECATE -D_CRT_NONSTDC_NO_DEPRECATE -DOPENSSL_SMALL_FOOTPRINT -DPEDANTIC -DMDE_CPU_AARCH64   -c -o crypto/dh/dh_pmeth.o /shim-build/shim-16.1/Cryptlib/OpenSSL/crypto/dh/dh_pmeth.c
#14 66.21 aarch64-linux-gnu-gcc -std=gnu11 -ggdb -gdwarf-4 -gstrict-dwarf -ffreestanding -fmacro-prefix-map=/shim-build/shim-16.1/= -fno-stack-protector -fno-strict-aliasing -fpic -fshort-wchar -nostdinc -Os -Wall -Wextra -Wno-missing-field-initializers -Wno-empty-body -Wno-implicit-fallthrough -Wno-old-style-declaration -Wno-unused-but-set-variable -Wno-unused-parameter -Werror -Wno-error=unused-but-set-variable -Wno-error=unused-parameter -I/shim-build/shim-16.1/Cryptlib/OpenSSL -I/shim-build/shim-16.1/Cryptlib -I/shim-build/shim-16.1/Cryptlib/OpenSSL/Include/ -I/shim-build/shim-16.1/Cryptlib/OpenSSL/crypto -I/shim-build/shim-16.1/Cryptlib/Include -I/shim-build/shim-16.1/gnu-efi/inc -I/shim-build/shim-16.1/gnu-efi/inc/aarch64 -I/shim-build/shim-16.1/gnu-efi/inc/protocol -I/shim-build/shim-16.1/Cryptlib/OpenSSL/crypto/asn1 -I/shim-build/shim-16.1/Cryptlib/OpenSSL/crypto/evp -I/shim-build/shim-16.1/Cryptlib/OpenSSL/crypto/modes -I/shim-build/shim-16.1/Cryptlib/OpenSSL/crypto/include -isystem /shim-build/shim-16.1/include/system -isystem /usr/lib/gcc-cross/aarch64-linux-gnu/11/include -DL_ENDIAN -D_CRT_SECURE_NO_DEPRECATE -D_CRT_NONSTDC_NO_DEPRECATE -DOPENSSL_SMALL_FOOTPRINT -DPEDANTIC -DMDE_CPU_AARCH64   -c -o crypto/dh/dh_prn.o /shim-build/shim-16.1/Cryptlib/OpenSSL/crypto/dh/dh_prn.c
#14 66.37 aarch64-linux-gnu-gcc -std=gnu11 -ggdb -gdwarf-4 -gstrict-dwarf -ffreestanding -fmacro-prefix-map=/shim-build/shim-16.1/= -fno-stack-protector -fno-strict-aliasing -fpic -fshort-wchar -nostdinc -Os -Wall -Wextra -Wno-missing-field-initializers -Wno-empty-body -Wno-implicit-fallthrough -Wno-old-style-declaration -Wno-unused-but-set-variable -Wno-unused-parameter -Werror -Wno-error=unused-but-set-variable -Wno-error=unused-parameter -I/shim-build/shim-16.1/Cryptlib/OpenSSL -I/shim-build/shim-16.1/Cryptlib -I/shim-build/shim-16.1/Cryptlib/OpenSSL/Include/ -I/shim-build/shim-16.1/Cryptlib/OpenSSL/crypto -I/shim-build/shim-16.1/Cryptlib/Include -I/shim-build/shim-16.1/gnu-efi/inc -I/shim-build/shim-16.1/gnu-efi/inc/aarch64 -I/shim-build/shim-16.1/gnu-efi/inc/protocol -I/shim-build/shim-16.1/Cryptlib/OpenSSL/crypto/asn1 -I/shim-build/shim-16.1/Cryptlib/OpenSSL/crypto/evp -I/shim-build/shim-16.1/Cryptlib/OpenSSL/crypto/modes -I/shim-build/shim-16.1/Cryptlib/OpenSSL/crypto/include -isystem /shim-build/shim-16.1/include/system -isystem /usr/lib/gcc-cross/aarch64-linux-gnu/11/include -DL_ENDIAN -D_CRT_SECURE_NO_DEPRECATE -D_CRT_NONSTDC_NO_DEPRECATE -DOPENSSL_SMALL_FOOTPRINT -DPEDANTIC -DMDE_CPU_AARCH64   -c -o crypto/dh/dh_rfc5114.o /shim-build/shim-16.1/Cryptlib/OpenSSL/crypto/dh/dh_rfc5114.c
#14 66.72 aarch64-linux-gnu-gcc -std=gnu11 -ggdb -gdwarf-4 -gstrict-dwarf -ffreestanding -fmacro-prefix-map=/shim-build/shim-16.1/= -fno-stack-protector -fno-strict-aliasing -fpic -fshort-wchar -nostdinc -Os -Wall -Wextra -Wno-missing-field-initializers -Wno-empty-body -Wno-implicit-fallthrough -Wno-old-style-declaration -Wno-unused-but-set-variable -Wno-unused-parameter -Werror -Wno-error=unused-but-set-variable -Wno-error=unused-parameter -I/shim-build/shim-16.1/Cryptlib/OpenSSL -I/shim-build/shim-16.1/Cryptlib -I/shim-build/shim-16.1/Cryptlib/OpenSSL/Include/ -I/shim-build/shim-16.1/Cryptlib/OpenSSL/crypto -I/shim-build/shim-16.1/Cryptlib/Include -I/shim-build/shim-16.1/gnu-efi/inc -I/shim-build/shim-16.1/gnu-efi/inc/aarch64 -I/shim-build/shim-16.1/gnu-efi/inc/protocol -I/shim-build/shim-16.1/Cryptlib/OpenSSL/crypto/asn1 -I/shim-build/shim-16.1/Cryptlib/OpenSSL/crypto/evp -I/shim-build/shim-16.1/Cryptlib/OpenSSL/crypto/modes -I/shim-build/shim-16.1/Cryptlib/OpenSSL/crypto/include -isystem /shim-build/shim-16.1/include/system -isystem /usr/lib/gcc-cross/aarch64-linux-gnu/11/include -DL_ENDIAN -D_CRT_SECURE_NO_DEPRECATE -D_CRT_NONSTDC_NO_DEPRECATE -DOPENSSL_SMALL_FOOTPRINT -DPEDANTIC -DMDE_CPU_AARCH64   -c -o crypto/buffer/buffer.o /shim-build/shim-16.1/Cryptlib/OpenSSL/crypto/buffer/buffer.c
#14 67.15 aarch64-linux-gnu-gcc -std=gnu11 -ggdb -gdwarf-4 -gstrict-dwarf -ffreestanding -fmacro-prefix-map=/shim-build/shim-16.1/= -fno-stack-protector -fno-strict-aliasing -fpic -fshort-wchar -nostdinc -Os -Wall -Wextra -Wno-missing-field-initializers -Wno-empty-body -Wno-implicit-fallthrough -Wno-old-style-declaration -Wno-unused-but-set-variable -Wno-unused-parameter -Werror -Wno-error=unused-but-set-variable -Wno-error=unused-parameter -I/shim-build/shim-16.1/Cryptlib/OpenSSL -I/shim-build/shim-16.1/Cryptlib -I/shim-build/shim-16.1/Cryptlib/OpenSSL/Include/ -I/shim-build/shim-16.1/Cryptlib/OpenSSL/crypto -I/shim-build/shim-16.1/Cryptlib/Include -I/shim-build/shim-16.1/gnu-efi/inc -I/shim-build/shim-16.1/gnu-efi/inc/aarch64 -I/shim-build/shim-16.1/gnu-efi/inc/protocol -I/shim-build/shim-16.1/Cryptlib/OpenSSL/crypto/asn1 -I/shim-build/shim-16.1/Cryptlib/OpenSSL/crypto/evp -I/shim-build/shim-16.1/Cryptlib/OpenSSL/crypto/modes -I/shim-build/shim-16.1/Cryptlib/OpenSSL/crypto/include -isystem /shim-build/shim-16.1/include/system -isystem /usr/lib/gcc-cross/aarch64-linux-gnu/11/include -DL_ENDIAN -D_CRT_SECURE_NO_DEPRECATE -D_CRT_NONSTDC_NO_DEPRECATE -DOPENSSL_SMALL_FOOTPRINT -DPEDANTIC -DMDE_CPU_AARCH64   -c -o crypto/buffer/buf_str.o /shim-build/shim-16.1/Cryptlib/OpenSSL/crypto/buffer/buf_str.c
#14 67.58 aarch64-linux-gnu-gcc -std=gnu11 -ggdb -gdwarf-4 -gstrict-dwarf -ffreestanding -fmacro-prefix-map=/shim-build/shim-16.1/= -fno-stack-protector -fno-strict-aliasing -fpic -fshort-wchar -nostdinc -Os -Wall -Wextra -Wno-missing-field-initializers -Wno-empty-body -Wno-implicit-fallthrough -Wno-old-style-declaration -Wno-unused-but-set-variable -Wno-unused-parameter -Werror -Wno-error=unused-but-set-variable -Wno-error=unused-parameter -I/shim-build/shim-16.1/Cryptlib/OpenSSL -I/shim-build/shim-16.1/Cryptlib -I/shim-build/shim-16.1/Cryptlib/OpenSSL/Include/ -I/shim-build/shim-16.1/Cryptlib/OpenSSL/crypto -I/shim-build/shim-16.1/Cryptlib/Include -I/shim-build/shim-16.1/gnu-efi/inc -I/shim-build/shim-16.1/gnu-efi/inc/aarch64 -I/shim-build/shim-16.1/gnu-efi/inc/protocol -I/shim-build/shim-16.1/Cryptlib/OpenSSL/crypto/asn1 -I/shim-build/shim-16.1/Cryptlib/OpenSSL/crypto/evp -I/shim-build/shim-16.1/Cryptlib/OpenSSL/crypto/modes -I/shim-build/shim-16.1/Cryptlib/OpenSSL/crypto/include -isystem /shim-build/shim-16.1/include/system -isystem /usr/lib/gcc-cross/aarch64-linux-gnu/11/include -DL_ENDIAN -D_CRT_SECURE_NO_DEPRECATE -D_CRT_NONSTDC_NO_DEPRECATE -DOPENSSL_SMALL_FOOTPRINT -DPEDANTIC -DMDE_CPU_AARCH64   -c -o crypto/buffer/buf_err.o /shim-build/shim-16.1/Cryptlib/OpenSSL/crypto/buffer/buf_err.c
#14 67.82 aarch64-linux-gnu-gcc -std=gnu11 -ggdb -gdwarf-4 -gstrict-dwarf -ffreestanding -fmacro-prefix-map=/shim-build/shim-16.1/= -fno-stack-protector -fno-strict-aliasing -fpic -fshort-wchar -nostdinc -Os -Wall -Wextra -Wno-missing-field-initializers -Wno-empty-body -Wno-implicit-fallthrough -Wno-old-style-declaration -Wno-unused-but-set-variable -Wno-unused-parameter -Werror -Wno-error=unused-but-set-variable -Wno-error=unused-parameter -I/shim-build/shim-16.1/Cryptlib/OpenSSL -I/shim-build/shim-16.1/Cryptlib -I/shim-build/shim-16.1/Cryptlib/OpenSSL/Include/ -I/shim-build/shim-16.1/Cryptlib/OpenSSL/crypto -I/shim-build/shim-16.1/Cryptlib/Include -I/shim-build/shim-16.1/gnu-efi/inc -I/shim-build/shim-16.1/gnu-efi/inc/aarch64 -I/shim-build/shim-16.1/gnu-efi/inc/protocol -I/shim-build/shim-16.1/Cryptlib/OpenSSL/crypto/asn1 -I/shim-build/shim-16.1/Cryptlib/OpenSSL/crypto/evp -I/shim-build/shim-16.1/Cryptlib/OpenSSL/crypto/modes -I/shim-build/shim-16.1/Cryptlib/OpenSSL/crypto/include -isystem /shim-build/shim-16.1/include/system -isystem /usr/lib/gcc-cross/aarch64-linux-gnu/11/include -DL_ENDIAN -D_CRT_SECURE_NO_DEPRECATE -D_CRT_NONSTDC_NO_DEPRECATE -DOPENSSL_SMALL_FOOTPRINT -DPEDANTIC -DMDE_CPU_AARCH64   -c -o crypto/bio/bio_lib.o /shim-build/shim-16.1/Cryptlib/OpenSSL/crypto/bio/bio_lib.c
#14 68.33 aarch64-linux-gnu-gcc -std=gnu11 -ggdb -gdwarf-4 -gstrict-dwarf -ffreestanding -fmacro-prefix-map=/shim-build/shim-16.1/= -fno-stack-protector -fno-strict-aliasing -fpic -fshort-wchar -nostdinc -Os -Wall -Wextra -Wno-missing-field-initializers -Wno-empty-body -Wno-implicit-fallthrough -Wno-old-style-declaration -Wno-unused-but-set-variable -Wno-unused-parameter -Werror -Wno-error=unused-but-set-variable -Wno-error=unused-parameter -I/shim-build/shim-16.1/Cryptlib/OpenSSL -I/shim-build/shim-16.1/Cryptlib -I/shim-build/shim-16.1/Cryptlib/OpenSSL/Include/ -I/shim-build/shim-16.1/Cryptlib/OpenSSL/crypto -I/shim-build/shim-16.1/Cryptlib/Include -I/shim-build/shim-16.1/gnu-efi/inc -I/shim-build/shim-16.1/gnu-efi/inc/aarch64 -I/shim-build/shim-16.1/gnu-efi/inc/protocol -I/shim-build/shim-16.1/Cryptlib/OpenSSL/crypto/asn1 -I/shim-build/shim-16.1/Cryptlib/OpenSSL/crypto/evp -I/shim-build/shim-16.1/Cryptlib/OpenSSL/crypto/modes -I/shim-build/shim-16.1/Cryptlib/OpenSSL/crypto/include -isystem /shim-build/shim-16.1/include/system -isystem /usr/lib/gcc-cross/aarch64-linux-gnu/11/include -DL_ENDIAN -D_CRT_SECURE_NO_DEPRECATE -D_CRT_NONSTDC_NO_DEPRECATE -DOPENSSL_SMALL_FOOTPRINT -DPEDANTIC -DMDE_CPU_AARCH64   -c -o crypto/bio/bio_cb.o /shim-build/shim-16.1/Cryptlib/OpenSSL/crypto/bio/bio_cb.c
#14 68.73 aarch64-linux-gnu-gcc -std=gnu11 -ggdb -gdwarf-4 -gstrict-dwarf -ffreestanding -fmacro-prefix-map=/shim-build/shim-16.1/= -fno-stack-protector -fno-strict-aliasing -fpic -fshort-wchar -nostdinc -Os -Wall -Wextra -Wno-missing-field-initializers -Wno-empty-body -Wno-implicit-fallthrough -Wno-old-style-declaration -Wno-unused-but-set-variable -Wno-unused-parameter -Werror -Wno-error=unused-but-set-variable -Wno-error=unused-parameter -I/shim-build/shim-16.1/Cryptlib/OpenSSL -I/shim-build/shim-16.1/Cryptlib -I/shim-build/shim-16.1/Cryptlib/OpenSSL/Include/ -I/shim-build/shim-16.1/Cryptlib/OpenSSL/crypto -I/shim-build/shim-16.1/Cryptlib/Include -I/shim-build/shim-16.1/gnu-efi/inc -I/shim-build/shim-16.1/gnu-efi/inc/aarch64 -I/shim-build/shim-16.1/gnu-efi/inc/protocol -I/shim-build/shim-16.1/Cryptlib/OpenSSL/crypto/asn1 -I/shim-build/shim-16.1/Cryptlib/OpenSSL/crypto/evp -I/shim-build/shim-16.1/Cryptlib/OpenSSL/crypto/modes -I/shim-build/shim-16.1/Cryptlib/OpenSSL/crypto/include -isystem /shim-build/shim-16.1/include/system -isystem /usr/lib/gcc-cross/aarch64-linux-gnu/11/include -DL_ENDIAN -D_CRT_SECURE_NO_DEPRECATE -D_CRT_NONSTDC_NO_DEPRECATE -DOPENSSL_SMALL_FOOTPRINT -DPEDANTIC -DMDE_CPU_AARCH64   -c -o crypto/bio/bio_err.o /shim-build/shim-16.1/Cryptlib/OpenSSL/crypto/bio/bio_err.c
#14 68.96 aarch64-linux-gnu-gcc -std=gnu11 -ggdb -gdwarf-4 -gstrict-dwarf -ffreestanding -fmacro-prefix-map=/shim-build/shim-16.1/= -fno-stack-protector -fno-strict-aliasing -fpic -fshort-wchar -nostdinc -Os -Wall -Wextra -Wno-missing-field-initializers -Wno-empty-body -Wno-implicit-fallthrough -Wno-old-style-declaration -Wno-unused-but-set-variable -Wno-unused-parameter -Werror -Wno-error=unused-but-set-variable -Wno-error=unused-parameter -I/shim-build/shim-16.1/Cryptlib/OpenSSL -I/shim-build/shim-16.1/Cryptlib -I/shim-build/shim-16.1/Cryptlib/OpenSSL/Include/ -I/shim-build/shim-16.1/Cryptlib/OpenSSL/crypto -I/shim-build/shim-16.1/Cryptlib/Include -I/shim-build/shim-16.1/gnu-efi/inc -I/shim-build/shim-16.1/gnu-efi/inc/aarch64 -I/shim-build/shim-16.1/gnu-efi/inc/protocol -I/shim-build/shim-16.1/Cryptlib/OpenSSL/crypto/asn1 -I/shim-build/shim-16.1/Cryptlib/OpenSSL/crypto/evp -I/shim-build/shim-16.1/Cryptlib/OpenSSL/crypto/modes -I/shim-build/shim-16.1/Cryptlib/OpenSSL/crypto/include -isystem /shim-build/shim-16.1/include/system -isystem /usr/lib/gcc-cross/aarch64-linux-gnu/11/include -DL_ENDIAN -D_CRT_SECURE_NO_DEPRECATE -D_CRT_NONSTDC_NO_DEPRECATE -DOPENSSL_SMALL_FOOTPRINT -DPEDANTIC -DMDE_CPU_AARCH64   -c -o crypto/bio/bss_mem.o /shim-build/shim-16.1/Cryptlib/OpenSSL/crypto/bio/bss_mem.c
#14 69.44 aarch64-linux-gnu-gcc -std=gnu11 -ggdb -gdwarf-4 -gstrict-dwarf -ffreestanding -fmacro-prefix-map=/shim-build/shim-16.1/= -fno-stack-protector -fno-strict-aliasing -fpic -fshort-wchar -nostdinc -Os -Wall -Wextra -Wno-missing-field-initializers -Wno-empty-body -Wno-implicit-fallthrough -Wno-old-style-declaration -Wno-unused-but-set-variable -Wno-unused-parameter -Werror -Wno-error=unused-but-set-variable -Wno-error=unused-parameter -I/shim-build/shim-16.1/Cryptlib/OpenSSL -I/shim-build/shim-16.1/Cryptlib -I/shim-build/shim-16.1/Cryptlib/OpenSSL/Include/ -I/shim-build/shim-16.1/Cryptlib/OpenSSL/crypto -I/shim-build/shim-16.1/Cryptlib/Include -I/shim-build/shim-16.1/gnu-efi/inc -I/shim-build/shim-16.1/gnu-efi/inc/aarch64 -I/shim-build/shim-16.1/gnu-efi/inc/protocol -I/shim-build/shim-16.1/Cryptlib/OpenSSL/crypto/asn1 -I/shim-build/shim-16.1/Cryptlib/OpenSSL/crypto/evp -I/shim-build/shim-16.1/Cryptlib/OpenSSL/crypto/modes -I/shim-build/shim-16.1/Cryptlib/OpenSSL/crypto/include -isystem /shim-build/shim-16.1/include/system -isystem /usr/lib/gcc-cross/aarch64-linux-gnu/11/include -DL_ENDIAN -D_CRT_SECURE_NO_DEPRECATE -D_CRT_NONSTDC_NO_DEPRECATE -DOPENSSL_SMALL_FOOTPRINT -DPEDANTIC -DMDE_CPU_AARCH64   -c -o crypto/bio/bss_null.o /shim-build/shim-16.1/Cryptlib/OpenSSL/crypto/bio/bss_null.c
#14 69.84 aarch64-linux-gnu-gcc -std=gnu11 -ggdb -gdwarf-4 -gstrict-dwarf -ffreestanding -fmacro-prefix-map=/shim-build/shim-16.1/= -fno-stack-protector -fno-strict-aliasing -fpic -fshort-wchar -nostdinc -Os -Wall -Wextra -Wno-missing-field-initializers -Wno-empty-body -Wno-implicit-fallthrough -Wno-old-style-declaration -Wno-unused-but-set-variable -Wno-unused-parameter -Werror -Wno-error=unused-but-set-variable -Wno-error=unused-parameter -I/shim-build/shim-16.1/Cryptlib/OpenSSL -I/shim-build/shim-16.1/Cryptlib -I/shim-build/shim-16.1/Cryptlib/OpenSSL/Include/ -I/shim-build/shim-16.1/Cryptlib/OpenSSL/crypto -I/shim-build/shim-16.1/Cryptlib/Include -I/shim-build/shim-16.1/gnu-efi/inc -I/shim-build/shim-16.1/gnu-efi/inc/aarch64 -I/shim-build/shim-16.1/gnu-efi/inc/protocol -I/shim-build/shim-16.1/Cryptlib/OpenSSL/crypto/asn1 -I/shim-build/shim-16.1/Cryptlib/OpenSSL/crypto/evp -I/shim-build/shim-16.1/Cryptlib/OpenSSL/crypto/modes -I/shim-build/shim-16.1/Cryptlib/OpenSSL/crypto/include -isystem /shim-build/shim-16.1/include/system -isystem /usr/lib/gcc-cross/aarch64-linux-gnu/11/include -DL_ENDIAN -D_CRT_SECURE_NO_DEPRECATE -D_CRT_NONSTDC_NO_DEPRECATE -DOPENSSL_SMALL_FOOTPRINT -DPEDANTIC -DMDE_CPU_AARCH64   -c -o crypto/bio/bss_fd.o /shim-build/shim-16.1/Cryptlib/OpenSSL/crypto/bio/bss_fd.c
#14 70.12 aarch64-linux-gnu-gcc -std=gnu11 -ggdb -gdwarf-4 -gstrict-dwarf -ffreestanding -fmacro-prefix-map=/shim-build/shim-16.1/= -fno-stack-protector -fno-strict-aliasing -fpic -fshort-wchar -nostdinc -Os -Wall -Wextra -Wno-missing-field-initializers -Wno-empty-body -Wno-implicit-fallthrough -Wno-old-style-declaration -Wno-unused-but-set-variable -Wno-unused-parameter -Werror -Wno-error=unused-but-set-variable -Wno-error=unused-parameter -I/shim-build/shim-16.1/Cryptlib/OpenSSL -I/shim-build/shim-16.1/Cryptlib -I/shim-build/shim-16.1/Cryptlib/OpenSSL/Include/ -I/shim-build/shim-16.1/Cryptlib/OpenSSL/crypto -I/shim-build/shim-16.1/Cryptlib/Include -I/shim-build/shim-16.1/gnu-efi/inc -I/shim-build/shim-16.1/gnu-efi/inc/aarch64 -I/shim-build/shim-16.1/gnu-efi/inc/protocol -I/shim-build/shim-16.1/Cryptlib/OpenSSL/crypto/asn1 -I/shim-build/shim-16.1/Cryptlib/OpenSSL/crypto/evp -I/shim-build/shim-16.1/Cryptlib/OpenSSL/crypto/modes -I/shim-build/shim-16.1/Cryptlib/OpenSSL/crypto/include -isystem /shim-build/shim-16.1/include/system -isystem /usr/lib/gcc-cross/aarch64-linux-gnu/11/include -DL_ENDIAN -D_CRT_SECURE_NO_DEPRECATE -D_CRT_NONSTDC_NO_DEPRECATE -DOPENSSL_SMALL_FOOTPRINT -DPEDANTIC -DMDE_CPU_AARCH64   -c -o crypto/bio/bss_file.o /shim-build/shim-16.1/Cryptlib/OpenSSL/crypto/bio/bss_file.c
#14 70.27 aarch64-linux-gnu-gcc -std=gnu11 -ggdb -gdwarf-4 -gstrict-dwarf -ffreestanding -fmacro-prefix-map=/shim-build/shim-16.1/= -fno-stack-protector -fno-strict-aliasing -fpic -fshort-wchar -nostdinc -Os -Wall -Wextra -Wno-missing-field-initializers -Wno-empty-body -Wno-implicit-fallthrough -Wno-old-style-declaration -Wno-unused-but-set-variable -Wno-unused-parameter -Werror -Wno-error=unused-but-set-variable -Wno-error=unused-parameter -I/shim-build/shim-16.1/Cryptlib/OpenSSL -I/shim-build/shim-16.1/Cryptlib -I/shim-build/shim-16.1/Cryptlib/OpenSSL/Include/ -I/shim-build/shim-16.1/Cryptlib/OpenSSL/crypto -I/shim-build/shim-16.1/Cryptlib/Include -I/shim-build/shim-16.1/gnu-efi/inc -I/shim-build/shim-16.1/gnu-efi/inc/aarch64 -I/shim-build/shim-16.1/gnu-efi/inc/protocol -I/shim-build/shim-16.1/Cryptlib/OpenSSL/crypto/asn1 -I/shim-build/shim-16.1/Cryptlib/OpenSSL/crypto/evp -I/shim-build/shim-16.1/Cryptlib/OpenSSL/crypto/modes -I/shim-build/shim-16.1/Cryptlib/OpenSSL/crypto/include -isystem /shim-build/shim-16.1/include/system -isystem /usr/lib/gcc-cross/aarch64-linux-gnu/11/include -DL_ENDIAN -D_CRT_SECURE_NO_DEPRECATE -D_CRT_NONSTDC_NO_DEPRECATE -DOPENSSL_SMALL_FOOTPRINT -DPEDANTIC -DMDE_CPU_AARCH64   -c -o crypto/bio/bss_sock.o /shim-build/shim-16.1/Cryptlib/OpenSSL/crypto/bio/bss_sock.c
#14 70.43 aarch64-linux-gnu-gcc -std=gnu11 -ggdb -gdwarf-4 -gstrict-dwarf -ffreestanding -fmacro-prefix-map=/shim-build/shim-16.1/= -fno-stack-protector -fno-strict-aliasing -fpic -fshort-wchar -nostdinc -Os -Wall -Wextra -Wno-missing-field-initializers -Wno-empty-body -Wno-implicit-fallthrough -Wno-old-style-declaration -Wno-unused-but-set-variable -Wno-unused-parameter -Werror -Wno-error=unused-but-set-variable -Wno-error=unused-parameter -I/shim-build/shim-16.1/Cryptlib/OpenSSL -I/shim-build/shim-16.1/Cryptlib -I/shim-build/shim-16.1/Cryptlib/OpenSSL/Include/ -I/shim-build/shim-16.1/Cryptlib/OpenSSL/crypto -I/shim-build/shim-16.1/Cryptlib/Include -I/shim-build/shim-16.1/gnu-efi/inc -I/shim-build/shim-16.1/gnu-efi/inc/aarch64 -I/shim-build/shim-16.1/gnu-efi/inc/protocol -I/shim-build/shim-16.1/Cryptlib/OpenSSL/crypto/asn1 -I/shim-build/shim-16.1/Cryptlib/OpenSSL/crypto/evp -I/shim-build/shim-16.1/Cryptlib/OpenSSL/crypto/modes -I/shim-build/shim-16.1/Cryptlib/OpenSSL/crypto/include -isystem /shim-build/shim-16.1/include/system -isystem /usr/lib/gcc-cross/aarch64-linux-gnu/11/include -DL_ENDIAN -D_CRT_SECURE_NO_DEPRECATE -D_CRT_NONSTDC_NO_DEPRECATE -DOPENSSL_SMALL_FOOTPRINT -DPEDANTIC -DMDE_CPU_AARCH64   -c -o crypto/bio/bss_conn.o /shim-build/shim-16.1/Cryptlib/OpenSSL/crypto/bio/bss_conn.c
#14 70.58 aarch64-linux-gnu-gcc -std=gnu11 -ggdb -gdwarf-4 -gstrict-dwarf -ffreestanding -fmacro-prefix-map=/shim-build/shim-16.1/= -fno-stack-protector -fno-strict-aliasing -fpic -fshort-wchar -nostdinc -Os -Wall -Wextra -Wno-missing-field-initializers -Wno-empty-body -Wno-implicit-fallthrough -Wno-old-style-declaration -Wno-unused-but-set-variable -Wno-unused-parameter -Werror -Wno-error=unused-but-set-variable -Wno-error=unused-parameter -I/shim-build/shim-16.1/Cryptlib/OpenSSL -I/shim-build/shim-16.1/Cryptlib -I/shim-build/shim-16.1/Cryptlib/OpenSSL/Include/ -I/shim-build/shim-16.1/Cryptlib/OpenSSL/crypto -I/shim-build/shim-16.1/Cryptlib/Include -I/shim-build/shim-16.1/gnu-efi/inc -I/shim-build/shim-16.1/gnu-efi/inc/aarch64 -I/shim-build/shim-16.1/gnu-efi/inc/protocol -I/shim-build/shim-16.1/Cryptlib/OpenSSL/crypto/asn1 -I/shim-build/shim-16.1/Cryptlib/OpenSSL/crypto/evp -I/shim-build/shim-16.1/Cryptlib/OpenSSL/crypto/modes -I/shim-build/shim-16.1/Cryptlib/OpenSSL/crypto/include -isystem /shim-build/shim-16.1/include/system -isystem /usr/lib/gcc-cross/aarch64-linux-gnu/11/include -DL_ENDIAN -D_CRT_SECURE_NO_DEPRECATE -D_CRT_NONSTDC_NO_DEPRECATE -DOPENSSL_SMALL_FOOTPRINT -DPEDANTIC -DMDE_CPU_AARCH64   -c -o crypto/bio/bf_null.o /shim-build/shim-16.1/Cryptlib/OpenSSL/crypto/bio/bf_null.c
#14 70.98 aarch64-linux-gnu-gcc -std=gnu11 -ggdb -gdwarf-4 -gstrict-dwarf -ffreestanding -fmacro-prefix-map=/shim-build/shim-16.1/= -fno-stack-protector -fno-strict-aliasing -fpic -fshort-wchar -nostdinc -Os -Wall -Wextra -Wno-missing-field-initializers -Wno-empty-body -Wno-implicit-fallthrough -Wno-old-style-declaration -Wno-unused-but-set-variable -Wno-unused-parameter -Werror -Wno-error=unused-but-set-variable -Wno-error=unused-parameter -I/shim-build/shim-16.1/Cryptlib/OpenSSL -I/shim-build/shim-16.1/Cryptlib -I/shim-build/shim-16.1/Cryptlib/OpenSSL/Include/ -I/shim-build/shim-16.1/Cryptlib/OpenSSL/crypto -I/shim-build/shim-16.1/Cryptlib/Include -I/shim-build/shim-16.1/gnu-efi/inc -I/shim-build/shim-16.1/gnu-efi/inc/aarch64 -I/shim-build/shim-16.1/gnu-efi/inc/protocol -I/shim-build/shim-16.1/Cryptlib/OpenSSL/crypto/asn1 -I/shim-build/shim-16.1/Cryptlib/OpenSSL/crypto/evp -I/shim-build/shim-16.1/Cryptlib/OpenSSL/crypto/modes -I/shim-build/shim-16.1/Cryptlib/OpenSSL/crypto/include -isystem /shim-build/shim-16.1/include/system -isystem /usr/lib/gcc-cross/aarch64-linux-gnu/11/include -DL_ENDIAN -D_CRT_SECURE_NO_DEPRECATE -D_CRT_NONSTDC_NO_DEPRECATE -DOPENSSL_SMALL_FOOTPRINT -DPEDANTIC -DMDE_CPU_AARCH64   -c -o crypto/bio/bf_buff.o /shim-build/shim-16.1/Cryptlib/OpenSSL/crypto/bio/bf_buff.c
#14 71.49 aarch64-linux-gnu-gcc -std=gnu11 -ggdb -gdwarf-4 -gstrict-dwarf -ffreestanding -fmacro-prefix-map=/shim-build/shim-16.1/= -fno-stack-protector -fno-strict-aliasing -fpic -fshort-wchar -nostdinc -Os -Wall -Wextra -Wno-missing-field-initializers -Wno-empty-body -Wno-implicit-fallthrough -Wno-old-style-declaration -Wno-unused-but-set-variable -Wno-unused-parameter -Werror -Wno-error=unused-but-set-variable -Wno-error=unused-parameter -I/shim-build/shim-16.1/Cryptlib/OpenSSL -I/shim-build/shim-16.1/Cryptlib -I/shim-build/shim-16.1/Cryptlib/OpenSSL/Include/ -I/shim-build/shim-16.1/Cryptlib/OpenSSL/crypto -I/shim-build/shim-16.1/Cryptlib/Include -I/shim-build/shim-16.1/gnu-efi/inc -I/shim-build/shim-16.1/gnu-efi/inc/aarch64 -I/shim-build/shim-16.1/gnu-efi/inc/protocol -I/shim-build/shim-16.1/Cryptlib/OpenSSL/crypto/asn1 -I/shim-build/shim-16.1/Cryptlib/OpenSSL/crypto/evp -I/shim-build/shim-16.1/Cryptlib/OpenSSL/crypto/modes -I/shim-build/shim-16.1/Cryptlib/OpenSSL/crypto/include -isystem /shim-build/shim-16.1/include/system -isystem /usr/lib/gcc-cross/aarch64-linux-gnu/11/include -DL_ENDIAN -D_CRT_SECURE_NO_DEPRECATE -D_CRT_NONSTDC_NO_DEPRECATE -DOPENSSL_SMALL_FOOTPRINT -DPEDANTIC -DMDE_CPU_AARCH64   -c -o crypto/bio/b_dump.o /shim-build/shim-16.1/Cryptlib/OpenSSL/crypto/bio/b_dump.c
#14 71.97 aarch64-linux-gnu-gcc -std=gnu11 -ggdb -gdwarf-4 -gstrict-dwarf -ffreestanding -fmacro-prefix-map=/shim-build/shim-16.1/= -fno-stack-protector -fno-strict-aliasing -fpic -fshort-wchar -nostdinc -Os -Wall -Wextra -Wno-missing-field-initializers -Wno-empty-body -Wno-implicit-fallthrough -Wno-old-style-declaration -Wno-unused-but-set-variable -Wno-unused-parameter -Werror -Wno-error=unused-but-set-variable -Wno-error=unused-parameter -I/shim-build/shim-16.1/Cryptlib/OpenSSL -I/shim-build/shim-16.1/Cryptlib -I/shim-build/shim-16.1/Cryptlib/OpenSSL/Include/ -I/shim-build/shim-16.1/Cryptlib/OpenSSL/crypto -I/shim-build/shim-16.1/Cryptlib/Include -I/shim-build/shim-16.1/gnu-efi/inc -I/shim-build/shim-16.1/gnu-efi/inc/aarch64 -I/shim-build/shim-16.1/gnu-efi/inc/protocol -I/shim-build/shim-16.1/Cryptlib/OpenSSL/crypto/asn1 -I/shim-build/shim-16.1/Cryptlib/OpenSSL/crypto/evp -I/shim-build/shim-16.1/Cryptlib/OpenSSL/crypto/modes -I/shim-build/shim-16.1/Cryptlib/OpenSSL/crypto/include -isystem /shim-build/shim-16.1/include/system -isystem /usr/lib/gcc-cross/aarch64-linux-gnu/11/include -DL_ENDIAN -D_CRT_SECURE_NO_DEPRECATE -D_CRT_NONSTDC_NO_DEPRECATE -DOPENSSL_SMALL_FOOTPRINT -DPEDANTIC -DMDE_CPU_AARCH64   -c -o crypto/bio/b_print.o /shim-build/shim-16.1/Cryptlib/OpenSSL/crypto/bio/b_print.c
#14 72.56 aarch64-linux-gnu-gcc -std=gnu11 -ggdb -gdwarf-4 -gstrict-dwarf -ffreestanding -fmacro-prefix-map=/shim-build/shim-16.1/= -fno-stack-protector -fno-strict-aliasing -fpic -fshort-wchar -nostdinc -Os -Wall -Wextra -Wno-missing-field-initializers -Wno-empty-body -Wno-implicit-fallthrough -Wno-old-style-declaration -Wno-unused-but-set-variable -Wno-unused-parameter -Werror -Wno-error=unused-but-set-variable -Wno-error=unused-parameter -I/shim-build/shim-16.1/Cryptlib/OpenSSL -I/shim-build/shim-16.1/Cryptlib -I/shim-build/shim-16.1/Cryptlib/OpenSSL/Include/ -I/shim-build/shim-16.1/Cryptlib/OpenSSL/crypto -I/shim-build/shim-16.1/Cryptlib/Include -I/shim-build/shim-16.1/gnu-efi/inc -I/shim-build/shim-16.1/gnu-efi/inc/aarch64 -I/shim-build/shim-16.1/gnu-efi/inc/protocol -I/shim-build/shim-16.1/Cryptlib/OpenSSL/crypto/asn1 -I/shim-build/shim-16.1/Cryptlib/OpenSSL/crypto/evp -I/shim-build/shim-16.1/Cryptlib/OpenSSL/crypto/modes -I/shim-build/shim-16.1/Cryptlib/OpenSSL/crypto/include -isystem /shim-build/shim-16.1/include/system -isystem /usr/lib/gcc-cross/aarch64-linux-gnu/11/include -DL_ENDIAN -D_CRT_SECURE_NO_DEPRECATE -D_CRT_NONSTDC_NO_DEPRECATE -DOPENSSL_SMALL_FOOTPRINT -DPEDANTIC -DMDE_CPU_AARCH64   -c -o crypto/bio/b_sock.o /shim-build/shim-16.1/Cryptlib/OpenSSL/crypto/bio/b_sock.c
#14 72.71 aarch64-linux-gnu-gcc -std=gnu11 -ggdb -gdwarf-4 -gstrict-dwarf -ffreestanding -fmacro-prefix-map=/shim-build/shim-16.1/= -fno-stack-protector -fno-strict-aliasing -fpic -fshort-wchar -nostdinc -Os -Wall -Wextra -Wno-missing-field-initializers -Wno-empty-body -Wno-implicit-fallthrough -Wno-old-style-declaration -Wno-unused-but-set-variable -Wno-unused-parameter -Werror -Wno-error=unused-but-set-variable -Wno-error=unused-parameter -I/shim-build/shim-16.1/Cryptlib/OpenSSL -I/shim-build/shim-16.1/Cryptlib -I/shim-build/shim-16.1/Cryptlib/OpenSSL/Include/ -I/shim-build/shim-16.1/Cryptlib/OpenSSL/crypto -I/shim-build/shim-16.1/Cryptlib/Include -I/shim-build/shim-16.1/gnu-efi/inc -I/shim-build/shim-16.1/gnu-efi/inc/aarch64 -I/shim-build/shim-16.1/gnu-efi/inc/protocol -I/shim-build/shim-16.1/Cryptlib/OpenSSL/crypto/asn1 -I/shim-build/shim-16.1/Cryptlib/OpenSSL/crypto/evp -I/shim-build/shim-16.1/Cryptlib/OpenSSL/crypto/modes -I/shim-build/shim-16.1/Cryptlib/OpenSSL/crypto/include -isystem /shim-build/shim-16.1/include/system -isystem /usr/lib/gcc-cross/aarch64-linux-gnu/11/include -DL_ENDIAN -D_CRT_SECURE_NO_DEPRECATE -D_CRT_NONSTDC_NO_DEPRECATE -DOPENSSL_SMALL_FOOTPRINT -DPEDANTIC -DMDE_CPU_AARCH64   -c -o crypto/bio/bss_acpt.o /shim-build/shim-16.1/Cryptlib/OpenSSL/crypto/bio/bss_acpt.c
#14 72.86 aarch64-linux-gnu-gcc -std=gnu11 -ggdb -gdwarf-4 -gstrict-dwarf -ffreestanding -fmacro-prefix-map=/shim-build/shim-16.1/= -fno-stack-protector -fno-strict-aliasing -fpic -fshort-wchar -nostdinc -Os -Wall -Wextra -Wno-missing-field-initializers -Wno-empty-body -Wno-implicit-fallthrough -Wno-old-style-declaration -Wno-unused-but-set-variable -Wno-unused-parameter -Werror -Wno-error=unused-but-set-variable -Wno-error=unused-parameter -I/shim-build/shim-16.1/Cryptlib/OpenSSL -I/shim-build/shim-16.1/Cryptlib -I/shim-build/shim-16.1/Cryptlib/OpenSSL/Include/ -I/shim-build/shim-16.1/Cryptlib/OpenSSL/crypto -I/shim-build/shim-16.1/Cryptlib/Include -I/shim-build/shim-16.1/gnu-efi/inc -I/shim-build/shim-16.1/gnu-efi/inc/aarch64 -I/shim-build/shim-16.1/gnu-efi/inc/protocol -I/shim-build/shim-16.1/Cryptlib/OpenSSL/crypto/asn1 -I/shim-build/shim-16.1/Cryptlib/OpenSSL/crypto/evp -I/shim-build/shim-16.1/Cryptlib/OpenSSL/crypto/modes -I/shim-build/shim-16.1/Cryptlib/OpenSSL/crypto/include -isystem /shim-build/shim-16.1/include/system -isystem /usr/lib/gcc-cross/aarch64-linux-gnu/11/include -DL_ENDIAN -D_CRT_SECURE_NO_DEPRECATE -D_CRT_NONSTDC_NO_DEPRECATE -DOPENSSL_SMALL_FOOTPRINT -DPEDANTIC -DMDE_CPU_AARCH64   -c -o crypto/bio/bf_nbio.o /shim-build/shim-16.1/Cryptlib/OpenSSL/crypto/bio/bf_nbio.c
#14 73.29 aarch64-linux-gnu-gcc -std=gnu11 -ggdb -gdwarf-4 -gstrict-dwarf -ffreestanding -fmacro-prefix-map=/shim-build/shim-16.1/= -fno-stack-protector -fno-strict-aliasing -fpic -fshort-wchar -nostdinc -Os -Wall -Wextra -Wno-missing-field-initializers -Wno-empty-body -Wno-implicit-fallthrough -Wno-old-style-declaration -Wno-unused-but-set-variable -Wno-unused-parameter -Werror -Wno-error=unused-but-set-variable -Wno-error=unused-parameter -I/shim-build/shim-16.1/Cryptlib/OpenSSL -I/shim-build/shim-16.1/Cryptlib -I/shim-build/shim-16.1/Cryptlib/OpenSSL/Include/ -I/shim-build/shim-16.1/Cryptlib/OpenSSL/crypto -I/shim-build/shim-16.1/Cryptlib/Include -I/shim-build/shim-16.1/gnu-efi/inc -I/shim-build/shim-16.1/gnu-efi/inc/aarch64 -I/shim-build/shim-16.1/gnu-efi/inc/protocol -I/shim-build/shim-16.1/Cryptlib/OpenSSL/crypto/asn1 -I/shim-build/shim-16.1/Cryptlib/OpenSSL/crypto/evp -I/shim-build/shim-16.1/Cryptlib/OpenSSL/crypto/modes -I/shim-build/shim-16.1/Cryptlib/OpenSSL/crypto/include -isystem /shim-build/shim-16.1/include/system -isystem /usr/lib/gcc-cross/aarch64-linux-gnu/11/include -DL_ENDIAN -D_CRT_SECURE_NO_DEPRECATE -D_CRT_NONSTDC_NO_DEPRECATE -DOPENSSL_SMALL_FOOTPRINT -DPEDANTIC -DMDE_CPU_AARCH64   -c -o crypto/bio/bss_log.o /shim-build/shim-16.1/Cryptlib/OpenSSL/crypto/bio/bss_log.c
#14 73.72 aarch64-linux-gnu-gcc -std=gnu11 -ggdb -gdwarf-4 -gstrict-dwarf -ffreestanding -fmacro-prefix-map=/shim-build/shim-16.1/= -fno-stack-protector -fno-strict-aliasing -fpic -fshort-wchar -nostdinc -Os -Wall -Wextra -Wno-missing-field-initializers -Wno-empty-body -Wno-implicit-fallthrough -Wno-old-style-declaration -Wno-unused-but-set-variable -Wno-unused-parameter -Werror -Wno-error=unused-but-set-variable -Wno-error=unused-parameter -I/shim-build/shim-16.1/Cryptlib/OpenSSL -I/shim-build/shim-16.1/Cryptlib -I/shim-build/shim-16.1/Cryptlib/OpenSSL/Include/ -I/shim-build/shim-16.1/Cryptlib/OpenSSL/crypto -I/shim-build/shim-16.1/Cryptlib/Include -I/shim-build/shim-16.1/gnu-efi/inc -I/shim-build/shim-16.1/gnu-efi/inc/aarch64 -I/shim-build/shim-16.1/gnu-efi/inc/protocol -I/shim-build/shim-16.1/Cryptlib/OpenSSL/crypto/asn1 -I/shim-build/shim-16.1/Cryptlib/OpenSSL/crypto/evp -I/shim-build/shim-16.1/Cryptlib/OpenSSL/crypto/modes -I/shim-build/shim-16.1/Cryptlib/OpenSSL/crypto/include -isystem /shim-build/shim-16.1/include/system -isystem /usr/lib/gcc-cross/aarch64-linux-gnu/11/include -DL_ENDIAN -D_CRT_SECURE_NO_DEPRECATE -D_CRT_NONSTDC_NO_DEPRECATE -DOPENSSL_SMALL_FOOTPRINT -DPEDANTIC -DMDE_CPU_AARCH64   -c -o crypto/bio/bss_bio.o /shim-build/shim-16.1/Cryptlib/OpenSSL/crypto/bio/bss_bio.c
#14 74.24 aarch64-linux-gnu-gcc -std=gnu11 -ggdb -gdwarf-4 -gstrict-dwarf -ffreestanding -fmacro-prefix-map=/shim-build/shim-16.1/= -fno-stack-protector -fno-strict-aliasing -fpic -fshort-wchar -nostdinc -Os -Wall -Wextra -Wno-missing-field-initializers -Wno-empty-body -Wno-implicit-fallthrough -Wno-old-style-declaration -Wno-unused-but-set-variable -Wno-unused-parameter -Werror -Wno-error=unused-but-set-variable -Wno-error=unused-parameter -I/shim-build/shim-16.1/Cryptlib/OpenSSL -I/shim-build/shim-16.1/Cryptlib -I/shim-build/shim-16.1/Cryptlib/OpenSSL/Include/ -I/shim-build/shim-16.1/Cryptlib/OpenSSL/crypto -I/shim-build/shim-16.1/Cryptlib/Include -I/shim-build/shim-16.1/gnu-efi/inc -I/shim-build/shim-16.1/gnu-efi/inc/aarch64 -I/shim-build/shim-16.1/gnu-efi/inc/protocol -I/shim-build/shim-16.1/Cryptlib/OpenSSL/crypto/asn1 -I/shim-build/shim-16.1/Cryptlib/OpenSSL/crypto/evp -I/shim-build/shim-16.1/Cryptlib/OpenSSL/crypto/modes -I/shim-build/shim-16.1/Cryptlib/OpenSSL/crypto/include -isystem /shim-build/shim-16.1/include/system -isystem /usr/lib/gcc-cross/aarch64-linux-gnu/11/include -DL_ENDIAN -D_CRT_SECURE_NO_DEPRECATE -D_CRT_NONSTDC_NO_DEPRECATE -DOPENSSL_SMALL_FOOTPRINT -DPEDANTIC -DMDE_CPU_AARCH64   -c -o crypto/bio/bss_dgram.o /shim-build/shim-16.1/Cryptlib/OpenSSL/crypto/bio/bss_dgram.c
#14 74.39 aarch64-linux-gnu-gcc -std=gnu11 -ggdb -gdwarf-4 -gstrict-dwarf -ffreestanding -fmacro-prefix-map=/shim-build/shim-16.1/= -fno-stack-protector -fno-strict-aliasing -fpic -fshort-wchar -nostdinc -Os -Wall -Wextra -Wno-missing-field-initializers -Wno-empty-body -Wno-implicit-fallthrough -Wno-old-style-declaration -Wno-unused-but-set-variable -Wno-unused-parameter -Werror -Wno-error=unused-but-set-variable -Wno-error=unused-parameter -I/shim-build/shim-16.1/Cryptlib/OpenSSL -I/shim-build/shim-16.1/Cryptlib -I/shim-build/shim-16.1/Cryptlib/OpenSSL/Include/ -I/shim-build/shim-16.1/Cryptlib/OpenSSL/crypto -I/shim-build/shim-16.1/Cryptlib/Include -I/shim-build/shim-16.1/gnu-efi/inc -I/shim-build/shim-16.1/gnu-efi/inc/aarch64 -I/shim-build/shim-16.1/gnu-efi/inc/protocol -I/shim-build/shim-16.1/Cryptlib/OpenSSL/crypto/asn1 -I/shim-build/shim-16.1/Cryptlib/OpenSSL/crypto/evp -I/shim-build/shim-16.1/Cryptlib/OpenSSL/crypto/modes -I/shim-build/shim-16.1/Cryptlib/OpenSSL/crypto/include -isystem /shim-build/shim-16.1/include/system -isystem /usr/lib/gcc-cross/aarch64-linux-gnu/11/include -DL_ENDIAN -D_CRT_SECURE_NO_DEPRECATE -D_CRT_NONSTDC_NO_DEPRECATE -DOPENSSL_SMALL_FOOTPRINT -DPEDANTIC -DMDE_CPU_AARCH64   -c -o crypto/stack/stack.o /shim-build/shim-16.1/Cryptlib/OpenSSL/crypto/stack/stack.c
#14 74.91 aarch64-linux-gnu-gcc -std=gnu11 -ggdb -gdwarf-4 -gstrict-dwarf -ffreestanding -fmacro-prefix-map=/shim-build/shim-16.1/= -fno-stack-protector -fno-strict-aliasing -fpic -fshort-wchar -nostdinc -Os -Wall -Wextra -Wno-missing-field-initializers -Wno-empty-body -Wno-implicit-fallthrough -Wno-old-style-declaration -Wno-unused-but-set-variable -Wno-unused-parameter -Werror -Wno-error=unused-but-set-variable -Wno-error=unused-parameter -I/shim-build/shim-16.1/Cryptlib/OpenSSL -I/shim-build/shim-16.1/Cryptlib -I/shim-build/shim-16.1/Cryptlib/OpenSSL/Include/ -I/shim-build/shim-16.1/Cryptlib/OpenSSL/crypto -I/shim-build/shim-16.1/Cryptlib/Include -I/shim-build/shim-16.1/gnu-efi/inc -I/shim-build/shim-16.1/gnu-efi/inc/aarch64 -I/shim-build/shim-16.1/gnu-efi/inc/protocol -I/shim-build/shim-16.1/Cryptlib/OpenSSL/crypto/asn1 -I/shim-build/shim-16.1/Cryptlib/OpenSSL/crypto/evp -I/shim-build/shim-16.1/Cryptlib/OpenSSL/crypto/modes -I/shim-build/shim-16.1/Cryptlib/OpenSSL/crypto/include -isystem /shim-build/shim-16.1/include/system -isystem /usr/lib/gcc-cross/aarch64-linux-gnu/11/include -DL_ENDIAN -D_CRT_SECURE_NO_DEPRECATE -D_CRT_NONSTDC_NO_DEPRECATE -DOPENSSL_SMALL_FOOTPRINT -DPEDANTIC -DMDE_CPU_AARCH64   -c -o crypto/lhash/lhash.o /shim-build/shim-16.1/Cryptlib/OpenSSL/crypto/lhash/lhash.c
#14 75.43 aarch64-linux-gnu-gcc -std=gnu11 -ggdb -gdwarf-4 -gstrict-dwarf -ffreestanding -fmacro-prefix-map=/shim-build/shim-16.1/= -fno-stack-protector -fno-strict-aliasing -fpic -fshort-wchar -nostdinc -Os -Wall -Wextra -Wno-missing-field-initializers -Wno-empty-body -Wno-implicit-fallthrough -Wno-old-style-declaration -Wno-unused-but-set-variable -Wno-unused-parameter -Werror -Wno-error=unused-but-set-variable -Wno-error=unused-parameter -I/shim-build/shim-16.1/Cryptlib/OpenSSL -I/shim-build/shim-16.1/Cryptlib -I/shim-build/shim-16.1/Cryptlib/OpenSSL/Include/ -I/shim-build/shim-16.1/Cryptlib/OpenSSL/crypto -I/shim-build/shim-16.1/Cryptlib/Include -I/shim-build/shim-16.1/gnu-efi/inc -I/shim-build/shim-16.1/gnu-efi/inc/aarch64 -I/shim-build/shim-16.1/gnu-efi/inc/protocol -I/shim-build/shim-16.1/Cryptlib/OpenSSL/crypto/asn1 -I/shim-build/shim-16.1/Cryptlib/OpenSSL/crypto/evp -I/shim-build/shim-16.1/Cryptlib/OpenSSL/crypto/modes -I/shim-build/shim-16.1/Cryptlib/OpenSSL/crypto/include -isystem /shim-build/shim-16.1/include/system -isystem /usr/lib/gcc-cross/aarch64-linux-gnu/11/include -DL_ENDIAN -D_CRT_SECURE_NO_DEPRECATE -D_CRT_NONSTDC_NO_DEPRECATE -DOPENSSL_SMALL_FOOTPRINT -DPEDANTIC -DMDE_CPU_AARCH64   -c -o crypto/lhash/lh_stats.o /shim-build/shim-16.1/Cryptlib/OpenSSL/crypto/lhash/lh_stats.c
#14 75.83 aarch64-linux-gnu-gcc -std=gnu11 -ggdb -gdwarf-4 -gstrict-dwarf -ffreestanding -fmacro-prefix-map=/shim-build/shim-16.1/= -fno-stack-protector -fno-strict-aliasing -fpic -fshort-wchar -nostdinc -Os -Wall -Wextra -Wno-missing-field-initializers -Wno-empty-body -Wno-implicit-fallthrough -Wno-old-style-declaration -Wno-unused-but-set-variable -Wno-unused-parameter -Werror -Wno-error=unused-but-set-variable -Wno-error=unused-parameter -I/shim-build/shim-16.1/Cryptlib/OpenSSL -I/shim-build/shim-16.1/Cryptlib -I/shim-build/shim-16.1/Cryptlib/OpenSSL/Include/ -I/shim-build/shim-16.1/Cryptlib/OpenSSL/crypto -I/shim-build/shim-16.1/Cryptlib/Include -I/shim-build/shim-16.1/gnu-efi/inc -I/shim-build/shim-16.1/gnu-efi/inc/aarch64 -I/shim-build/shim-16.1/gnu-efi/inc/protocol -I/shim-build/shim-16.1/Cryptlib/OpenSSL/crypto/asn1 -I/shim-build/shim-16.1/Cryptlib/OpenSSL/crypto/evp -I/shim-build/shim-16.1/Cryptlib/OpenSSL/crypto/modes -I/shim-build/shim-16.1/Cryptlib/OpenSSL/crypto/include -isystem /shim-build/shim-16.1/include/system -isystem /usr/lib/gcc-cross/aarch64-linux-gnu/11/include -DL_ENDIAN -D_CRT_SECURE_NO_DEPRECATE -D_CRT_NONSTDC_NO_DEPRECATE -DOPENSSL_SMALL_FOOTPRINT -DPEDANTIC -DMDE_CPU_AARCH64   -c -o crypto/rand/md_rand.o /shim-build/shim-16.1/Cryptlib/OpenSSL/crypto/rand/md_rand.c
#14 76.35 aarch64-linux-gnu-gcc -std=gnu11 -ggdb -gdwarf-4 -gstrict-dwarf -ffreestanding -fmacro-prefix-map=/shim-build/shim-16.1/= -fno-stack-protector -fno-strict-aliasing -fpic -fshort-wchar -nostdinc -Os -Wall -Wextra -Wno-missing-field-initializers -Wno-empty-body -Wno-implicit-fallthrough -Wno-old-style-declaration -Wno-unused-but-set-variable -Wno-unused-parameter -Werror -Wno-error=unused-but-set-variable -Wno-error=unused-parameter -I/shim-build/shim-16.1/Cryptlib/OpenSSL -I/shim-build/shim-16.1/Cryptlib -I/shim-build/shim-16.1/Cryptlib/OpenSSL/Include/ -I/shim-build/shim-16.1/Cryptlib/OpenSSL/crypto -I/shim-build/shim-16.1/Cryptlib/Include -I/shim-build/shim-16.1/gnu-efi/inc -I/shim-build/shim-16.1/gnu-efi/inc/aarch64 -I/shim-build/shim-16.1/gnu-efi/inc/protocol -I/shim-build/shim-16.1/Cryptlib/OpenSSL/crypto/asn1 -I/shim-build/shim-16.1/Cryptlib/OpenSSL/crypto/evp -I/shim-build/shim-16.1/Cryptlib/OpenSSL/crypto/modes -I/shim-build/shim-16.1/Cryptlib/OpenSSL/crypto/include -isystem /shim-build/shim-16.1/include/system -isystem /usr/lib/gcc-cross/aarch64-linux-gnu/11/include -DL_ENDIAN -D_CRT_SECURE_NO_DEPRECATE -D_CRT_NONSTDC_NO_DEPRECATE -DOPENSSL_SMALL_FOOTPRINT -DPEDANTIC -DMDE_CPU_AARCH64   -c -o crypto/rand/randfile.o /shim-build/shim-16.1/Cryptlib/OpenSSL/crypto/rand/randfile.c
#14 76.76 aarch64-linux-gnu-gcc -std=gnu11 -ggdb -gdwarf-4 -gstrict-dwarf -ffreestanding -fmacro-prefix-map=/shim-build/shim-16.1/= -fno-stack-protector -fno-strict-aliasing -fpic -fshort-wchar -nostdinc -Os -Wall -Wextra -Wno-missing-field-initializers -Wno-empty-body -Wno-implicit-fallthrough -Wno-old-style-declaration -Wno-unused-but-set-variable -Wno-unused-parameter -Werror -Wno-error=unused-but-set-variable -Wno-error=unused-parameter -I/shim-build/shim-16.1/Cryptlib/OpenSSL -I/shim-build/shim-16.1/Cryptlib -I/shim-build/shim-16.1/Cryptlib/OpenSSL/Include/ -I/shim-build/shim-16.1/Cryptlib/OpenSSL/crypto -I/shim-build/shim-16.1/Cryptlib/Include -I/shim-build/shim-16.1/gnu-efi/inc -I/shim-build/shim-16.1/gnu-efi/inc/aarch64 -I/shim-build/shim-16.1/gnu-efi/inc/protocol -I/shim-build/shim-16.1/Cryptlib/OpenSSL/crypto/asn1 -I/shim-build/shim-16.1/Cryptlib/OpenSSL/crypto/evp -I/shim-build/shim-16.1/Cryptlib/OpenSSL/crypto/modes -I/shim-build/shim-16.1/Cryptlib/OpenSSL/crypto/include -isystem /shim-build/shim-16.1/include/system -isystem /usr/lib/gcc-cross/aarch64-linux-gnu/11/include -DL_ENDIAN -D_CRT_SECURE_NO_DEPRECATE -D_CRT_NONSTDC_NO_DEPRECATE -DOPENSSL_SMALL_FOOTPRINT -DPEDANTIC -DMDE_CPU_AARCH64   -c -o crypto/rand/rand_lib.o /shim-build/shim-16.1/Cryptlib/OpenSSL/crypto/rand/rand_lib.c
#14 77.12 aarch64-linux-gnu-gcc -std=gnu11 -ggdb -gdwarf-4 -gstrict-dwarf -ffreestanding -fmacro-prefix-map=/shim-build/shim-16.1/= -fno-stack-protector -fno-strict-aliasing -fpic -fshort-wchar -nostdinc -Os -Wall -Wextra -Wno-missing-field-initializers -Wno-empty-body -Wno-implicit-fallthrough -Wno-old-style-declaration -Wno-unused-but-set-variable -Wno-unused-parameter -Werror -Wno-error=unused-but-set-variable -Wno-error=unused-parameter -I/shim-build/shim-16.1/Cryptlib/OpenSSL -I/shim-build/shim-16.1/Cryptlib -I/shim-build/shim-16.1/Cryptlib/OpenSSL/Include/ -I/shim-build/shim-16.1/Cryptlib/OpenSSL/crypto -I/shim-build/shim-16.1/Cryptlib/Include -I/shim-build/shim-16.1/gnu-efi/inc -I/shim-build/shim-16.1/gnu-efi/inc/aarch64 -I/shim-build/shim-16.1/gnu-efi/inc/protocol -I/shim-build/shim-16.1/Cryptlib/OpenSSL/crypto/asn1 -I/shim-build/shim-16.1/Cryptlib/OpenSSL/crypto/evp -I/shim-build/shim-16.1/Cryptlib/OpenSSL/crypto/modes -I/shim-build/shim-16.1/Cryptlib/OpenSSL/crypto/include -isystem /shim-build/shim-16.1/include/system -isystem /usr/lib/gcc-cross/aarch64-linux-gnu/11/include -DL_ENDIAN -D_CRT_SECURE_NO_DEPRECATE -D_CRT_NONSTDC_NO_DEPRECATE -DOPENSSL_SMALL_FOOTPRINT -DPEDANTIC -DMDE_CPU_AARCH64   -c -o crypto/rand/rand_err.o /shim-build/shim-16.1/Cryptlib/OpenSSL/crypto/rand/rand_err.c
#14 77.36 aarch64-linux-gnu-gcc -std=gnu11 -ggdb -gdwarf-4 -gstrict-dwarf -ffreestanding -fmacro-prefix-map=/shim-build/shim-16.1/= -fno-stack-protector -fno-strict-aliasing -fpic -fshort-wchar -nostdinc -Os -Wall -Wextra -Wno-missing-field-initializers -Wno-empty-body -Wno-implicit-fallthrough -Wno-old-style-declaration -Wno-unused-but-set-variable -Wno-unused-parameter -Werror -Wno-error=unused-but-set-variable -Wno-error=unused-parameter -I/shim-build/shim-16.1/Cryptlib/OpenSSL -I/shim-build/shim-16.1/Cryptlib -I/shim-build/shim-16.1/Cryptlib/OpenSSL/Include/ -I/shim-build/shim-16.1/Cryptlib/OpenSSL/crypto -I/shim-build/shim-16.1/Cryptlib/Include -I/shim-build/shim-16.1/gnu-efi/inc -I/shim-build/shim-16.1/gnu-efi/inc/aarch64 -I/shim-build/shim-16.1/gnu-efi/inc/protocol -I/shim-build/shim-16.1/Cryptlib/OpenSSL/crypto/asn1 -I/shim-build/shim-16.1/Cryptlib/OpenSSL/crypto/evp -I/shim-build/shim-16.1/Cryptlib/OpenSSL/crypto/modes -I/shim-build/shim-16.1/Cryptlib/OpenSSL/crypto/include -isystem /shim-build/shim-16.1/include/system -isystem /usr/lib/gcc-cross/aarch64-linux-gnu/11/include -DL_ENDIAN -D_CRT_SECURE_NO_DEPRECATE -D_CRT_NONSTDC_NO_DEPRECATE -DOPENSSL_SMALL_FOOTPRINT -DPEDANTIC -DMDE_CPU_AARCH64   -c -o crypto/rand/rand_unix.o /shim-build/shim-16.1/Cryptlib/OpenSSL/crypto/rand/rand_unix.c
#14 77.63 aarch64-linux-gnu-gcc -std=gnu11 -ggdb -gdwarf-4 -gstrict-dwarf -ffreestanding -fmacro-prefix-map=/shim-build/shim-16.1/= -fno-stack-protector -fno-strict-aliasing -fpic -fshort-wchar -nostdinc -Os -Wall -Wextra -Wno-missing-field-initializers -Wno-empty-body -Wno-implicit-fallthrough -Wno-old-style-declaration -Wno-unused-but-set-variable -Wno-unused-parameter -Werror -Wno-error=unused-but-set-variable -Wno-error=unused-parameter -I/shim-build/shim-16.1/Cryptlib/OpenSSL -I/shim-build/shim-16.1/Cryptlib -I/shim-build/shim-16.1/Cryptlib/OpenSSL/Include/ -I/shim-build/shim-16.1/Cryptlib/OpenSSL/crypto -I/shim-build/shim-16.1/Cryptlib/Include -I/shim-build/shim-16.1/gnu-efi/inc -I/shim-build/shim-16.1/gnu-efi/inc/aarch64 -I/shim-build/shim-16.1/gnu-efi/inc/protocol -I/shim-build/shim-16.1/Cryptlib/OpenSSL/crypto/asn1 -I/shim-build/shim-16.1/Cryptlib/OpenSSL/crypto/evp -I/shim-build/shim-16.1/Cryptlib/OpenSSL/crypto/modes -I/shim-build/shim-16.1/Cryptlib/OpenSSL/crypto/include -isystem /shim-build/shim-16.1/include/system -isystem /usr/lib/gcc-cross/aarch64-linux-gnu/11/include -DL_ENDIAN -D_CRT_SECURE_NO_DEPRECATE -D_CRT_NONSTDC_NO_DEPRECATE -DOPENSSL_SMALL_FOOTPRINT -DPEDANTIC -DMDE_CPU_AARCH64   -c -o crypto/err/err.o /shim-build/shim-16.1/Cryptlib/OpenSSL/crypto/err/err.c
#14 78.24 aarch64-linux-gnu-gcc -std=gnu11 -ggdb -gdwarf-4 -gstrict-dwarf -ffreestanding -fmacro-prefix-map=/shim-build/shim-16.1/= -fno-stack-protector -fno-strict-aliasing -fpic -fshort-wchar -nostdinc -Os -Wall -Wextra -Wno-missing-field-initializers -Wno-empty-body -Wno-implicit-fallthrough -Wno-old-style-declaration -Wno-unused-but-set-variable -Wno-unused-parameter -Werror -Wno-error=unused-but-set-variable -Wno-error=unused-parameter -I/shim-build/shim-16.1/Cryptlib/OpenSSL -I/shim-build/shim-16.1/Cryptlib -I/shim-build/shim-16.1/Cryptlib/OpenSSL/Include/ -I/shim-build/shim-16.1/Cryptlib/OpenSSL/crypto -I/shim-build/shim-16.1/Cryptlib/Include -I/shim-build/shim-16.1/gnu-efi/inc -I/shim-build/shim-16.1/gnu-efi/inc/aarch64 -I/shim-build/shim-16.1/gnu-efi/inc/protocol -I/shim-build/shim-16.1/Cryptlib/OpenSSL/crypto/asn1 -I/shim-build/shim-16.1/Cryptlib/OpenSSL/crypto/evp -I/shim-build/shim-16.1/Cryptlib/OpenSSL/crypto/modes -I/shim-build/shim-16.1/Cryptlib/OpenSSL/crypto/include -isystem /shim-build/shim-16.1/include/system -isystem /usr/lib/gcc-cross/aarch64-linux-gnu/11/include -DL_ENDIAN -D_CRT_SECURE_NO_DEPRECATE -D_CRT_NONSTDC_NO_DEPRECATE -DOPENSSL_SMALL_FOOTPRINT -DPEDANTIC -DMDE_CPU_AARCH64   -c -o crypto/err/err_all.o /shim-build/shim-16.1/Cryptlib/OpenSSL/crypto/err/err_all.c
#14 78.50 aarch64-linux-gnu-gcc -std=gnu11 -ggdb -gdwarf-4 -gstrict-dwarf -ffreestanding -fmacro-prefix-map=/shim-build/shim-16.1/= -fno-stack-protector -fno-strict-aliasing -fpic -fshort-wchar -nostdinc -Os -Wall -Wextra -Wno-missing-field-initializers -Wno-empty-body -Wno-implicit-fallthrough -Wno-old-style-declaration -Wno-unused-but-set-variable -Wno-unused-parameter -Werror -Wno-error=unused-but-set-variable -Wno-error=unused-parameter -I/shim-build/shim-16.1/Cryptlib/OpenSSL -I/shim-build/shim-16.1/Cryptlib -I/shim-build/shim-16.1/Cryptlib/OpenSSL/Include/ -I/shim-build/shim-16.1/Cryptlib/OpenSSL/crypto -I/shim-build/shim-16.1/Cryptlib/Include -I/shim-build/shim-16.1/gnu-efi/inc -I/shim-build/shim-16.1/gnu-efi/inc/aarch64 -I/shim-build/shim-16.1/gnu-efi/inc/protocol -I/shim-build/shim-16.1/Cryptlib/OpenSSL/crypto/asn1 -I/shim-build/shim-16.1/Cryptlib/OpenSSL/crypto/evp -I/shim-build/shim-16.1/Cryptlib/OpenSSL/crypto/modes -I/shim-build/shim-16.1/Cryptlib/OpenSSL/crypto/include -isystem /shim-build/shim-16.1/include/system -isystem /usr/lib/gcc-cross/aarch64-linux-gnu/11/include -DL_ENDIAN -D_CRT_SECURE_NO_DEPRECATE -D_CRT_NONSTDC_NO_DEPRECATE -DOPENSSL_SMALL_FOOTPRINT -DPEDANTIC -DMDE_CPU_AARCH64   -c -o crypto/err/err_prn.o /shim-build/shim-16.1/Cryptlib/OpenSSL/crypto/err/err_prn.c
#14 78.88 aarch64-linux-gnu-gcc -std=gnu11 -ggdb -gdwarf-4 -gstrict-dwarf -ffreestanding -fmacro-prefix-map=/shim-build/shim-16.1/= -fno-stack-protector -fno-strict-aliasing -fpic -fshort-wchar -nostdinc -Os -Wall -Wextra -Wno-missing-field-initializers -Wno-empty-body -Wno-implicit-fallthrough -Wno-old-style-declaration -Wno-unused-but-set-variable -Wno-unused-parameter -Werror -Wno-error=unused-but-set-variable -Wno-error=unused-parameter -I/shim-build/shim-16.1/Cryptlib/OpenSSL -I/shim-build/shim-16.1/Cryptlib -I/shim-build/shim-16.1/Cryptlib/OpenSSL/Include/ -I/shim-build/shim-16.1/Cryptlib/OpenSSL/crypto -I/shim-build/shim-16.1/Cryptlib/Include -I/shim-build/shim-16.1/gnu-efi/inc -I/shim-build/shim-16.1/gnu-efi/inc/aarch64 -I/shim-build/shim-16.1/gnu-efi/inc/protocol -I/shim-build/shim-16.1/Cryptlib/OpenSSL/crypto/asn1 -I/shim-build/shim-16.1/Cryptlib/OpenSSL/crypto/evp -I/shim-build/shim-16.1/Cryptlib/OpenSSL/crypto/modes -I/shim-build/shim-16.1/Cryptlib/OpenSSL/crypto/include -isystem /shim-build/shim-16.1/include/system -isystem /usr/lib/gcc-cross/aarch64-linux-gnu/11/include -DL_ENDIAN -D_CRT_SECURE_NO_DEPRECATE -D_CRT_NONSTDC_NO_DEPRECATE -DOPENSSL_SMALL_FOOTPRINT -DPEDANTIC -DMDE_CPU_AARCH64   -c -o crypto/objects/o_names.o /shim-build/shim-16.1/Cryptlib/OpenSSL/crypto/objects/o_names.c
#14 79.38 aarch64-linux-gnu-gcc -std=gnu11 -ggdb -gdwarf-4 -gstrict-dwarf -ffreestanding -fmacro-prefix-map=/shim-build/shim-16.1/= -fno-stack-protector -fno-strict-aliasing -fpic -fshort-wchar -nostdinc -Os -Wall -Wextra -Wno-missing-field-initializers -Wno-empty-body -Wno-implicit-fallthrough -Wno-old-style-declaration -Wno-unused-but-set-variable -Wno-unused-parameter -Werror -Wno-error=unused-but-set-variable -Wno-error=unused-parameter -I/shim-build/shim-16.1/Cryptlib/OpenSSL -I/shim-build/shim-16.1/Cryptlib -I/shim-build/shim-16.1/Cryptlib/OpenSSL/Include/ -I/shim-build/shim-16.1/Cryptlib/OpenSSL/crypto -I/shim-build/shim-16.1/Cryptlib/Include -I/shim-build/shim-16.1/gnu-efi/inc -I/shim-build/shim-16.1/gnu-efi/inc/aarch64 -I/shim-build/shim-16.1/gnu-efi/inc/protocol -I/shim-build/shim-16.1/Cryptlib/OpenSSL/crypto/asn1 -I/shim-build/shim-16.1/Cryptlib/OpenSSL/crypto/evp -I/shim-build/shim-16.1/Cryptlib/OpenSSL/crypto/modes -I/shim-build/shim-16.1/Cryptlib/OpenSSL/crypto/include -isystem /shim-build/shim-16.1/include/system -isystem /usr/lib/gcc-cross/aarch64-linux-gnu/11/include -DL_ENDIAN -D_CRT_SECURE_NO_DEPRECATE -D_CRT_NONSTDC_NO_DEPRECATE -DOPENSSL_SMALL_FOOTPRINT -DPEDANTIC -DMDE_CPU_AARCH64   -c -o crypto/objects/obj_dat.o /shim-build/shim-16.1/Cryptlib/OpenSSL/crypto/objects/obj_dat.c
#14 80.02 aarch64-linux-gnu-gcc -std=gnu11 -ggdb -gdwarf-4 -gstrict-dwarf -ffreestanding -fmacro-prefix-map=/shim-build/shim-16.1/= -fno-stack-protector -fno-strict-aliasing -fpic -fshort-wchar -nostdinc -Os -Wall -Wextra -Wno-missing-field-initializers -Wno-empty-body -Wno-implicit-fallthrough -Wno-old-style-declaration -Wno-unused-but-set-variable -Wno-unused-parameter -Werror -Wno-error=unused-but-set-variable -Wno-error=unused-parameter -I/shim-build/shim-16.1/Cryptlib/OpenSSL -I/shim-build/shim-16.1/Cryptlib -I/shim-build/shim-16.1/Cryptlib/OpenSSL/Include/ -I/shim-build/shim-16.1/Cryptlib/OpenSSL/crypto -I/shim-build/shim-16.1/Cryptlib/Include -I/shim-build/shim-16.1/gnu-efi/inc -I/shim-build/shim-16.1/gnu-efi/inc/aarch64 -I/shim-build/shim-16.1/gnu-efi/inc/protocol -I/shim-build/shim-16.1/Cryptlib/OpenSSL/crypto/asn1 -I/shim-build/shim-16.1/Cryptlib/OpenSSL/crypto/evp -I/shim-build/shim-16.1/Cryptlib/OpenSSL/crypto/modes -I/shim-build/shim-16.1/Cryptlib/OpenSSL/crypto/include -isystem /shim-build/shim-16.1/include/system -isystem /usr/lib/gcc-cross/aarch64-linux-gnu/11/include -DL_ENDIAN -D_CRT_SECURE_NO_DEPRECATE -D_CRT_NONSTDC_NO_DEPRECATE -DOPENSSL_SMALL_FOOTPRINT -DPEDANTIC -DMDE_CPU_AARCH64   -c -o crypto/objects/obj_lib.o /shim-build/shim-16.1/Cryptlib/OpenSSL/crypto/objects/obj_lib.c
#14 80.42 aarch64-linux-gnu-gcc -std=gnu11 -ggdb -gdwarf-4 -gstrict-dwarf -ffreestanding -fmacro-prefix-map=/shim-build/shim-16.1/= -fno-stack-protector -fno-strict-aliasing -fpic -fshort-wchar -nostdinc -Os -Wall -Wextra -Wno-missing-field-initializers -Wno-empty-body -Wno-implicit-fallthrough -Wno-old-style-declaration -Wno-unused-but-set-variable -Wno-unused-parameter -Werror -Wno-error=unused-but-set-variable -Wno-error=unused-parameter -I/shim-build/shim-16.1/Cryptlib/OpenSSL -I/shim-build/shim-16.1/Cryptlib -I/shim-build/shim-16.1/Cryptlib/OpenSSL/Include/ -I/shim-build/shim-16.1/Cryptlib/OpenSSL/crypto -I/shim-build/shim-16.1/Cryptlib/Include -I/shim-build/shim-16.1/gnu-efi/inc -I/shim-build/shim-16.1/gnu-efi/inc/aarch64 -I/shim-build/shim-16.1/gnu-efi/inc/protocol -I/shim-build/shim-16.1/Cryptlib/OpenSSL/crypto/asn1 -I/shim-build/shim-16.1/Cryptlib/OpenSSL/crypto/evp -I/shim-build/shim-16.1/Cryptlib/OpenSSL/crypto/modes -I/shim-build/shim-16.1/Cryptlib/OpenSSL/crypto/include -isystem /shim-build/shim-16.1/include/system -isystem /usr/lib/gcc-cross/aarch64-linux-gnu/11/include -DL_ENDIAN -D_CRT_SECURE_NO_DEPRECATE -D_CRT_NONSTDC_NO_DEPRECATE -DOPENSSL_SMALL_FOOTPRINT -DPEDANTIC -DMDE_CPU_AARCH64   -c -o crypto/objects/obj_err.o /shim-build/shim-16.1/Cryptlib/OpenSSL/crypto/objects/obj_err.c
#14 80.66 aarch64-linux-gnu-gcc -std=gnu11 -ggdb -gdwarf-4 -gstrict-dwarf -ffreestanding -fmacro-prefix-map=/shim-build/shim-16.1/= -fno-stack-protector -fno-strict-aliasing -fpic -fshort-wchar -nostdinc -Os -Wall -Wextra -Wno-missing-field-initializers -Wno-empty-body -Wno-implicit-fallthrough -Wno-old-style-declaration -Wno-unused-but-set-variable -Wno-unused-parameter -Werror -Wno-error=unused-but-set-variable -Wno-error=unused-parameter -I/shim-build/shim-16.1/Cryptlib/OpenSSL -I/shim-build/shim-16.1/Cryptlib -I/shim-build/shim-16.1/Cryptlib/OpenSSL/Include/ -I/shim-build/shim-16.1/Cryptlib/OpenSSL/crypto -I/shim-build/shim-16.1/Cryptlib/Include -I/shim-build/shim-16.1/gnu-efi/inc -I/shim-build/shim-16.1/gnu-efi/inc/aarch64 -I/shim-build/shim-16.1/gnu-efi/inc/protocol -I/shim-build/shim-16.1/Cryptlib/OpenSSL/crypto/asn1 -I/shim-build/shim-16.1/Cryptlib/OpenSSL/crypto/evp -I/shim-build/shim-16.1/Cryptlib/OpenSSL/crypto/modes -I/shim-build/shim-16.1/Cryptlib/OpenSSL/crypto/include -isystem /shim-build/shim-16.1/include/system -isystem /usr/lib/gcc-cross/aarch64-linux-gnu/11/include -DL_ENDIAN -D_CRT_SECURE_NO_DEPRECATE -D_CRT_NONSTDC_NO_DEPRECATE -DOPENSSL_SMALL_FOOTPRINT -DPEDANTIC -DMDE_CPU_AARCH64   -c -o crypto/objects/obj_xref.o /shim-build/shim-16.1/Cryptlib/OpenSSL/crypto/objects/obj_xref.c
#14 81.14 aarch64-linux-gnu-gcc -std=gnu11 -ggdb -gdwarf-4 -gstrict-dwarf -ffreestanding -fmacro-prefix-map=/shim-build/shim-16.1/= -fno-stack-protector -fno-strict-aliasing -fpic -fshort-wchar -nostdinc -Os -Wall -Wextra -Wno-missing-field-initializers -Wno-empty-body -Wno-implicit-fallthrough -Wno-old-style-declaration -Wno-unused-but-set-variable -Wno-unused-parameter -Werror -Wno-error=unused-but-set-variable -Wno-error=unused-parameter -I/shim-build/shim-16.1/Cryptlib/OpenSSL -I/shim-build/shim-16.1/Cryptlib -I/shim-build/shim-16.1/Cryptlib/OpenSSL/Include/ -I/shim-build/shim-16.1/Cryptlib/OpenSSL/crypto -I/shim-build/shim-16.1/Cryptlib/Include -I/shim-build/shim-16.1/gnu-efi/inc -I/shim-build/shim-16.1/gnu-efi/inc/aarch64 -I/shim-build/shim-16.1/gnu-efi/inc/protocol -I/shim-build/shim-16.1/Cryptlib/OpenSSL/crypto/asn1 -I/shim-build/shim-16.1/Cryptlib/OpenSSL/crypto/evp -I/shim-build/shim-16.1/Cryptlib/OpenSSL/crypto/modes -I/shim-build/shim-16.1/Cryptlib/OpenSSL/crypto/include -isystem /shim-build/shim-16.1/include/system -isystem /usr/lib/gcc-cross/aarch64-linux-gnu/11/include -DL_ENDIAN -D_CRT_SECURE_NO_DEPRECATE -D_CRT_NONSTDC_NO_DEPRECATE -DOPENSSL_SMALL_FOOTPRINT -DPEDANTIC -DMDE_CPU_AARCH64   -c -o crypto/evp/encode.o /shim-build/shim-16.1/Cryptlib/OpenSSL/crypto/evp/encode.c
#14 81.67 aarch64-linux-gnu-gcc -std=gnu11 -ggdb -gdwarf-4 -gstrict-dwarf -ffreestanding -fmacro-prefix-map=/shim-build/shim-16.1/= -fno-stack-protector -fno-strict-aliasing -fpic -fshort-wchar -nostdinc -Os -Wall -Wextra -Wno-missing-field-initializers -Wno-empty-body -Wno-implicit-fallthrough -Wno-old-style-declaration -Wno-unused-but-set-variable -Wno-unused-parameter -Werror -Wno-error=unused-but-set-variable -Wno-error=unused-parameter -I/shim-build/shim-16.1/Cryptlib/OpenSSL -I/shim-build/shim-16.1/Cryptlib -I/shim-build/shim-16.1/Cryptlib/OpenSSL/Include/ -I/shim-build/shim-16.1/Cryptlib/OpenSSL/crypto -I/shim-build/shim-16.1/Cryptlib/Include -I/shim-build/shim-16.1/gnu-efi/inc -I/shim-build/shim-16.1/gnu-efi/inc/aarch64 -I/shim-build/shim-16.1/gnu-efi/inc/protocol -I/shim-build/shim-16.1/Cryptlib/OpenSSL/crypto/asn1 -I/shim-build/shim-16.1/Cryptlib/OpenSSL/crypto/evp -I/shim-build/shim-16.1/Cryptlib/OpenSSL/crypto/modes -I/shim-build/shim-16.1/Cryptlib/OpenSSL/crypto/include -isystem /shim-build/shim-16.1/include/system -isystem /usr/lib/gcc-cross/aarch64-linux-gnu/11/include -DL_ENDIAN -D_CRT_SECURE_NO_DEPRECATE -D_CRT_NONSTDC_NO_DEPRECATE -DOPENSSL_SMALL_FOOTPRINT -DPEDANTIC -DMDE_CPU_AARCH64   -c -o crypto/evp/digest.o /shim-build/shim-16.1/Cryptlib/OpenSSL/crypto/evp/digest.c
#14 82.10 aarch64-linux-gnu-gcc -std=gnu11 -ggdb -gdwarf-4 -gstrict-dwarf -ffreestanding -fmacro-prefix-map=/shim-build/shim-16.1/= -fno-stack-protector -fno-strict-aliasing -fpic -fshort-wchar -nostdinc -Os -Wall -Wextra -Wno-missing-field-initializers -Wno-empty-body -Wno-implicit-fallthrough -Wno-old-style-declaration -Wno-unused-but-set-variable -Wno-unused-parameter -Werror -Wno-error=unused-but-set-variable -Wno-error=unused-parameter -I/shim-build/shim-16.1/Cryptlib/OpenSSL -I/shim-build/shim-16.1/Cryptlib -I/shim-build/shim-16.1/Cryptlib/OpenSSL/Include/ -I/shim-build/shim-16.1/Cryptlib/OpenSSL/crypto -I/shim-build/shim-16.1/Cryptlib/Include -I/shim-build/shim-16.1/gnu-efi/inc -I/shim-build/shim-16.1/gnu-efi/inc/aarch64 -I/shim-build/shim-16.1/gnu-efi/inc/protocol -I/shim-build/shim-16.1/Cryptlib/OpenSSL/crypto/asn1 -I/shim-build/shim-16.1/Cryptlib/OpenSSL/crypto/evp -I/shim-build/shim-16.1/Cryptlib/OpenSSL/crypto/modes -I/shim-build/shim-16.1/Cryptlib/OpenSSL/crypto/include -isystem /shim-build/shim-16.1/include/system -isystem /usr/lib/gcc-cross/aarch64-linux-gnu/11/include -DL_ENDIAN -D_CRT_SECURE_NO_DEPRECATE -D_CRT_NONSTDC_NO_DEPRECATE -DOPENSSL_SMALL_FOOTPRINT -DPEDANTIC -DMDE_CPU_AARCH64   -c -o crypto/evp/evp_enc.o /shim-build/shim-16.1/Cryptlib/OpenSSL/crypto/evp/evp_enc.c
#14 82.64 aarch64-linux-gnu-gcc -std=gnu11 -ggdb -gdwarf-4 -gstrict-dwarf -ffreestanding -fmacro-prefix-map=/shim-build/shim-16.1/= -fno-stack-protector -fno-strict-aliasing -fpic -fshort-wchar -nostdinc -Os -Wall -Wextra -Wno-missing-field-initializers -Wno-empty-body -Wno-implicit-fallthrough -Wno-old-style-declaration -Wno-unused-but-set-variable -Wno-unused-parameter -Werror -Wno-error=unused-but-set-variable -Wno-error=unused-parameter -I/shim-build/shim-16.1/Cryptlib/OpenSSL -I/shim-build/shim-16.1/Cryptlib -I/shim-build/shim-16.1/Cryptlib/OpenSSL/Include/ -I/shim-build/shim-16.1/Cryptlib/OpenSSL/crypto -I/shim-build/shim-16.1/Cryptlib/Include -I/shim-build/shim-16.1/gnu-efi/inc -I/shim-build/shim-16.1/gnu-efi/inc/aarch64 -I/shim-build/shim-16.1/gnu-efi/inc/protocol -I/shim-build/shim-16.1/Cryptlib/OpenSSL/crypto/asn1 -I/shim-build/shim-16.1/Cryptlib/OpenSSL/crypto/evp -I/shim-build/shim-16.1/Cryptlib/OpenSSL/crypto/modes -I/shim-build/shim-16.1/Cryptlib/OpenSSL/crypto/include -isystem /shim-build/shim-16.1/include/system -isystem /usr/lib/gcc-cross/aarch64-linux-gnu/11/include -DL_ENDIAN -D_CRT_SECURE_NO_DEPRECATE -D_CRT_NONSTDC_NO_DEPRECATE -DOPENSSL_SMALL_FOOTPRINT -DPEDANTIC -DMDE_CPU_AARCH64   -c -o crypto/evp/evp_key.o /shim-build/shim-16.1/Cryptlib/OpenSSL/crypto/evp/evp_key.c
#14 83.09 aarch64-linux-gnu-gcc -std=gnu11 -ggdb -gdwarf-4 -gstrict-dwarf -ffreestanding -fmacro-prefix-map=/shim-build/shim-16.1/= -fno-stack-protector -fno-strict-aliasing -fpic -fshort-wchar -nostdinc -Os -Wall -Wextra -Wno-missing-field-initializers -Wno-empty-body -Wno-implicit-fallthrough -Wno-old-style-declaration -Wno-unused-but-set-variable -Wno-unused-parameter -Werror -Wno-error=unused-but-set-variable -Wno-error=unused-parameter -I/shim-build/shim-16.1/Cryptlib/OpenSSL -I/shim-build/shim-16.1/Cryptlib -I/shim-build/shim-16.1/Cryptlib/OpenSSL/Include/ -I/shim-build/shim-16.1/Cryptlib/OpenSSL/crypto -I/shim-build/shim-16.1/Cryptlib/Include -I/shim-build/shim-16.1/gnu-efi/inc -I/shim-build/shim-16.1/gnu-efi/inc/aarch64 -I/shim-build/shim-16.1/gnu-efi/inc/protocol -I/shim-build/shim-16.1/Cryptlib/OpenSSL/crypto/asn1 -I/shim-build/shim-16.1/Cryptlib/OpenSSL/crypto/evp -I/shim-build/shim-16.1/Cryptlib/OpenSSL/crypto/modes -I/shim-build/shim-16.1/Cryptlib/OpenSSL/crypto/include -isystem /shim-build/shim-16.1/include/system -isystem /usr/lib/gcc-cross/aarch64-linux-gnu/11/include -DL_ENDIAN -D_CRT_SECURE_NO_DEPRECATE -D_CRT_NONSTDC_NO_DEPRECATE -DOPENSSL_SMALL_FOOTPRINT -DPEDANTIC -DMDE_CPU_AARCH64   -c -o crypto/evp/evp_acnf.o /shim-build/shim-16.1/Cryptlib/OpenSSL/crypto/evp/evp_acnf.c
#14 83.37 aarch64-linux-gnu-gcc -std=gnu11 -ggdb -gdwarf-4 -gstrict-dwarf -ffreestanding -fmacro-prefix-map=/shim-build/shim-16.1/= -fno-stack-protector -fno-strict-aliasing -fpic -fshort-wchar -nostdinc -Os -Wall -Wextra -Wno-missing-field-initializers -Wno-empty-body -Wno-implicit-fallthrough -Wno-old-style-declaration -Wno-unused-but-set-variable -Wno-unused-parameter -Werror -Wno-error=unused-but-set-variable -Wno-error=unused-parameter -I/shim-build/shim-16.1/Cryptlib/OpenSSL -I/shim-build/shim-16.1/Cryptlib -I/shim-build/shim-16.1/Cryptlib/OpenSSL/Include/ -I/shim-build/shim-16.1/Cryptlib/OpenSSL/crypto -I/shim-build/shim-16.1/Cryptlib/Include -I/shim-build/shim-16.1/gnu-efi/inc -I/shim-build/shim-16.1/gnu-efi/inc/aarch64 -I/shim-build/shim-16.1/gnu-efi/inc/protocol -I/shim-build/shim-16.1/Cryptlib/OpenSSL/crypto/asn1 -I/shim-build/shim-16.1/Cryptlib/OpenSSL/crypto/evp -I/shim-build/shim-16.1/Cryptlib/OpenSSL/crypto/modes -I/shim-build/shim-16.1/Cryptlib/OpenSSL/crypto/include -isystem /shim-build/shim-16.1/include/system -isystem /usr/lib/gcc-cross/aarch64-linux-gnu/11/include -DL_ENDIAN -D_CRT_SECURE_NO_DEPRECATE -D_CRT_NONSTDC_NO_DEPRECATE -DOPENSSL_SMALL_FOOTPRINT -DPEDANTIC -DMDE_CPU_AARCH64   -c -o crypto/evp/evp_cnf.o /shim-build/shim-16.1/Cryptlib/OpenSSL/crypto/evp/evp_cnf.c
#14 83.76 aarch64-linux-gnu-gcc -std=gnu11 -ggdb -gdwarf-4 -gstrict-dwarf -ffreestanding -fmacro-prefix-map=/shim-build/shim-16.1/= -fno-stack-protector -fno-strict-aliasing -fpic -fshort-wchar -nostdinc -Os -Wall -Wextra -Wno-missing-field-initializers -Wno-empty-body -Wno-implicit-fallthrough -Wno-old-style-declaration -Wno-unused-but-set-variable -Wno-unused-parameter -Werror -Wno-error=unused-but-set-variable -Wno-error=unused-parameter -I/shim-build/shim-16.1/Cryptlib/OpenSSL -I/shim-build/shim-16.1/Cryptlib -I/shim-build/shim-16.1/Cryptlib/OpenSSL/Include/ -I/shim-build/shim-16.1/Cryptlib/OpenSSL/crypto -I/shim-build/shim-16.1/Cryptlib/Include -I/shim-build/shim-16.1/gnu-efi/inc -I/shim-build/shim-16.1/gnu-efi/inc/aarch64 -I/shim-build/shim-16.1/gnu-efi/inc/protocol -I/shim-build/shim-16.1/Cryptlib/OpenSSL/crypto/asn1 -I/shim-build/shim-16.1/Cryptlib/OpenSSL/crypto/evp -I/shim-build/shim-16.1/Cryptlib/OpenSSL/crypto/modes -I/shim-build/shim-16.1/Cryptlib/OpenSSL/crypto/include -isystem /shim-build/shim-16.1/include/system -isystem /usr/lib/gcc-cross/aarch64-linux-gnu/11/include -DL_ENDIAN -D_CRT_SECURE_NO_DEPRECATE -D_CRT_NONSTDC_NO_DEPRECATE -DOPENSSL_SMALL_FOOTPRINT -DPEDANTIC -DMDE_CPU_AARCH64   -c -o crypto/evp/e_des.o /shim-build/shim-16.1/Cryptlib/OpenSSL/crypto/evp/e_des.c
#14 83.91 aarch64-linux-gnu-gcc -std=gnu11 -ggdb -gdwarf-4 -gstrict-dwarf -ffreestanding -fmacro-prefix-map=/shim-build/shim-16.1/= -fno-stack-protector -fno-strict-aliasing -fpic -fshort-wchar -nostdinc -Os -Wall -Wextra -Wno-missing-field-initializers -Wno-empty-body -Wno-implicit-fallthrough -Wno-old-style-declaration -Wno-unused-but-set-variable -Wno-unused-parameter -Werror -Wno-error=unused-but-set-variable -Wno-error=unused-parameter -I/shim-build/shim-16.1/Cryptlib/OpenSSL -I/shim-build/shim-16.1/Cryptlib -I/shim-build/shim-16.1/Cryptlib/OpenSSL/Include/ -I/shim-build/shim-16.1/Cryptlib/OpenSSL/crypto -I/shim-build/shim-16.1/Cryptlib/Include -I/shim-build/shim-16.1/gnu-efi/inc -I/shim-build/shim-16.1/gnu-efi/inc/aarch64 -I/shim-build/shim-16.1/gnu-efi/inc/protocol -I/shim-build/shim-16.1/Cryptlib/OpenSSL/crypto/asn1 -I/shim-build/shim-16.1/Cryptlib/OpenSSL/crypto/evp -I/shim-build/shim-16.1/Cryptlib/OpenSSL/crypto/modes -I/shim-build/shim-16.1/Cryptlib/OpenSSL/crypto/include -isystem /shim-build/shim-16.1/include/system -isystem /usr/lib/gcc-cross/aarch64-linux-gnu/11/include -DL_ENDIAN -D_CRT_SECURE_NO_DEPRECATE -D_CRT_NONSTDC_NO_DEPRECATE -DOPENSSL_SMALL_FOOTPRINT -DPEDANTIC -DMDE_CPU_AARCH64   -c -o crypto/evp/e_bf.o /shim-build/shim-16.1/Cryptlib/OpenSSL/crypto/evp/e_bf.c
#14 84.07 aarch64-linux-gnu-gcc -std=gnu11 -ggdb -gdwarf-4 -gstrict-dwarf -ffreestanding -fmacro-prefix-map=/shim-build/shim-16.1/= -fno-stack-protector -fno-strict-aliasing -fpic -fshort-wchar -nostdinc -Os -Wall -Wextra -Wno-missing-field-initializers -Wno-empty-body -Wno-implicit-fallthrough -Wno-old-style-declaration -Wno-unused-but-set-variable -Wno-unused-parameter -Werror -Wno-error=unused-but-set-variable -Wno-error=unused-parameter -I/shim-build/shim-16.1/Cryptlib/OpenSSL -I/shim-build/shim-16.1/Cryptlib -I/shim-build/shim-16.1/Cryptlib/OpenSSL/Include/ -I/shim-build/shim-16.1/Cryptlib/OpenSSL/crypto -I/shim-build/shim-16.1/Cryptlib/Include -I/shim-build/shim-16.1/gnu-efi/inc -I/shim-build/shim-16.1/gnu-efi/inc/aarch64 -I/shim-build/shim-16.1/gnu-efi/inc/protocol -I/shim-build/shim-16.1/Cryptlib/OpenSSL/crypto/asn1 -I/shim-build/shim-16.1/Cryptlib/OpenSSL/crypto/evp -I/shim-build/shim-16.1/Cryptlib/OpenSSL/crypto/modes -I/shim-build/shim-16.1/Cryptlib/OpenSSL/crypto/include -isystem /shim-build/shim-16.1/include/system -isystem /usr/lib/gcc-cross/aarch64-linux-gnu/11/include -DL_ENDIAN -D_CRT_SECURE_NO_DEPRECATE -D_CRT_NONSTDC_NO_DEPRECATE -DOPENSSL_SMALL_FOOTPRINT -DPEDANTIC -DMDE_CPU_AARCH64   -c -o crypto/evp/e_idea.o /shim-build/shim-16.1/Cryptlib/OpenSSL/crypto/evp/e_idea.c
#14 84.22 aarch64-linux-gnu-gcc -std=gnu11 -ggdb -gdwarf-4 -gstrict-dwarf -ffreestanding -fmacro-prefix-map=/shim-build/shim-16.1/= -fno-stack-protector -fno-strict-aliasing -fpic -fshort-wchar -nostdinc -Os -Wall -Wextra -Wno-missing-field-initializers -Wno-empty-body -Wno-implicit-fallthrough -Wno-old-style-declaration -Wno-unused-but-set-variable -Wno-unused-parameter -Werror -Wno-error=unused-but-set-variable -Wno-error=unused-parameter -I/shim-build/shim-16.1/Cryptlib/OpenSSL -I/shim-build/shim-16.1/Cryptlib -I/shim-build/shim-16.1/Cryptlib/OpenSSL/Include/ -I/shim-build/shim-16.1/Cryptlib/OpenSSL/crypto -I/shim-build/shim-16.1/Cryptlib/Include -I/shim-build/shim-16.1/gnu-efi/inc -I/shim-build/shim-16.1/gnu-efi/inc/aarch64 -I/shim-build/shim-16.1/gnu-efi/inc/protocol -I/shim-build/shim-16.1/Cryptlib/OpenSSL/crypto/asn1 -I/shim-build/shim-16.1/Cryptlib/OpenSSL/crypto/evp -I/shim-build/shim-16.1/Cryptlib/OpenSSL/crypto/modes -I/shim-build/shim-16.1/Cryptlib/OpenSSL/crypto/include -isystem /shim-build/shim-16.1/include/system -isystem /usr/lib/gcc-cross/aarch64-linux-gnu/11/include -DL_ENDIAN -D_CRT_SECURE_NO_DEPRECATE -D_CRT_NONSTDC_NO_DEPRECATE -DOPENSSL_SMALL_FOOTPRINT -DPEDANTIC -DMDE_CPU_AARCH64   -c -o crypto/evp/e_des3.o /shim-build/shim-16.1/Cryptlib/OpenSSL/crypto/evp/e_des3.c
#14 84.37 aarch64-linux-gnu-gcc -std=gnu11 -ggdb -gdwarf-4 -gstrict-dwarf -ffreestanding -fmacro-prefix-map=/shim-build/shim-16.1/= -fno-stack-protector -fno-strict-aliasing -fpic -fshort-wchar -nostdinc -Os -Wall -Wextra -Wno-missing-field-initializers -Wno-empty-body -Wno-implicit-fallthrough -Wno-old-style-declaration -Wno-unused-but-set-variable -Wno-unused-parameter -Werror -Wno-error=unused-but-set-variable -Wno-error=unused-parameter -I/shim-build/shim-16.1/Cryptlib/OpenSSL -I/shim-build/shim-16.1/Cryptlib -I/shim-build/shim-16.1/Cryptlib/OpenSSL/Include/ -I/shim-build/shim-16.1/Cryptlib/OpenSSL/crypto -I/shim-build/shim-16.1/Cryptlib/Include -I/shim-build/shim-16.1/gnu-efi/inc -I/shim-build/shim-16.1/gnu-efi/inc/aarch64 -I/shim-build/shim-16.1/gnu-efi/inc/protocol -I/shim-build/shim-16.1/Cryptlib/OpenSSL/crypto/asn1 -I/shim-build/shim-16.1/Cryptlib/OpenSSL/crypto/evp -I/shim-build/shim-16.1/Cryptlib/OpenSSL/crypto/modes -I/shim-build/shim-16.1/Cryptlib/OpenSSL/crypto/include -isystem /shim-build/shim-16.1/include/system -isystem /usr/lib/gcc-cross/aarch64-linux-gnu/11/include -DL_ENDIAN -D_CRT_SECURE_NO_DEPRECATE -D_CRT_NONSTDC_NO_DEPRECATE -DOPENSSL_SMALL_FOOTPRINT -DPEDANTIC -DMDE_CPU_AARCH64   -c -o crypto/evp/e_camellia.o /shim-build/shim-16.1/Cryptlib/OpenSSL/crypto/evp/e_camellia.c
#14 84.50 aarch64-linux-gnu-gcc -std=gnu11 -ggdb -gdwarf-4 -gstrict-dwarf -ffreestanding -fmacro-prefix-map=/shim-build/shim-16.1/= -fno-stack-protector -fno-strict-aliasing -fpic -fshort-wchar -nostdinc -Os -Wall -Wextra -Wno-missing-field-initializers -Wno-empty-body -Wno-implicit-fallthrough -Wno-old-style-declaration -Wno-unused-but-set-variable -Wno-unused-parameter -Werror -Wno-error=unused-but-set-variable -Wno-error=unused-parameter -I/shim-build/shim-16.1/Cryptlib/OpenSSL -I/shim-build/shim-16.1/Cryptlib -I/shim-build/shim-16.1/Cryptlib/OpenSSL/Include/ -I/shim-build/shim-16.1/Cryptlib/OpenSSL/crypto -I/shim-build/shim-16.1/Cryptlib/Include -I/shim-build/shim-16.1/gnu-efi/inc -I/shim-build/shim-16.1/gnu-efi/inc/aarch64 -I/shim-build/shim-16.1/gnu-efi/inc/protocol -I/shim-build/shim-16.1/Cryptlib/OpenSSL/crypto/asn1 -I/shim-build/shim-16.1/Cryptlib/OpenSSL/crypto/evp -I/shim-build/shim-16.1/Cryptlib/OpenSSL/crypto/modes -I/shim-build/shim-16.1/Cryptlib/OpenSSL/crypto/include -isystem /shim-build/shim-16.1/include/system -isystem /usr/lib/gcc-cross/aarch64-linux-gnu/11/include -DL_ENDIAN -D_CRT_SECURE_NO_DEPRECATE -D_CRT_NONSTDC_NO_DEPRECATE -DOPENSSL_SMALL_FOOTPRINT -DPEDANTIC -DMDE_CPU_AARCH64   -c -o crypto/evp/e_rc4.o /shim-build/shim-16.1/Cryptlib/OpenSSL/crypto/evp/e_rc4.c
#14 84.83 aarch64-linux-gnu-gcc -std=gnu11 -ggdb -gdwarf-4 -gstrict-dwarf -ffreestanding -fmacro-prefix-map=/shim-build/shim-16.1/= -fno-stack-protector -fno-strict-aliasing -fpic -fshort-wchar -nostdinc -Os -Wall -Wextra -Wno-missing-field-initializers -Wno-empty-body -Wno-implicit-fallthrough -Wno-old-style-declaration -Wno-unused-but-set-variable -Wno-unused-parameter -Werror -Wno-error=unused-but-set-variable -Wno-error=unused-parameter -I/shim-build/shim-16.1/Cryptlib/OpenSSL -I/shim-build/shim-16.1/Cryptlib -I/shim-build/shim-16.1/Cryptlib/OpenSSL/Include/ -I/shim-build/shim-16.1/Cryptlib/OpenSSL/crypto -I/shim-build/shim-16.1/Cryptlib/Include -I/shim-build/shim-16.1/gnu-efi/inc -I/shim-build/shim-16.1/gnu-efi/inc/aarch64 -I/shim-build/shim-16.1/gnu-efi/inc/protocol -I/shim-build/shim-16.1/Cryptlib/OpenSSL/crypto/asn1 -I/shim-build/shim-16.1/Cryptlib/OpenSSL/crypto/evp -I/shim-build/shim-16.1/Cryptlib/OpenSSL/crypto/modes -I/shim-build/shim-16.1/Cryptlib/OpenSSL/crypto/include -isystem /shim-build/shim-16.1/include/system -isystem /usr/lib/gcc-cross/aarch64-linux-gnu/11/include -DL_ENDIAN -D_CRT_SECURE_NO_DEPRECATE -D_CRT_NONSTDC_NO_DEPRECATE -DOPENSSL_SMALL_FOOTPRINT -DPEDANTIC -DMDE_CPU_AARCH64   -c -o crypto/evp/e_aes.o /shim-build/shim-16.1/Cryptlib/OpenSSL/crypto/evp/e_aes.c
#14 85.45 aarch64-linux-gnu-gcc -std=gnu11 -ggdb -gdwarf-4 -gstrict-dwarf -ffreestanding -fmacro-prefix-map=/shim-build/shim-16.1/= -fno-stack-protector -fno-strict-aliasing -fpic -fshort-wchar -nostdinc -Os -Wall -Wextra -Wno-missing-field-initializers -Wno-empty-body -Wno-implicit-fallthrough -Wno-old-style-declaration -Wno-unused-but-set-variable -Wno-unused-parameter -Werror -Wno-error=unused-but-set-variable -Wno-error=unused-parameter -I/shim-build/shim-16.1/Cryptlib/OpenSSL -I/shim-build/shim-16.1/Cryptlib -I/shim-build/shim-16.1/Cryptlib/OpenSSL/Include/ -I/shim-build/shim-16.1/Cryptlib/OpenSSL/crypto -I/shim-build/shim-16.1/Cryptlib/Include -I/shim-build/shim-16.1/gnu-efi/inc -I/shim-build/shim-16.1/gnu-efi/inc/aarch64 -I/shim-build/shim-16.1/gnu-efi/inc/protocol -I/shim-build/shim-16.1/Cryptlib/OpenSSL/crypto/asn1 -I/shim-build/shim-16.1/Cryptlib/OpenSSL/crypto/evp -I/shim-build/shim-16.1/Cryptlib/OpenSSL/crypto/modes -I/shim-build/shim-16.1/Cryptlib/OpenSSL/crypto/include -isystem /shim-build/shim-16.1/include/system -isystem /usr/lib/gcc-cross/aarch64-linux-gnu/11/include -DL_ENDIAN -D_CRT_SECURE_NO_DEPRECATE -D_CRT_NONSTDC_NO_DEPRECATE -DOPENSSL_SMALL_FOOTPRINT -DPEDANTIC -DMDE_CPU_AARCH64   -c -o crypto/evp/names.o /shim-build/shim-16.1/Cryptlib/OpenSSL/crypto/evp/names.c
#14 85.85 aarch64-linux-gnu-gcc -std=gnu11 -ggdb -gdwarf-4 -gstrict-dwarf -ffreestanding -fmacro-prefix-map=/shim-build/shim-16.1/= -fno-stack-protector -fno-strict-aliasing -fpic -fshort-wchar -nostdinc -Os -Wall -Wextra -Wno-missing-field-initializers -Wno-empty-body -Wno-implicit-fallthrough -Wno-old-style-declaration -Wno-unused-but-set-variable -Wno-unused-parameter -Werror -Wno-error=unused-but-set-variable -Wno-error=unused-parameter -I/shim-build/shim-16.1/Cryptlib/OpenSSL -I/shim-build/shim-16.1/Cryptlib -I/shim-build/shim-16.1/Cryptlib/OpenSSL/Include/ -I/shim-build/shim-16.1/Cryptlib/OpenSSL/crypto -I/shim-build/shim-16.1/Cryptlib/Include -I/shim-build/shim-16.1/gnu-efi/inc -I/shim-build/shim-16.1/gnu-efi/inc/aarch64 -I/shim-build/shim-16.1/gnu-efi/inc/protocol -I/shim-build/shim-16.1/Cryptlib/OpenSSL/crypto/asn1 -I/shim-build/shim-16.1/Cryptlib/OpenSSL/crypto/evp -I/shim-build/shim-16.1/Cryptlib/OpenSSL/crypto/modes -I/shim-build/shim-16.1/Cryptlib/OpenSSL/crypto/include -isystem /shim-build/shim-16.1/include/system -isystem /usr/lib/gcc-cross/aarch64-linux-gnu/11/include -DL_ENDIAN -D_CRT_SECURE_NO_DEPRECATE -D_CRT_NONSTDC_NO_DEPRECATE -DOPENSSL_SMALL_FOOTPRINT -DPEDANTIC -DMDE_CPU_AARCH64   -c -o crypto/evp/e_seed.o /shim-build/shim-16.1/Cryptlib/OpenSSL/crypto/evp/e_seed.c
#14 85.97 aarch64-linux-gnu-gcc -std=gnu11 -ggdb -gdwarf-4 -gstrict-dwarf -ffreestanding -fmacro-prefix-map=/shim-build/shim-16.1/= -fno-stack-protector -fno-strict-aliasing -fpic -fshort-wchar -nostdinc -Os -Wall -Wextra -Wno-missing-field-initializers -Wno-empty-body -Wno-implicit-fallthrough -Wno-old-style-declaration -Wno-unused-but-set-variable -Wno-unused-parameter -Werror -Wno-error=unused-but-set-variable -Wno-error=unused-parameter -I/shim-build/shim-16.1/Cryptlib/OpenSSL -I/shim-build/shim-16.1/Cryptlib -I/shim-build/shim-16.1/Cryptlib/OpenSSL/Include/ -I/shim-build/shim-16.1/Cryptlib/OpenSSL/crypto -I/shim-build/shim-16.1/Cryptlib/Include -I/shim-build/shim-16.1/gnu-efi/inc -I/shim-build/shim-16.1/gnu-efi/inc/aarch64 -I/shim-build/shim-16.1/gnu-efi/inc/protocol -I/shim-build/shim-16.1/Cryptlib/OpenSSL/crypto/asn1 -I/shim-build/shim-16.1/Cryptlib/OpenSSL/crypto/evp -I/shim-build/shim-16.1/Cryptlib/OpenSSL/crypto/modes -I/shim-build/shim-16.1/Cryptlib/OpenSSL/crypto/include -isystem /shim-build/shim-16.1/include/system -isystem /usr/lib/gcc-cross/aarch64-linux-gnu/11/include -DL_ENDIAN -D_CRT_SECURE_NO_DEPRECATE -D_CRT_NONSTDC_NO_DEPRECATE -DOPENSSL_SMALL_FOOTPRINT -DPEDANTIC -DMDE_CPU_AARCH64   -c -o crypto/evp/e_xcbc_d.o /shim-build/shim-16.1/Cryptlib/OpenSSL/crypto/evp/e_xcbc_d.c
#14 86.12 aarch64-linux-gnu-gcc -std=gnu11 -ggdb -gdwarf-4 -gstrict-dwarf -ffreestanding -fmacro-prefix-map=/shim-build/shim-16.1/= -fno-stack-protector -fno-strict-aliasing -fpic -fshort-wchar -nostdinc -Os -Wall -Wextra -Wno-missing-field-initializers -Wno-empty-body -Wno-implicit-fallthrough -Wno-old-style-declaration -Wno-unused-but-set-variable -Wno-unused-parameter -Werror -Wno-error=unused-but-set-variable -Wno-error=unused-parameter -I/shim-build/shim-16.1/Cryptlib/OpenSSL -I/shim-build/shim-16.1/Cryptlib -I/shim-build/shim-16.1/Cryptlib/OpenSSL/Include/ -I/shim-build/shim-16.1/Cryptlib/OpenSSL/crypto -I/shim-build/shim-16.1/Cryptlib/Include -I/shim-build/shim-16.1/gnu-efi/inc -I/shim-build/shim-16.1/gnu-efi/inc/aarch64 -I/shim-build/shim-16.1/gnu-efi/inc/protocol -I/shim-build/shim-16.1/Cryptlib/OpenSSL/crypto/asn1 -I/shim-build/shim-16.1/Cryptlib/OpenSSL/crypto/evp -I/shim-build/shim-16.1/Cryptlib/OpenSSL/crypto/modes -I/shim-build/shim-16.1/Cryptlib/OpenSSL/crypto/include -isystem /shim-build/shim-16.1/include/system -isystem /usr/lib/gcc-cross/aarch64-linux-gnu/11/include -DL_ENDIAN -D_CRT_SECURE_NO_DEPRECATE -D_CRT_NONSTDC_NO_DEPRECATE -DOPENSSL_SMALL_FOOTPRINT -DPEDANTIC -DMDE_CPU_AARCH64   -c -o crypto/evp/e_rc2.o /shim-build/shim-16.1/Cryptlib/OpenSSL/crypto/evp/e_rc2.c
#14 86.28 aarch64-linux-gnu-gcc -std=gnu11 -ggdb -gdwarf-4 -gstrict-dwarf -ffreestanding -fmacro-prefix-map=/shim-build/shim-16.1/= -fno-stack-protector -fno-strict-aliasing -fpic -fshort-wchar -nostdinc -Os -Wall -Wextra -Wno-missing-field-initializers -Wno-empty-body -Wno-implicit-fallthrough -Wno-old-style-declaration -Wno-unused-but-set-variable -Wno-unused-parameter -Werror -Wno-error=unused-but-set-variable -Wno-error=unused-parameter -I/shim-build/shim-16.1/Cryptlib/OpenSSL -I/shim-build/shim-16.1/Cryptlib -I/shim-build/shim-16.1/Cryptlib/OpenSSL/Include/ -I/shim-build/shim-16.1/Cryptlib/OpenSSL/crypto -I/shim-build/shim-16.1/Cryptlib/Include -I/shim-build/shim-16.1/gnu-efi/inc -I/shim-build/shim-16.1/gnu-efi/inc/aarch64 -I/shim-build/shim-16.1/gnu-efi/inc/protocol -I/shim-build/shim-16.1/Cryptlib/OpenSSL/crypto/asn1 -I/shim-build/shim-16.1/Cryptlib/OpenSSL/crypto/evp -I/shim-build/shim-16.1/Cryptlib/OpenSSL/crypto/modes -I/shim-build/shim-16.1/Cryptlib/OpenSSL/crypto/include -isystem /shim-build/shim-16.1/include/system -isystem /usr/lib/gcc-cross/aarch64-linux-gnu/11/include -DL_ENDIAN -D_CRT_SECURE_NO_DEPRECATE -D_CRT_NONSTDC_NO_DEPRECATE -DOPENSSL_SMALL_FOOTPRINT -DPEDANTIC -DMDE_CPU_AARCH64   -c -o crypto/evp/e_cast.o /shim-build/shim-16.1/Cryptlib/OpenSSL/crypto/evp/e_cast.c
#14 86.43 aarch64-linux-gnu-gcc -std=gnu11 -ggdb -gdwarf-4 -gstrict-dwarf -ffreestanding -fmacro-prefix-map=/shim-build/shim-16.1/= -fno-stack-protector -fno-strict-aliasing -fpic -fshort-wchar -nostdinc -Os -Wall -Wextra -Wno-missing-field-initializers -Wno-empty-body -Wno-implicit-fallthrough -Wno-old-style-declaration -Wno-unused-but-set-variable -Wno-unused-parameter -Werror -Wno-error=unused-but-set-variable -Wno-error=unused-parameter -I/shim-build/shim-16.1/Cryptlib/OpenSSL -I/shim-build/shim-16.1/Cryptlib -I/shim-build/shim-16.1/Cryptlib/OpenSSL/Include/ -I/shim-build/shim-16.1/Cryptlib/OpenSSL/crypto -I/shim-build/shim-16.1/Cryptlib/Include -I/shim-build/shim-16.1/gnu-efi/inc -I/shim-build/shim-16.1/gnu-efi/inc/aarch64 -I/shim-build/shim-16.1/gnu-efi/inc/protocol -I/shim-build/shim-16.1/Cryptlib/OpenSSL/crypto/asn1 -I/shim-build/shim-16.1/Cryptlib/OpenSSL/crypto/evp -I/shim-build/shim-16.1/Cryptlib/OpenSSL/crypto/modes -I/shim-build/shim-16.1/Cryptlib/OpenSSL/crypto/include -isystem /shim-build/shim-16.1/include/system -isystem /usr/lib/gcc-cross/aarch64-linux-gnu/11/include -DL_ENDIAN -D_CRT_SECURE_NO_DEPRECATE -D_CRT_NONSTDC_NO_DEPRECATE -DOPENSSL_SMALL_FOOTPRINT -DPEDANTIC -DMDE_CPU_AARCH64   -c -o crypto/evp/e_rc5.o /shim-build/shim-16.1/Cryptlib/OpenSSL/crypto/evp/e_rc5.c
#14 86.59 aarch64-linux-gnu-gcc -std=gnu11 -ggdb -gdwarf-4 -gstrict-dwarf -ffreestanding -fmacro-prefix-map=/shim-build/shim-16.1/= -fno-stack-protector -fno-strict-aliasing -fpic -fshort-wchar -nostdinc -Os -Wall -Wextra -Wno-missing-field-initializers -Wno-empty-body -Wno-implicit-fallthrough -Wno-old-style-declaration -Wno-unused-but-set-variable -Wno-unused-parameter -Werror -Wno-error=unused-but-set-variable -Wno-error=unused-parameter -I/shim-build/shim-16.1/Cryptlib/OpenSSL -I/shim-build/shim-16.1/Cryptlib -I/shim-build/shim-16.1/Cryptlib/OpenSSL/Include/ -I/shim-build/shim-16.1/Cryptlib/OpenSSL/crypto -I/shim-build/shim-16.1/Cryptlib/Include -I/shim-build/shim-16.1/gnu-efi/inc -I/shim-build/shim-16.1/gnu-efi/inc/aarch64 -I/shim-build/shim-16.1/gnu-efi/inc/protocol -I/shim-build/shim-16.1/Cryptlib/OpenSSL/crypto/asn1 -I/shim-build/shim-16.1/Cryptlib/OpenSSL/crypto/evp -I/shim-build/shim-16.1/Cryptlib/OpenSSL/crypto/modes -I/shim-build/shim-16.1/Cryptlib/OpenSSL/crypto/include -isystem /shim-build/shim-16.1/include/system -isystem /usr/lib/gcc-cross/aarch64-linux-gnu/11/include -DL_ENDIAN -D_CRT_SECURE_NO_DEPRECATE -D_CRT_NONSTDC_NO_DEPRECATE -DOPENSSL_SMALL_FOOTPRINT -DPEDANTIC -DMDE_CPU_AARCH64   -c -o crypto/evp/m_null.o /shim-build/shim-16.1/Cryptlib/OpenSSL/crypto/evp/m_null.c
#14 86.89 aarch64-linux-gnu-gcc -std=gnu11 -ggdb -gdwarf-4 -gstrict-dwarf -ffreestanding -fmacro-prefix-map=/shim-build/shim-16.1/= -fno-stack-protector -fno-strict-aliasing -fpic -fshort-wchar -nostdinc -Os -Wall -Wextra -Wno-missing-field-initializers -Wno-empty-body -Wno-implicit-fallthrough -Wno-old-style-declaration -Wno-unused-but-set-variable -Wno-unused-parameter -Werror -Wno-error=unused-but-set-variable -Wno-error=unused-parameter -I/shim-build/shim-16.1/Cryptlib/OpenSSL -I/shim-build/shim-16.1/Cryptlib -I/shim-build/shim-16.1/Cryptlib/OpenSSL/Include/ -I/shim-build/shim-16.1/Cryptlib/OpenSSL/crypto -I/shim-build/shim-16.1/Cryptlib/Include -I/shim-build/shim-16.1/gnu-efi/inc -I/shim-build/shim-16.1/gnu-efi/inc/aarch64 -I/shim-build/shim-16.1/gnu-efi/inc/protocol -I/shim-build/shim-16.1/Cryptlib/OpenSSL/crypto/asn1 -I/shim-build/shim-16.1/Cryptlib/OpenSSL/crypto/evp -I/shim-build/shim-16.1/Cryptlib/OpenSSL/crypto/modes -I/shim-build/shim-16.1/Cryptlib/OpenSSL/crypto/include -isystem /shim-build/shim-16.1/include/system -isystem /usr/lib/gcc-cross/aarch64-linux-gnu/11/include -DL_ENDIAN -D_CRT_SECURE_NO_DEPRECATE -D_CRT_NONSTDC_NO_DEPRECATE -DOPENSSL_SMALL_FOOTPRINT -DPEDANTIC -DMDE_CPU_AARCH64   -c -o crypto/evp/m_md2.o /shim-build/shim-16.1/Cryptlib/OpenSSL/crypto/evp/m_md2.c
#14 87.04 aarch64-linux-gnu-gcc -std=gnu11 -ggdb -gdwarf-4 -gstrict-dwarf -ffreestanding -fmacro-prefix-map=/shim-build/shim-16.1/= -fno-stack-protector -fno-strict-aliasing -fpic -fshort-wchar -nostdinc -Os -Wall -Wextra -Wno-missing-field-initializers -Wno-empty-body -Wno-implicit-fallthrough -Wno-old-style-declaration -Wno-unused-but-set-variable -Wno-unused-parameter -Werror -Wno-error=unused-but-set-variable -Wno-error=unused-parameter -I/shim-build/shim-16.1/Cryptlib/OpenSSL -I/shim-build/shim-16.1/Cryptlib -I/shim-build/shim-16.1/Cryptlib/OpenSSL/Include/ -I/shim-build/shim-16.1/Cryptlib/OpenSSL/crypto -I/shim-build/shim-16.1/Cryptlib/Include -I/shim-build/shim-16.1/gnu-efi/inc -I/shim-build/shim-16.1/gnu-efi/inc/aarch64 -I/shim-build/shim-16.1/gnu-efi/inc/protocol -I/shim-build/shim-16.1/Cryptlib/OpenSSL/crypto/asn1 -I/shim-build/shim-16.1/Cryptlib/OpenSSL/crypto/evp -I/shim-build/shim-16.1/Cryptlib/OpenSSL/crypto/modes -I/shim-build/shim-16.1/Cryptlib/OpenSSL/crypto/include -isystem /shim-build/shim-16.1/include/system -isystem /usr/lib/gcc-cross/aarch64-linux-gnu/11/include -DL_ENDIAN -D_CRT_SECURE_NO_DEPRECATE -D_CRT_NONSTDC_NO_DEPRECATE -DOPENSSL_SMALL_FOOTPRINT -DPEDANTIC -DMDE_CPU_AARCH64   -c -o crypto/evp/m_md4.o /shim-build/shim-16.1/Cryptlib/OpenSSL/crypto/evp/m_md4.c
#14 87.19 aarch64-linux-gnu-gcc -std=gnu11 -ggdb -gdwarf-4 -gstrict-dwarf -ffreestanding -fmacro-prefix-map=/shim-build/shim-16.1/= -fno-stack-protector -fno-strict-aliasing -fpic -fshort-wchar -nostdinc -Os -Wall -Wextra -Wno-missing-field-initializers -Wno-empty-body -Wno-implicit-fallthrough -Wno-old-style-declaration -Wno-unused-but-set-variable -Wno-unused-parameter -Werror -Wno-error=unused-but-set-variable -Wno-error=unused-parameter -I/shim-build/shim-16.1/Cryptlib/OpenSSL -I/shim-build/shim-16.1/Cryptlib -I/shim-build/shim-16.1/Cryptlib/OpenSSL/Include/ -I/shim-build/shim-16.1/Cryptlib/OpenSSL/crypto -I/shim-build/shim-16.1/Cryptlib/Include -I/shim-build/shim-16.1/gnu-efi/inc -I/shim-build/shim-16.1/gnu-efi/inc/aarch64 -I/shim-build/shim-16.1/gnu-efi/inc/protocol -I/shim-build/shim-16.1/Cryptlib/OpenSSL/crypto/asn1 -I/shim-build/shim-16.1/Cryptlib/OpenSSL/crypto/evp -I/shim-build/shim-16.1/Cryptlib/OpenSSL/crypto/modes -I/shim-build/shim-16.1/Cryptlib/OpenSSL/crypto/include -isystem /shim-build/shim-16.1/include/system -isystem /usr/lib/gcc-cross/aarch64-linux-gnu/11/include -DL_ENDIAN -D_CRT_SECURE_NO_DEPRECATE -D_CRT_NONSTDC_NO_DEPRECATE -DOPENSSL_SMALL_FOOTPRINT -DPEDANTIC -DMDE_CPU_AARCH64   -c -o crypto/evp/m_md5.o /shim-build/shim-16.1/Cryptlib/OpenSSL/crypto/evp/m_md5.c
#14 87.52 aarch64-linux-gnu-gcc -std=gnu11 -ggdb -gdwarf-4 -gstrict-dwarf -ffreestanding -fmacro-prefix-map=/shim-build/shim-16.1/= -fno-stack-protector -fno-strict-aliasing -fpic -fshort-wchar -nostdinc -Os -Wall -Wextra -Wno-missing-field-initializers -Wno-empty-body -Wno-implicit-fallthrough -Wno-old-style-declaration -Wno-unused-but-set-variable -Wno-unused-parameter -Werror -Wno-error=unused-but-set-variable -Wno-error=unused-parameter -I/shim-build/shim-16.1/Cryptlib/OpenSSL -I/shim-build/shim-16.1/Cryptlib -I/shim-build/shim-16.1/Cryptlib/OpenSSL/Include/ -I/shim-build/shim-16.1/Cryptlib/OpenSSL/crypto -I/shim-build/shim-16.1/Cryptlib/Include -I/shim-build/shim-16.1/gnu-efi/inc -I/shim-build/shim-16.1/gnu-efi/inc/aarch64 -I/shim-build/shim-16.1/gnu-efi/inc/protocol -I/shim-build/shim-16.1/Cryptlib/OpenSSL/crypto/asn1 -I/shim-build/shim-16.1/Cryptlib/OpenSSL/crypto/evp -I/shim-build/shim-16.1/Cryptlib/OpenSSL/crypto/modes -I/shim-build/shim-16.1/Cryptlib/OpenSSL/crypto/include -isystem /shim-build/shim-16.1/include/system -isystem /usr/lib/gcc-cross/aarch64-linux-gnu/11/include -DL_ENDIAN -D_CRT_SECURE_NO_DEPRECATE -D_CRT_NONSTDC_NO_DEPRECATE -DOPENSSL_SMALL_FOOTPRINT -DPEDANTIC -DMDE_CPU_AARCH64   -c -o crypto/evp/m_sha.o /shim-build/shim-16.1/Cryptlib/OpenSSL/crypto/evp/m_sha.c
#14 87.67 aarch64-linux-gnu-gcc -std=gnu11 -ggdb -gdwarf-4 -gstrict-dwarf -ffreestanding -fmacro-prefix-map=/shim-build/shim-16.1/= -fno-stack-protector -fno-strict-aliasing -fpic -fshort-wchar -nostdinc -Os -Wall -Wextra -Wno-missing-field-initializers -Wno-empty-body -Wno-implicit-fallthrough -Wno-old-style-declaration -Wno-unused-but-set-variable -Wno-unused-parameter -Werror -Wno-error=unused-but-set-variable -Wno-error=unused-parameter -I/shim-build/shim-16.1/Cryptlib/OpenSSL -I/shim-build/shim-16.1/Cryptlib -I/shim-build/shim-16.1/Cryptlib/OpenSSL/Include/ -I/shim-build/shim-16.1/Cryptlib/OpenSSL/crypto -I/shim-build/shim-16.1/Cryptlib/Include -I/shim-build/shim-16.1/gnu-efi/inc -I/shim-build/shim-16.1/gnu-efi/inc/aarch64 -I/shim-build/shim-16.1/gnu-efi/inc/protocol -I/shim-build/shim-16.1/Cryptlib/OpenSSL/crypto/asn1 -I/shim-build/shim-16.1/Cryptlib/OpenSSL/crypto/evp -I/shim-build/shim-16.1/Cryptlib/OpenSSL/crypto/modes -I/shim-build/shim-16.1/Cryptlib/OpenSSL/crypto/include -isystem /shim-build/shim-16.1/include/system -isystem /usr/lib/gcc-cross/aarch64-linux-gnu/11/include -DL_ENDIAN -D_CRT_SECURE_NO_DEPRECATE -D_CRT_NONSTDC_NO_DEPRECATE -DOPENSSL_SMALL_FOOTPRINT -DPEDANTIC -DMDE_CPU_AARCH64   -c -o crypto/evp/m_sha1.o /shim-build/shim-16.1/Cryptlib/OpenSSL/crypto/evp/m_sha1.c
#14 88.00 aarch64-linux-gnu-gcc -std=gnu11 -ggdb -gdwarf-4 -gstrict-dwarf -ffreestanding -fmacro-prefix-map=/shim-build/shim-16.1/= -fno-stack-protector -fno-strict-aliasing -fpic -fshort-wchar -nostdinc -Os -Wall -Wextra -Wno-missing-field-initializers -Wno-empty-body -Wno-implicit-fallthrough -Wno-old-style-declaration -Wno-unused-but-set-variable -Wno-unused-parameter -Werror -Wno-error=unused-but-set-variable -Wno-error=unused-parameter -I/shim-build/shim-16.1/Cryptlib/OpenSSL -I/shim-build/shim-16.1/Cryptlib -I/shim-build/shim-16.1/Cryptlib/OpenSSL/Include/ -I/shim-build/shim-16.1/Cryptlib/OpenSSL/crypto -I/shim-build/shim-16.1/Cryptlib/Include -I/shim-build/shim-16.1/gnu-efi/inc -I/shim-build/shim-16.1/gnu-efi/inc/aarch64 -I/shim-build/shim-16.1/gnu-efi/inc/protocol -I/shim-build/shim-16.1/Cryptlib/OpenSSL/crypto/asn1 -I/shim-build/shim-16.1/Cryptlib/OpenSSL/crypto/evp -I/shim-build/shim-16.1/Cryptlib/OpenSSL/crypto/modes -I/shim-build/shim-16.1/Cryptlib/OpenSSL/crypto/include -isystem /shim-build/shim-16.1/include/system -isystem /usr/lib/gcc-cross/aarch64-linux-gnu/11/include -DL_ENDIAN -D_CRT_SECURE_NO_DEPRECATE -D_CRT_NONSTDC_NO_DEPRECATE -DOPENSSL_SMALL_FOOTPRINT -DPEDANTIC -DMDE_CPU_AARCH64   -c -o crypto/evp/m_wp.o /shim-build/shim-16.1/Cryptlib/OpenSSL/crypto/evp/m_wp.c
#14 88.15 aarch64-linux-gnu-gcc -std=gnu11 -ggdb -gdwarf-4 -gstrict-dwarf -ffreestanding -fmacro-prefix-map=/shim-build/shim-16.1/= -fno-stack-protector -fno-strict-aliasing -fpic -fshort-wchar -nostdinc -Os -Wall -Wextra -Wno-missing-field-initializers -Wno-empty-body -Wno-implicit-fallthrough -Wno-old-style-declaration -Wno-unused-but-set-variable -Wno-unused-parameter -Werror -Wno-error=unused-but-set-variable -Wno-error=unused-parameter -I/shim-build/shim-16.1/Cryptlib/OpenSSL -I/shim-build/shim-16.1/Cryptlib -I/shim-build/shim-16.1/Cryptlib/OpenSSL/Include/ -I/shim-build/shim-16.1/Cryptlib/OpenSSL/crypto -I/shim-build/shim-16.1/Cryptlib/Include -I/shim-build/shim-16.1/gnu-efi/inc -I/shim-build/shim-16.1/gnu-efi/inc/aarch64 -I/shim-build/shim-16.1/gnu-efi/inc/protocol -I/shim-build/shim-16.1/Cryptlib/OpenSSL/crypto/asn1 -I/shim-build/shim-16.1/Cryptlib/OpenSSL/crypto/evp -I/shim-build/shim-16.1/Cryptlib/OpenSSL/crypto/modes -I/shim-build/shim-16.1/Cryptlib/OpenSSL/crypto/include -isystem /shim-build/shim-16.1/include/system -isystem /usr/lib/gcc-cross/aarch64-linux-gnu/11/include -DL_ENDIAN -D_CRT_SECURE_NO_DEPRECATE -D_CRT_NONSTDC_NO_DEPRECATE -DOPENSSL_SMALL_FOOTPRINT -DPEDANTIC -DMDE_CPU_AARCH64   -c -o crypto/evp/m_dss.o /shim-build/shim-16.1/Cryptlib/OpenSSL/crypto/evp/m_dss.c
#14 88.48 aarch64-linux-gnu-gcc -std=gnu11 -ggdb -gdwarf-4 -gstrict-dwarf -ffreestanding -fmacro-prefix-map=/shim-build/shim-16.1/= -fno-stack-protector -fno-strict-aliasing -fpic -fshort-wchar -nostdinc -Os -Wall -Wextra -Wno-missing-field-initializers -Wno-empty-body -Wno-implicit-fallthrough -Wno-old-style-declaration -Wno-unused-but-set-variable -Wno-unused-parameter -Werror -Wno-error=unused-but-set-variable -Wno-error=unused-parameter -I/shim-build/shim-16.1/Cryptlib/OpenSSL -I/shim-build/shim-16.1/Cryptlib -I/shim-build/shim-16.1/Cryptlib/OpenSSL/Include/ -I/shim-build/shim-16.1/Cryptlib/OpenSSL/crypto -I/shim-build/shim-16.1/Cryptlib/Include -I/shim-build/shim-16.1/gnu-efi/inc -I/shim-build/shim-16.1/gnu-efi/inc/aarch64 -I/shim-build/shim-16.1/gnu-efi/inc/protocol -I/shim-build/shim-16.1/Cryptlib/OpenSSL/crypto/asn1 -I/shim-build/shim-16.1/Cryptlib/OpenSSL/crypto/evp -I/shim-build/shim-16.1/Cryptlib/OpenSSL/crypto/modes -I/shim-build/shim-16.1/Cryptlib/OpenSSL/crypto/include -isystem /shim-build/shim-16.1/include/system -isystem /usr/lib/gcc-cross/aarch64-linux-gnu/11/include -DL_ENDIAN -D_CRT_SECURE_NO_DEPRECATE -D_CRT_NONSTDC_NO_DEPRECATE -DOPENSSL_SMALL_FOOTPRINT -DPEDANTIC -DMDE_CPU_AARCH64   -c -o crypto/evp/m_dss1.o /shim-build/shim-16.1/Cryptlib/OpenSSL/crypto/evp/m_dss1.c
#14 88.80 aarch64-linux-gnu-gcc -std=gnu11 -ggdb -gdwarf-4 -gstrict-dwarf -ffreestanding -fmacro-prefix-map=/shim-build/shim-16.1/= -fno-stack-protector -fno-strict-aliasing -fpic -fshort-wchar -nostdinc -Os -Wall -Wextra -Wno-missing-field-initializers -Wno-empty-body -Wno-implicit-fallthrough -Wno-old-style-declaration -Wno-unused-but-set-variable -Wno-unused-parameter -Werror -Wno-error=unused-but-set-variable -Wno-error=unused-parameter -I/shim-build/shim-16.1/Cryptlib/OpenSSL -I/shim-build/shim-16.1/Cryptlib -I/shim-build/shim-16.1/Cryptlib/OpenSSL/Include/ -I/shim-build/shim-16.1/Cryptlib/OpenSSL/crypto -I/shim-build/shim-16.1/Cryptlib/Include -I/shim-build/shim-16.1/gnu-efi/inc -I/shim-build/shim-16.1/gnu-efi/inc/aarch64 -I/shim-build/shim-16.1/gnu-efi/inc/protocol -I/shim-build/shim-16.1/Cryptlib/OpenSSL/crypto/asn1 -I/shim-build/shim-16.1/Cryptlib/OpenSSL/crypto/evp -I/shim-build/shim-16.1/Cryptlib/OpenSSL/crypto/modes -I/shim-build/shim-16.1/Cryptlib/OpenSSL/crypto/include -isystem /shim-build/shim-16.1/include/system -isystem /usr/lib/gcc-cross/aarch64-linux-gnu/11/include -DL_ENDIAN -D_CRT_SECURE_NO_DEPRECATE -D_CRT_NONSTDC_NO_DEPRECATE -DOPENSSL_SMALL_FOOTPRINT -DPEDANTIC -DMDE_CPU_AARCH64   -c -o crypto/evp/m_mdc2.o /shim-build/shim-16.1/Cryptlib/OpenSSL/crypto/evp/m_mdc2.c
#14 88.96 aarch64-linux-gnu-gcc -std=gnu11 -ggdb -gdwarf-4 -gstrict-dwarf -ffreestanding -fmacro-prefix-map=/shim-build/shim-16.1/= -fno-stack-protector -fno-strict-aliasing -fpic -fshort-wchar -nostdinc -Os -Wall -Wextra -Wno-missing-field-initializers -Wno-empty-body -Wno-implicit-fallthrough -Wno-old-style-declaration -Wno-unused-but-set-variable -Wno-unused-parameter -Werror -Wno-error=unused-but-set-variable -Wno-error=unused-parameter -I/shim-build/shim-16.1/Cryptlib/OpenSSL -I/shim-build/shim-16.1/Cryptlib -I/shim-build/shim-16.1/Cryptlib/OpenSSL/Include/ -I/shim-build/shim-16.1/Cryptlib/OpenSSL/crypto -I/shim-build/shim-16.1/Cryptlib/Include -I/shim-build/shim-16.1/gnu-efi/inc -I/shim-build/shim-16.1/gnu-efi/inc/aarch64 -I/shim-build/shim-16.1/gnu-efi/inc/protocol -I/shim-build/shim-16.1/Cryptlib/OpenSSL/crypto/asn1 -I/shim-build/shim-16.1/Cryptlib/OpenSSL/crypto/evp -I/shim-build/shim-16.1/Cryptlib/OpenSSL/crypto/modes -I/shim-build/shim-16.1/Cryptlib/OpenSSL/crypto/include -isystem /shim-build/shim-16.1/include/system -isystem /usr/lib/gcc-cross/aarch64-linux-gnu/11/include -DL_ENDIAN -D_CRT_SECURE_NO_DEPRECATE -D_CRT_NONSTDC_NO_DEPRECATE -DOPENSSL_SMALL_FOOTPRINT -DPEDANTIC -DMDE_CPU_AARCH64   -c -o crypto/evp/m_ripemd.o /shim-build/shim-16.1/Cryptlib/OpenSSL/crypto/evp/m_ripemd.c
#14 89.11 aarch64-linux-gnu-gcc -std=gnu11 -ggdb -gdwarf-4 -gstrict-dwarf -ffreestanding -fmacro-prefix-map=/shim-build/shim-16.1/= -fno-stack-protector -fno-strict-aliasing -fpic -fshort-wchar -nostdinc -Os -Wall -Wextra -Wno-missing-field-initializers -Wno-empty-body -Wno-implicit-fallthrough -Wno-old-style-declaration -Wno-unused-but-set-variable -Wno-unused-parameter -Werror -Wno-error=unused-but-set-variable -Wno-error=unused-parameter -I/shim-build/shim-16.1/Cryptlib/OpenSSL -I/shim-build/shim-16.1/Cryptlib -I/shim-build/shim-16.1/Cryptlib/OpenSSL/Include/ -I/shim-build/shim-16.1/Cryptlib/OpenSSL/crypto -I/shim-build/shim-16.1/Cryptlib/Include -I/shim-build/shim-16.1/gnu-efi/inc -I/shim-build/shim-16.1/gnu-efi/inc/aarch64 -I/shim-build/shim-16.1/gnu-efi/inc/protocol -I/shim-build/shim-16.1/Cryptlib/OpenSSL/crypto/asn1 -I/shim-build/shim-16.1/Cryptlib/OpenSSL/crypto/evp -I/shim-build/shim-16.1/Cryptlib/OpenSSL/crypto/modes -I/shim-build/shim-16.1/Cryptlib/OpenSSL/crypto/include -isystem /shim-build/shim-16.1/include/system -isystem /usr/lib/gcc-cross/aarch64-linux-gnu/11/include -DL_ENDIAN -D_CRT_SECURE_NO_DEPRECATE -D_CRT_NONSTDC_NO_DEPRECATE -DOPENSSL_SMALL_FOOTPRINT -DPEDANTIC -DMDE_CPU_AARCH64   -c -o crypto/evp/m_ecdsa.o /shim-build/shim-16.1/Cryptlib/OpenSSL/crypto/evp/m_ecdsa.c
#14 89.43 aarch64-linux-gnu-gcc -std=gnu11 -ggdb -gdwarf-4 -gstrict-dwarf -ffreestanding -fmacro-prefix-map=/shim-build/shim-16.1/= -fno-stack-protector -fno-strict-aliasing -fpic -fshort-wchar -nostdinc -Os -Wall -Wextra -Wno-missing-field-initializers -Wno-empty-body -Wno-implicit-fallthrough -Wno-old-style-declaration -Wno-unused-but-set-variable -Wno-unused-parameter -Werror -Wno-error=unused-but-set-variable -Wno-error=unused-parameter -I/shim-build/shim-16.1/Cryptlib/OpenSSL -I/shim-build/shim-16.1/Cryptlib -I/shim-build/shim-16.1/Cryptlib/OpenSSL/Include/ -I/shim-build/shim-16.1/Cryptlib/OpenSSL/crypto -I/shim-build/shim-16.1/Cryptlib/Include -I/shim-build/shim-16.1/gnu-efi/inc -I/shim-build/shim-16.1/gnu-efi/inc/aarch64 -I/shim-build/shim-16.1/gnu-efi/inc/protocol -I/shim-build/shim-16.1/Cryptlib/OpenSSL/crypto/asn1 -I/shim-build/shim-16.1/Cryptlib/OpenSSL/crypto/evp -I/shim-build/shim-16.1/Cryptlib/OpenSSL/crypto/modes -I/shim-build/shim-16.1/Cryptlib/OpenSSL/crypto/include -isystem /shim-build/shim-16.1/include/system -isystem /usr/lib/gcc-cross/aarch64-linux-gnu/11/include -DL_ENDIAN -D_CRT_SECURE_NO_DEPRECATE -D_CRT_NONSTDC_NO_DEPRECATE -DOPENSSL_SMALL_FOOTPRINT -DPEDANTIC -DMDE_CPU_AARCH64   -c -o crypto/evp/p_open.o /shim-build/shim-16.1/Cryptlib/OpenSSL/crypto/evp/p_open.c
#14 89.81 aarch64-linux-gnu-gcc -std=gnu11 -ggdb -gdwarf-4 -gstrict-dwarf -ffreestanding -fmacro-prefix-map=/shim-build/shim-16.1/= -fno-stack-protector -fno-strict-aliasing -fpic -fshort-wchar -nostdinc -Os -Wall -Wextra -Wno-missing-field-initializers -Wno-empty-body -Wno-implicit-fallthrough -Wno-old-style-declaration -Wno-unused-but-set-variable -Wno-unused-parameter -Werror -Wno-error=unused-but-set-variable -Wno-error=unused-parameter -I/shim-build/shim-16.1/Cryptlib/OpenSSL -I/shim-build/shim-16.1/Cryptlib -I/shim-build/shim-16.1/Cryptlib/OpenSSL/Include/ -I/shim-build/shim-16.1/Cryptlib/OpenSSL/crypto -I/shim-build/shim-16.1/Cryptlib/Include -I/shim-build/shim-16.1/gnu-efi/inc -I/shim-build/shim-16.1/gnu-efi/inc/aarch64 -I/shim-build/shim-16.1/gnu-efi/inc/protocol -I/shim-build/shim-16.1/Cryptlib/OpenSSL/crypto/asn1 -I/shim-build/shim-16.1/Cryptlib/OpenSSL/crypto/evp -I/shim-build/shim-16.1/Cryptlib/OpenSSL/crypto/modes -I/shim-build/shim-16.1/Cryptlib/OpenSSL/crypto/include -isystem /shim-build/shim-16.1/include/system -isystem /usr/lib/gcc-cross/aarch64-linux-gnu/11/include -DL_ENDIAN -D_CRT_SECURE_NO_DEPRECATE -D_CRT_NONSTDC_NO_DEPRECATE -DOPENSSL_SMALL_FOOTPRINT -DPEDANTIC -DMDE_CPU_AARCH64   -c -o crypto/evp/p_seal.o /shim-build/shim-16.1/Cryptlib/OpenSSL/crypto/evp/p_seal.c
#14 90.23 aarch64-linux-gnu-gcc -std=gnu11 -ggdb -gdwarf-4 -gstrict-dwarf -ffreestanding -fmacro-prefix-map=/shim-build/shim-16.1/= -fno-stack-protector -fno-strict-aliasing -fpic -fshort-wchar -nostdinc -Os -Wall -Wextra -Wno-missing-field-initializers -Wno-empty-body -Wno-implicit-fallthrough -Wno-old-style-declaration -Wno-unused-but-set-variable -Wno-unused-parameter -Werror -Wno-error=unused-but-set-variable -Wno-error=unused-parameter -I/shim-build/shim-16.1/Cryptlib/OpenSSL -I/shim-build/shim-16.1/Cryptlib -I/shim-build/shim-16.1/Cryptlib/OpenSSL/Include/ -I/shim-build/shim-16.1/Cryptlib/OpenSSL/crypto -I/shim-build/shim-16.1/Cryptlib/Include -I/shim-build/shim-16.1/gnu-efi/inc -I/shim-build/shim-16.1/gnu-efi/inc/aarch64 -I/shim-build/shim-16.1/gnu-efi/inc/protocol -I/shim-build/shim-16.1/Cryptlib/OpenSSL/crypto/asn1 -I/shim-build/shim-16.1/Cryptlib/OpenSSL/crypto/evp -I/shim-build/shim-16.1/Cryptlib/OpenSSL/crypto/modes -I/shim-build/shim-16.1/Cryptlib/OpenSSL/crypto/include -isystem /shim-build/shim-16.1/include/system -isystem /usr/lib/gcc-cross/aarch64-linux-gnu/11/include -DL_ENDIAN -D_CRT_SECURE_NO_DEPRECATE -D_CRT_NONSTDC_NO_DEPRECATE -DOPENSSL_SMALL_FOOTPRINT -DPEDANTIC -DMDE_CPU_AARCH64   -c -o crypto/evp/p_sign.o /shim-build/shim-16.1/Cryptlib/OpenSSL/crypto/evp/p_sign.c
#14 90.65 aarch64-linux-gnu-gcc -std=gnu11 -ggdb -gdwarf-4 -gstrict-dwarf -ffreestanding -fmacro-prefix-map=/shim-build/shim-16.1/= -fno-stack-protector -fno-strict-aliasing -fpic -fshort-wchar -nostdinc -Os -Wall -Wextra -Wno-missing-field-initializers -Wno-empty-body -Wno-implicit-fallthrough -Wno-old-style-declaration -Wno-unused-but-set-variable -Wno-unused-parameter -Werror -Wno-error=unused-but-set-variable -Wno-error=unused-parameter -I/shim-build/shim-16.1/Cryptlib/OpenSSL -I/shim-build/shim-16.1/Cryptlib -I/shim-build/shim-16.1/Cryptlib/OpenSSL/Include/ -I/shim-build/shim-16.1/Cryptlib/OpenSSL/crypto -I/shim-build/shim-16.1/Cryptlib/Include -I/shim-build/shim-16.1/gnu-efi/inc -I/shim-build/shim-16.1/gnu-efi/inc/aarch64 -I/shim-build/shim-16.1/gnu-efi/inc/protocol -I/shim-build/shim-16.1/Cryptlib/OpenSSL/crypto/asn1 -I/shim-build/shim-16.1/Cryptlib/OpenSSL/crypto/evp -I/shim-build/shim-16.1/Cryptlib/OpenSSL/crypto/modes -I/shim-build/shim-16.1/Cryptlib/OpenSSL/crypto/include -isystem /shim-build/shim-16.1/include/system -isystem /usr/lib/gcc-cross/aarch64-linux-gnu/11/include -DL_ENDIAN -D_CRT_SECURE_NO_DEPRECATE -D_CRT_NONSTDC_NO_DEPRECATE -DOPENSSL_SMALL_FOOTPRINT -DPEDANTIC -DMDE_CPU_AARCH64   -c -o crypto/evp/p_verify.o /shim-build/shim-16.1/Cryptlib/OpenSSL/crypto/evp/p_verify.c
#14 91.07 aarch64-linux-gnu-gcc -std=gnu11 -ggdb -gdwarf-4 -gstrict-dwarf -ffreestanding -fmacro-prefix-map=/shim-build/shim-16.1/= -fno-stack-protector -fno-strict-aliasing -fpic -fshort-wchar -nostdinc -Os -Wall -Wextra -Wno-missing-field-initializers -Wno-empty-body -Wno-implicit-fallthrough -Wno-old-style-declaration -Wno-unused-but-set-variable -Wno-unused-parameter -Werror -Wno-error=unused-but-set-variable -Wno-error=unused-parameter -I/shim-build/shim-16.1/Cryptlib/OpenSSL -I/shim-build/shim-16.1/Cryptlib -I/shim-build/shim-16.1/Cryptlib/OpenSSL/Include/ -I/shim-build/shim-16.1/Cryptlib/OpenSSL/crypto -I/shim-build/shim-16.1/Cryptlib/Include -I/shim-build/shim-16.1/gnu-efi/inc -I/shim-build/shim-16.1/gnu-efi/inc/aarch64 -I/shim-build/shim-16.1/gnu-efi/inc/protocol -I/shim-build/shim-16.1/Cryptlib/OpenSSL/crypto/asn1 -I/shim-build/shim-16.1/Cryptlib/OpenSSL/crypto/evp -I/shim-build/shim-16.1/Cryptlib/OpenSSL/crypto/modes -I/shim-build/shim-16.1/Cryptlib/OpenSSL/crypto/include -isystem /shim-build/shim-16.1/include/system -isystem /usr/lib/gcc-cross/aarch64-linux-gnu/11/include -DL_ENDIAN -D_CRT_SECURE_NO_DEPRECATE -D_CRT_NONSTDC_NO_DEPRECATE -DOPENSSL_SMALL_FOOTPRINT -DPEDANTIC -DMDE_CPU_AARCH64   -c -o crypto/evp/p_lib.o /shim-build/shim-16.1/Cryptlib/OpenSSL/crypto/evp/p_lib.c
#14 91.52 aarch64-linux-gnu-gcc -std=gnu11 -ggdb -gdwarf-4 -gstrict-dwarf -ffreestanding -fmacro-prefix-map=/shim-build/shim-16.1/= -fno-stack-protector -fno-strict-aliasing -fpic -fshort-wchar -nostdinc -Os -Wall -Wextra -Wno-missing-field-initializers -Wno-empty-body -Wno-implicit-fallthrough -Wno-old-style-declaration -Wno-unused-but-set-variable -Wno-unused-parameter -Werror -Wno-error=unused-but-set-variable -Wno-error=unused-parameter -I/shim-build/shim-16.1/Cryptlib/OpenSSL -I/shim-build/shim-16.1/Cryptlib -I/shim-build/shim-16.1/Cryptlib/OpenSSL/Include/ -I/shim-build/shim-16.1/Cryptlib/OpenSSL/crypto -I/shim-build/shim-16.1/Cryptlib/Include -I/shim-build/shim-16.1/gnu-efi/inc -I/shim-build/shim-16.1/gnu-efi/inc/aarch64 -I/shim-build/shim-16.1/gnu-efi/inc/protocol -I/shim-build/shim-16.1/Cryptlib/OpenSSL/crypto/asn1 -I/shim-build/shim-16.1/Cryptlib/OpenSSL/crypto/evp -I/shim-build/shim-16.1/Cryptlib/OpenSSL/crypto/modes -I/shim-build/shim-16.1/Cryptlib/OpenSSL/crypto/include -isystem /shim-build/shim-16.1/include/system -isystem /usr/lib/gcc-cross/aarch64-linux-gnu/11/include -DL_ENDIAN -D_CRT_SECURE_NO_DEPRECATE -D_CRT_NONSTDC_NO_DEPRECATE -DOPENSSL_SMALL_FOOTPRINT -DPEDANTIC -DMDE_CPU_AARCH64   -c -o crypto/evp/p_enc.o /shim-build/shim-16.1/Cryptlib/OpenSSL/crypto/evp/p_enc.c
#14 91.86 aarch64-linux-gnu-gcc -std=gnu11 -ggdb -gdwarf-4 -gstrict-dwarf -ffreestanding -fmacro-prefix-map=/shim-build/shim-16.1/= -fno-stack-protector -fno-strict-aliasing -fpic -fshort-wchar -nostdinc -Os -Wall -Wextra -Wno-missing-field-initializers -Wno-empty-body -Wno-implicit-fallthrough -Wno-old-style-declaration -Wno-unused-but-set-variable -Wno-unused-parameter -Werror -Wno-error=unused-but-set-variable -Wno-error=unused-parameter -I/shim-build/shim-16.1/Cryptlib/OpenSSL -I/shim-build/shim-16.1/Cryptlib -I/shim-build/shim-16.1/Cryptlib/OpenSSL/Include/ -I/shim-build/shim-16.1/Cryptlib/OpenSSL/crypto -I/shim-build/shim-16.1/Cryptlib/Include -I/shim-build/shim-16.1/gnu-efi/inc -I/shim-build/shim-16.1/gnu-efi/inc/aarch64 -I/shim-build/shim-16.1/gnu-efi/inc/protocol -I/shim-build/shim-16.1/Cryptlib/OpenSSL/crypto/asn1 -I/shim-build/shim-16.1/Cryptlib/OpenSSL/crypto/evp -I/shim-build/shim-16.1/Cryptlib/OpenSSL/crypto/modes -I/shim-build/shim-16.1/Cryptlib/OpenSSL/crypto/include -isystem /shim-build/shim-16.1/include/system -isystem /usr/lib/gcc-cross/aarch64-linux-gnu/11/include -DL_ENDIAN -D_CRT_SECURE_NO_DEPRECATE -D_CRT_NONSTDC_NO_DEPRECATE -DOPENSSL_SMALL_FOOTPRINT -DPEDANTIC -DMDE_CPU_AARCH64   -c -o crypto/evp/p_dec.o /shim-build/shim-16.1/Cryptlib/OpenSSL/crypto/evp/p_dec.c
#14 92.20 aarch64-linux-gnu-gcc -std=gnu11 -ggdb -gdwarf-4 -gstrict-dwarf -ffreestanding -fmacro-prefix-map=/shim-build/shim-16.1/= -fno-stack-protector -fno-strict-aliasing -fpic -fshort-wchar -nostdinc -Os -Wall -Wextra -Wno-missing-field-initializers -Wno-empty-body -Wno-implicit-fallthrough -Wno-old-style-declaration -Wno-unused-but-set-variable -Wno-unused-parameter -Werror -Wno-error=unused-but-set-variable -Wno-error=unused-parameter -I/shim-build/shim-16.1/Cryptlib/OpenSSL -I/shim-build/shim-16.1/Cryptlib -I/shim-build/shim-16.1/Cryptlib/OpenSSL/Include/ -I/shim-build/shim-16.1/Cryptlib/OpenSSL/crypto -I/shim-build/shim-16.1/Cryptlib/Include -I/shim-build/shim-16.1/gnu-efi/inc -I/shim-build/shim-16.1/gnu-efi/inc/aarch64 -I/shim-build/shim-16.1/gnu-efi/inc/protocol -I/shim-build/shim-16.1/Cryptlib/OpenSSL/crypto/asn1 -I/shim-build/shim-16.1/Cryptlib/OpenSSL/crypto/evp -I/shim-build/shim-16.1/Cryptlib/OpenSSL/crypto/modes -I/shim-build/shim-16.1/Cryptlib/OpenSSL/crypto/include -isystem /shim-build/shim-16.1/include/system -isystem /usr/lib/gcc-cross/aarch64-linux-gnu/11/include -DL_ENDIAN -D_CRT_SECURE_NO_DEPRECATE -D_CRT_NONSTDC_NO_DEPRECATE -DOPENSSL_SMALL_FOOTPRINT -DPEDANTIC -DMDE_CPU_AARCH64   -c -o crypto/evp/bio_md.o /shim-build/shim-16.1/Cryptlib/OpenSSL/crypto/evp/bio_md.c
#14 92.64 aarch64-linux-gnu-gcc -std=gnu11 -ggdb -gdwarf-4 -gstrict-dwarf -ffreestanding -fmacro-prefix-map=/shim-build/shim-16.1/= -fno-stack-protector -fno-strict-aliasing -fpic -fshort-wchar -nostdinc -Os -Wall -Wextra -Wno-missing-field-initializers -Wno-empty-body -Wno-implicit-fallthrough -Wno-old-style-declaration -Wno-unused-but-set-variable -Wno-unused-parameter -Werror -Wno-error=unused-but-set-variable -Wno-error=unused-parameter -I/shim-build/shim-16.1/Cryptlib/OpenSSL -I/shim-build/shim-16.1/Cryptlib -I/shim-build/shim-16.1/Cryptlib/OpenSSL/Include/ -I/shim-build/shim-16.1/Cryptlib/OpenSSL/crypto -I/shim-build/shim-16.1/Cryptlib/Include -I/shim-build/shim-16.1/gnu-efi/inc -I/shim-build/shim-16.1/gnu-efi/inc/aarch64 -I/shim-build/shim-16.1/gnu-efi/inc/protocol -I/shim-build/shim-16.1/Cryptlib/OpenSSL/crypto/asn1 -I/shim-build/shim-16.1/Cryptlib/OpenSSL/crypto/evp -I/shim-build/shim-16.1/Cryptlib/OpenSSL/crypto/modes -I/shim-build/shim-16.1/Cryptlib/OpenSSL/crypto/include -isystem /shim-build/shim-16.1/include/system -isystem /usr/lib/gcc-cross/aarch64-linux-gnu/11/include -DL_ENDIAN -D_CRT_SECURE_NO_DEPRECATE -D_CRT_NONSTDC_NO_DEPRECATE -DOPENSSL_SMALL_FOOTPRINT -DPEDANTIC -DMDE_CPU_AARCH64   -c -o crypto/evp/bio_b64.o /shim-build/shim-16.1/Cryptlib/OpenSSL/crypto/evp/bio_b64.c
#14 93.20 aarch64-linux-gnu-gcc -std=gnu11 -ggdb -gdwarf-4 -gstrict-dwarf -ffreestanding -fmacro-prefix-map=/shim-build/shim-16.1/= -fno-stack-protector -fno-strict-aliasing -fpic -fshort-wchar -nostdinc -Os -Wall -Wextra -Wno-missing-field-initializers -Wno-empty-body -Wno-implicit-fallthrough -Wno-old-style-declaration -Wno-unused-but-set-variable -Wno-unused-parameter -Werror -Wno-error=unused-but-set-variable -Wno-error=unused-parameter -I/shim-build/shim-16.1/Cryptlib/OpenSSL -I/shim-build/shim-16.1/Cryptlib -I/shim-build/shim-16.1/Cryptlib/OpenSSL/Include/ -I/shim-build/shim-16.1/Cryptlib/OpenSSL/crypto -I/shim-build/shim-16.1/Cryptlib/Include -I/shim-build/shim-16.1/gnu-efi/inc -I/shim-build/shim-16.1/gnu-efi/inc/aarch64 -I/shim-build/shim-16.1/gnu-efi/inc/protocol -I/shim-build/shim-16.1/Cryptlib/OpenSSL/crypto/asn1 -I/shim-build/shim-16.1/Cryptlib/OpenSSL/crypto/evp -I/shim-build/shim-16.1/Cryptlib/OpenSSL/crypto/modes -I/shim-build/shim-16.1/Cryptlib/OpenSSL/crypto/include -isystem /shim-build/shim-16.1/include/system -isystem /usr/lib/gcc-cross/aarch64-linux-gnu/11/include -DL_ENDIAN -D_CRT_SECURE_NO_DEPRECATE -D_CRT_NONSTDC_NO_DEPRECATE -DOPENSSL_SMALL_FOOTPRINT -DPEDANTIC -DMDE_CPU_AARCH64   -c -o crypto/evp/bio_enc.o /shim-build/shim-16.1/Cryptlib/OpenSSL/crypto/evp/bio_enc.c
#14 93.68 aarch64-linux-gnu-gcc -std=gnu11 -ggdb -gdwarf-4 -gstrict-dwarf -ffreestanding -fmacro-prefix-map=/shim-build/shim-16.1/= -fno-stack-protector -fno-strict-aliasing -fpic -fshort-wchar -nostdinc -Os -Wall -Wextra -Wno-missing-field-initializers -Wno-empty-body -Wno-implicit-fallthrough -Wno-old-style-declaration -Wno-unused-but-set-variable -Wno-unused-parameter -Werror -Wno-error=unused-but-set-variable -Wno-error=unused-parameter -I/shim-build/shim-16.1/Cryptlib/OpenSSL -I/shim-build/shim-16.1/Cryptlib -I/shim-build/shim-16.1/Cryptlib/OpenSSL/Include/ -I/shim-build/shim-16.1/Cryptlib/OpenSSL/crypto -I/shim-build/shim-16.1/Cryptlib/Include -I/shim-build/shim-16.1/gnu-efi/inc -I/shim-build/shim-16.1/gnu-efi/inc/aarch64 -I/shim-build/shim-16.1/gnu-efi/inc/protocol -I/shim-build/shim-16.1/Cryptlib/OpenSSL/crypto/asn1 -I/shim-build/shim-16.1/Cryptlib/OpenSSL/crypto/evp -I/shim-build/shim-16.1/Cryptlib/OpenSSL/crypto/modes -I/shim-build/shim-16.1/Cryptlib/OpenSSL/crypto/include -isystem /shim-build/shim-16.1/include/system -isystem /usr/lib/gcc-cross/aarch64-linux-gnu/11/include -DL_ENDIAN -D_CRT_SECURE_NO_DEPRECATE -D_CRT_NONSTDC_NO_DEPRECATE -DOPENSSL_SMALL_FOOTPRINT -DPEDANTIC -DMDE_CPU_AARCH64   -c -o crypto/evp/evp_err.o /shim-build/shim-16.1/Cryptlib/OpenSSL/crypto/evp/evp_err.c
#14 93.93 aarch64-linux-gnu-gcc -std=gnu11 -ggdb -gdwarf-4 -gstrict-dwarf -ffreestanding -fmacro-prefix-map=/shim-build/shim-16.1/= -fno-stack-protector -fno-strict-aliasing -fpic -fshort-wchar -nostdinc -Os -Wall -Wextra -Wno-missing-field-initializers -Wno-empty-body -Wno-implicit-fallthrough -Wno-old-style-declaration -Wno-unused-but-set-variable -Wno-unused-parameter -Werror -Wno-error=unused-but-set-variable -Wno-error=unused-parameter -I/shim-build/shim-16.1/Cryptlib/OpenSSL -I/shim-build/shim-16.1/Cryptlib -I/shim-build/shim-16.1/Cryptlib/OpenSSL/Include/ -I/shim-build/shim-16.1/Cryptlib/OpenSSL/crypto -I/shim-build/shim-16.1/Cryptlib/Include -I/shim-build/shim-16.1/gnu-efi/inc -I/shim-build/shim-16.1/gnu-efi/inc/aarch64 -I/shim-build/shim-16.1/gnu-efi/inc/protocol -I/shim-build/shim-16.1/Cryptlib/OpenSSL/crypto/asn1 -I/shim-build/shim-16.1/Cryptlib/OpenSSL/crypto/evp -I/shim-build/shim-16.1/Cryptlib/OpenSSL/crypto/modes -I/shim-build/shim-16.1/Cryptlib/OpenSSL/crypto/include -isystem /shim-build/shim-16.1/include/system -isystem /usr/lib/gcc-cross/aarch64-linux-gnu/11/include -DL_ENDIAN -D_CRT_SECURE_NO_DEPRECATE -D_CRT_NONSTDC_NO_DEPRECATE -DOPENSSL_SMALL_FOOTPRINT -DPEDANTIC -DMDE_CPU_AARCH64   -c -o crypto/evp/e_null.o /shim-build/shim-16.1/Cryptlib/OpenSSL/crypto/evp/e_null.c
#14 94.26 aarch64-linux-gnu-gcc -std=gnu11 -ggdb -gdwarf-4 -gstrict-dwarf -ffreestanding -fmacro-prefix-map=/shim-build/shim-16.1/= -fno-stack-protector -fno-strict-aliasing -fpic -fshort-wchar -nostdinc -Os -Wall -Wextra -Wno-missing-field-initializers -Wno-empty-body -Wno-implicit-fallthrough -Wno-old-style-declaration -Wno-unused-but-set-variable -Wno-unused-parameter -Werror -Wno-error=unused-but-set-variable -Wno-error=unused-parameter -I/shim-build/shim-16.1/Cryptlib/OpenSSL -I/shim-build/shim-16.1/Cryptlib -I/shim-build/shim-16.1/Cryptlib/OpenSSL/Include/ -I/shim-build/shim-16.1/Cryptlib/OpenSSL/crypto -I/shim-build/shim-16.1/Cryptlib/Include -I/shim-build/shim-16.1/gnu-efi/inc -I/shim-build/shim-16.1/gnu-efi/inc/aarch64 -I/shim-build/shim-16.1/gnu-efi/inc/protocol -I/shim-build/shim-16.1/Cryptlib/OpenSSL/crypto/asn1 -I/shim-build/shim-16.1/Cryptlib/OpenSSL/crypto/evp -I/shim-build/shim-16.1/Cryptlib/OpenSSL/crypto/modes -I/shim-build/shim-16.1/Cryptlib/OpenSSL/crypto/include -isystem /shim-build/shim-16.1/include/system -isystem /usr/lib/gcc-cross/aarch64-linux-gnu/11/include -DL_ENDIAN -D_CRT_SECURE_NO_DEPRECATE -D_CRT_NONSTDC_NO_DEPRECATE -DOPENSSL_SMALL_FOOTPRINT -DPEDANTIC -DMDE_CPU_AARCH64   -c -o crypto/evp/c_all.o /shim-build/shim-16.1/Cryptlib/OpenSSL/crypto/evp/c_all.c
#14 94.53 aarch64-linux-gnu-gcc -std=gnu11 -ggdb -gdwarf-4 -gstrict-dwarf -ffreestanding -fmacro-prefix-map=/shim-build/shim-16.1/= -fno-stack-protector -fno-strict-aliasing -fpic -fshort-wchar -nostdinc -Os -Wall -Wextra -Wno-missing-field-initializers -Wno-empty-body -Wno-implicit-fallthrough -Wno-old-style-declaration -Wno-unused-but-set-variable -Wno-unused-parameter -Werror -Wno-error=unused-but-set-variable -Wno-error=unused-parameter -I/shim-build/shim-16.1/Cryptlib/OpenSSL -I/shim-build/shim-16.1/Cryptlib -I/shim-build/shim-16.1/Cryptlib/OpenSSL/Include/ -I/shim-build/shim-16.1/Cryptlib/OpenSSL/crypto -I/shim-build/shim-16.1/Cryptlib/Include -I/shim-build/shim-16.1/gnu-efi/inc -I/shim-build/shim-16.1/gnu-efi/inc/aarch64 -I/shim-build/shim-16.1/gnu-efi/inc/protocol -I/shim-build/shim-16.1/Cryptlib/OpenSSL/crypto/asn1 -I/shim-build/shim-16.1/Cryptlib/OpenSSL/crypto/evp -I/shim-build/shim-16.1/Cryptlib/OpenSSL/crypto/modes -I/shim-build/shim-16.1/Cryptlib/OpenSSL/crypto/include -isystem /shim-build/shim-16.1/include/system -isystem /usr/lib/gcc-cross/aarch64-linux-gnu/11/include -DL_ENDIAN -D_CRT_SECURE_NO_DEPRECATE -D_CRT_NONSTDC_NO_DEPRECATE -DOPENSSL_SMALL_FOOTPRINT -DPEDANTIC -DMDE_CPU_AARCH64   -c -o crypto/evp/c_allc.o /shim-build/shim-16.1/Cryptlib/OpenSSL/crypto/evp/c_allc.c
#14 94.84 aarch64-linux-gnu-gcc -std=gnu11 -ggdb -gdwarf-4 -gstrict-dwarf -ffreestanding -fmacro-prefix-map=/shim-build/shim-16.1/= -fno-stack-protector -fno-strict-aliasing -fpic -fshort-wchar -nostdinc -Os -Wall -Wextra -Wno-missing-field-initializers -Wno-empty-body -Wno-implicit-fallthrough -Wno-old-style-declaration -Wno-unused-but-set-variable -Wno-unused-parameter -Werror -Wno-error=unused-but-set-variable -Wno-error=unused-parameter -I/shim-build/shim-16.1/Cryptlib/OpenSSL -I/shim-build/shim-16.1/Cryptlib -I/shim-build/shim-16.1/Cryptlib/OpenSSL/Include/ -I/shim-build/shim-16.1/Cryptlib/OpenSSL/crypto -I/shim-build/shim-16.1/Cryptlib/Include -I/shim-build/shim-16.1/gnu-efi/inc -I/shim-build/shim-16.1/gnu-efi/inc/aarch64 -I/shim-build/shim-16.1/gnu-efi/inc/protocol -I/shim-build/shim-16.1/Cryptlib/OpenSSL/crypto/asn1 -I/shim-build/shim-16.1/Cryptlib/OpenSSL/crypto/evp -I/shim-build/shim-16.1/Cryptlib/OpenSSL/crypto/modes -I/shim-build/shim-16.1/Cryptlib/OpenSSL/crypto/include -isystem /shim-build/shim-16.1/include/system -isystem /usr/lib/gcc-cross/aarch64-linux-gnu/11/include -DL_ENDIAN -D_CRT_SECURE_NO_DEPRECATE -D_CRT_NONSTDC_NO_DEPRECATE -DOPENSSL_SMALL_FOOTPRINT -DPEDANTIC -DMDE_CPU_AARCH64   -c -o crypto/evp/c_alld.o /shim-build/shim-16.1/Cryptlib/OpenSSL/crypto/evp/c_alld.c
#14 95.15 aarch64-linux-gnu-gcc -std=gnu11 -ggdb -gdwarf-4 -gstrict-dwarf -ffreestanding -fmacro-prefix-map=/shim-build/shim-16.1/= -fno-stack-protector -fno-strict-aliasing -fpic -fshort-wchar -nostdinc -Os -Wall -Wextra -Wno-missing-field-initializers -Wno-empty-body -Wno-implicit-fallthrough -Wno-old-style-declaration -Wno-unused-but-set-variable -Wno-unused-parameter -Werror -Wno-error=unused-but-set-variable -Wno-error=unused-parameter -I/shim-build/shim-16.1/Cryptlib/OpenSSL -I/shim-build/shim-16.1/Cryptlib -I/shim-build/shim-16.1/Cryptlib/OpenSSL/Include/ -I/shim-build/shim-16.1/Cryptlib/OpenSSL/crypto -I/shim-build/shim-16.1/Cryptlib/Include -I/shim-build/shim-16.1/gnu-efi/inc -I/shim-build/shim-16.1/gnu-efi/inc/aarch64 -I/shim-build/shim-16.1/gnu-efi/inc/protocol -I/shim-build/shim-16.1/Cryptlib/OpenSSL/crypto/asn1 -I/shim-build/shim-16.1/Cryptlib/OpenSSL/crypto/evp -I/shim-build/shim-16.1/Cryptlib/OpenSSL/crypto/modes -I/shim-build/shim-16.1/Cryptlib/OpenSSL/crypto/include -isystem /shim-build/shim-16.1/include/system -isystem /usr/lib/gcc-cross/aarch64-linux-gnu/11/include -DL_ENDIAN -D_CRT_SECURE_NO_DEPRECATE -D_CRT_NONSTDC_NO_DEPRECATE -DOPENSSL_SMALL_FOOTPRINT -DPEDANTIC -DMDE_CPU_AARCH64   -c -o crypto/evp/evp_lib.o /shim-build/shim-16.1/Cryptlib/OpenSSL/crypto/evp/evp_lib.c
#14 95.60 aarch64-linux-gnu-gcc -std=gnu11 -ggdb -gdwarf-4 -gstrict-dwarf -ffreestanding -fmacro-prefix-map=/shim-build/shim-16.1/= -fno-stack-protector -fno-strict-aliasing -fpic -fshort-wchar -nostdinc -Os -Wall -Wextra -Wno-missing-field-initializers -Wno-empty-body -Wno-implicit-fallthrough -Wno-old-style-declaration -Wno-unused-but-set-variable -Wno-unused-parameter -Werror -Wno-error=unused-but-set-variable -Wno-error=unused-parameter -I/shim-build/shim-16.1/Cryptlib/OpenSSL -I/shim-build/shim-16.1/Cryptlib -I/shim-build/shim-16.1/Cryptlib/OpenSSL/Include/ -I/shim-build/shim-16.1/Cryptlib/OpenSSL/crypto -I/shim-build/shim-16.1/Cryptlib/Include -I/shim-build/shim-16.1/gnu-efi/inc -I/shim-build/shim-16.1/gnu-efi/inc/aarch64 -I/shim-build/shim-16.1/gnu-efi/inc/protocol -I/shim-build/shim-16.1/Cryptlib/OpenSSL/crypto/asn1 -I/shim-build/shim-16.1/Cryptlib/OpenSSL/crypto/evp -I/shim-build/shim-16.1/Cryptlib/OpenSSL/crypto/modes -I/shim-build/shim-16.1/Cryptlib/OpenSSL/crypto/include -isystem /shim-build/shim-16.1/include/system -isystem /usr/lib/gcc-cross/aarch64-linux-gnu/11/include -DL_ENDIAN -D_CRT_SECURE_NO_DEPRECATE -D_CRT_NONSTDC_NO_DEPRECATE -DOPENSSL_SMALL_FOOTPRINT -DPEDANTIC -DMDE_CPU_AARCH64   -c -o crypto/evp/bio_ok.o /shim-build/shim-16.1/Cryptlib/OpenSSL/crypto/evp/bio_ok.c
#14 96.14 aarch64-linux-gnu-gcc -std=gnu11 -ggdb -gdwarf-4 -gstrict-dwarf -ffreestanding -fmacro-prefix-map=/shim-build/shim-16.1/= -fno-stack-protector -fno-strict-aliasing -fpic -fshort-wchar -nostdinc -Os -Wall -Wextra -Wno-missing-field-initializers -Wno-empty-body -Wno-implicit-fallthrough -Wno-old-style-declaration -Wno-unused-but-set-variable -Wno-unused-parameter -Werror -Wno-error=unused-but-set-variable -Wno-error=unused-parameter -I/shim-build/shim-16.1/Cryptlib/OpenSSL -I/shim-build/shim-16.1/Cryptlib -I/shim-build/shim-16.1/Cryptlib/OpenSSL/Include/ -I/shim-build/shim-16.1/Cryptlib/OpenSSL/crypto -I/shim-build/shim-16.1/Cryptlib/Include -I/shim-build/shim-16.1/gnu-efi/inc -I/shim-build/shim-16.1/gnu-efi/inc/aarch64 -I/shim-build/shim-16.1/gnu-efi/inc/protocol -I/shim-build/shim-16.1/Cryptlib/OpenSSL/crypto/asn1 -I/shim-build/shim-16.1/Cryptlib/OpenSSL/crypto/evp -I/shim-build/shim-16.1/Cryptlib/OpenSSL/crypto/modes -I/shim-build/shim-16.1/Cryptlib/OpenSSL/crypto/include -isystem /shim-build/shim-16.1/include/system -isystem /usr/lib/gcc-cross/aarch64-linux-gnu/11/include -DL_ENDIAN -D_CRT_SECURE_NO_DEPRECATE -D_CRT_NONSTDC_NO_DEPRECATE -DOPENSSL_SMALL_FOOTPRINT -DPEDANTIC -DMDE_CPU_AARCH64   -c -o crypto/evp/evp_pkey.o /shim-build/shim-16.1/Cryptlib/OpenSSL/crypto/evp/evp_pkey.c
#14 96.53 aarch64-linux-gnu-gcc -std=gnu11 -ggdb -gdwarf-4 -gstrict-dwarf -ffreestanding -fmacro-prefix-map=/shim-build/shim-16.1/= -fno-stack-protector -fno-strict-aliasing -fpic -fshort-wchar -nostdinc -Os -Wall -Wextra -Wno-missing-field-initializers -Wno-empty-body -Wno-implicit-fallthrough -Wno-old-style-declaration -Wno-unused-but-set-variable -Wno-unused-parameter -Werror -Wno-error=unused-but-set-variable -Wno-error=unused-parameter -I/shim-build/shim-16.1/Cryptlib/OpenSSL -I/shim-build/shim-16.1/Cryptlib -I/shim-build/shim-16.1/Cryptlib/OpenSSL/Include/ -I/shim-build/shim-16.1/Cryptlib/OpenSSL/crypto -I/shim-build/shim-16.1/Cryptlib/Include -I/shim-build/shim-16.1/gnu-efi/inc -I/shim-build/shim-16.1/gnu-efi/inc/aarch64 -I/shim-build/shim-16.1/gnu-efi/inc/protocol -I/shim-build/shim-16.1/Cryptlib/OpenSSL/crypto/asn1 -I/shim-build/shim-16.1/Cryptlib/OpenSSL/crypto/evp -I/shim-build/shim-16.1/Cryptlib/OpenSSL/crypto/modes -I/shim-build/shim-16.1/Cryptlib/OpenSSL/crypto/include -isystem /shim-build/shim-16.1/include/system -isystem /usr/lib/gcc-cross/aarch64-linux-gnu/11/include -DL_ENDIAN -D_CRT_SECURE_NO_DEPRECATE -D_CRT_NONSTDC_NO_DEPRECATE -DOPENSSL_SMALL_FOOTPRINT -DPEDANTIC -DMDE_CPU_AARCH64   -c -o crypto/evp/evp_pbe.o /shim-build/shim-16.1/Cryptlib/OpenSSL/crypto/evp/evp_pbe.c
#14 96.97 aarch64-linux-gnu-gcc -std=gnu11 -ggdb -gdwarf-4 -gstrict-dwarf -ffreestanding -fmacro-prefix-map=/shim-build/shim-16.1/= -fno-stack-protector -fno-strict-aliasing -fpic -fshort-wchar -nostdinc -Os -Wall -Wextra -Wno-missing-field-initializers -Wno-empty-body -Wno-implicit-fallthrough -Wno-old-style-declaration -Wno-unused-but-set-variable -Wno-unused-parameter -Werror -Wno-error=unused-but-set-variable -Wno-error=unused-parameter -I/shim-build/shim-16.1/Cryptlib/OpenSSL -I/shim-build/shim-16.1/Cryptlib -I/shim-build/shim-16.1/Cryptlib/OpenSSL/Include/ -I/shim-build/shim-16.1/Cryptlib/OpenSSL/crypto -I/shim-build/shim-16.1/Cryptlib/Include -I/shim-build/shim-16.1/gnu-efi/inc -I/shim-build/shim-16.1/gnu-efi/inc/aarch64 -I/shim-build/shim-16.1/gnu-efi/inc/protocol -I/shim-build/shim-16.1/Cryptlib/OpenSSL/crypto/asn1 -I/shim-build/shim-16.1/Cryptlib/OpenSSL/crypto/evp -I/shim-build/shim-16.1/Cryptlib/OpenSSL/crypto/modes -I/shim-build/shim-16.1/Cryptlib/OpenSSL/crypto/include -isystem /shim-build/shim-16.1/include/system -isystem /usr/lib/gcc-cross/aarch64-linux-gnu/11/include -DL_ENDIAN -D_CRT_SECURE_NO_DEPRECATE -D_CRT_NONSTDC_NO_DEPRECATE -DOPENSSL_SMALL_FOOTPRINT -DPEDANTIC -DMDE_CPU_AARCH64   -c -o crypto/evp/p5_crpt.o /shim-build/shim-16.1/Cryptlib/OpenSSL/crypto/evp/p5_crpt.c
#14 97.39 aarch64-linux-gnu-gcc -std=gnu11 -ggdb -gdwarf-4 -gstrict-dwarf -ffreestanding -fmacro-prefix-map=/shim-build/shim-16.1/= -fno-stack-protector -fno-strict-aliasing -fpic -fshort-wchar -nostdinc -Os -Wall -Wextra -Wno-missing-field-initializers -Wno-empty-body -Wno-implicit-fallthrough -Wno-old-style-declaration -Wno-unused-but-set-variable -Wno-unused-parameter -Werror -Wno-error=unused-but-set-variable -Wno-error=unused-parameter -I/shim-build/shim-16.1/Cryptlib/OpenSSL -I/shim-build/shim-16.1/Cryptlib -I/shim-build/shim-16.1/Cryptlib/OpenSSL/Include/ -I/shim-build/shim-16.1/Cryptlib/OpenSSL/crypto -I/shim-build/shim-16.1/Cryptlib/Include -I/shim-build/shim-16.1/gnu-efi/inc -I/shim-build/shim-16.1/gnu-efi/inc/aarch64 -I/shim-build/shim-16.1/gnu-efi/inc/protocol -I/shim-build/shim-16.1/Cryptlib/OpenSSL/crypto/asn1 -I/shim-build/shim-16.1/Cryptlib/OpenSSL/crypto/evp -I/shim-build/shim-16.1/Cryptlib/OpenSSL/crypto/modes -I/shim-build/shim-16.1/Cryptlib/OpenSSL/crypto/include -isystem /shim-build/shim-16.1/include/system -isystem /usr/lib/gcc-cross/aarch64-linux-gnu/11/include -DL_ENDIAN -D_CRT_SECURE_NO_DEPRECATE -D_CRT_NONSTDC_NO_DEPRECATE -DOPENSSL_SMALL_FOOTPRINT -DPEDANTIC -DMDE_CPU_AARCH64   -c -o crypto/evp/p5_crpt2.o /shim-build/shim-16.1/Cryptlib/OpenSSL/crypto/evp/p5_crpt2.c
#14 97.85 aarch64-linux-gnu-gcc -std=gnu11 -ggdb -gdwarf-4 -gstrict-dwarf -ffreestanding -fmacro-prefix-map=/shim-build/shim-16.1/= -fno-stack-protector -fno-strict-aliasing -fpic -fshort-wchar -nostdinc -Os -Wall -Wextra -Wno-missing-field-initializers -Wno-empty-body -Wno-implicit-fallthrough -Wno-old-style-declaration -Wno-unused-but-set-variable -Wno-unused-parameter -Werror -Wno-error=unused-but-set-variable -Wno-error=unused-parameter -I/shim-build/shim-16.1/Cryptlib/OpenSSL -I/shim-build/shim-16.1/Cryptlib -I/shim-build/shim-16.1/Cryptlib/OpenSSL/Include/ -I/shim-build/shim-16.1/Cryptlib/OpenSSL/crypto -I/shim-build/shim-16.1/Cryptlib/Include -I/shim-build/shim-16.1/gnu-efi/inc -I/shim-build/shim-16.1/gnu-efi/inc/aarch64 -I/shim-build/shim-16.1/gnu-efi/inc/protocol -I/shim-build/shim-16.1/Cryptlib/OpenSSL/crypto/asn1 -I/shim-build/shim-16.1/Cryptlib/OpenSSL/crypto/evp -I/shim-build/shim-16.1/Cryptlib/OpenSSL/crypto/modes -I/shim-build/shim-16.1/Cryptlib/OpenSSL/crypto/include -isystem /shim-build/shim-16.1/include/system -isystem /usr/lib/gcc-cross/aarch64-linux-gnu/11/include -DL_ENDIAN -D_CRT_SECURE_NO_DEPRECATE -D_CRT_NONSTDC_NO_DEPRECATE -DOPENSSL_SMALL_FOOTPRINT -DPEDANTIC -DMDE_CPU_AARCH64   -c -o crypto/evp/e_old.o /shim-build/shim-16.1/Cryptlib/OpenSSL/crypto/evp/e_old.c
#14 98.12 aarch64-linux-gnu-gcc -std=gnu11 -ggdb -gdwarf-4 -gstrict-dwarf -ffreestanding -fmacro-prefix-map=/shim-build/shim-16.1/= -fno-stack-protector -fno-strict-aliasing -fpic -fshort-wchar -nostdinc -Os -Wall -Wextra -Wno-missing-field-initializers -Wno-empty-body -Wno-implicit-fallthrough -Wno-old-style-declaration -Wno-unused-but-set-variable -Wno-unused-parameter -Werror -Wno-error=unused-but-set-variable -Wno-error=unused-parameter -I/shim-build/shim-16.1/Cryptlib/OpenSSL -I/shim-build/shim-16.1/Cryptlib -I/shim-build/shim-16.1/Cryptlib/OpenSSL/Include/ -I/shim-build/shim-16.1/Cryptlib/OpenSSL/crypto -I/shim-build/shim-16.1/Cryptlib/Include -I/shim-build/shim-16.1/gnu-efi/inc -I/shim-build/shim-16.1/gnu-efi/inc/aarch64 -I/shim-build/shim-16.1/gnu-efi/inc/protocol -I/shim-build/shim-16.1/Cryptlib/OpenSSL/crypto/asn1 -I/shim-build/shim-16.1/Cryptlib/OpenSSL/crypto/evp -I/shim-build/shim-16.1/Cryptlib/OpenSSL/crypto/modes -I/shim-build/shim-16.1/Cryptlib/OpenSSL/crypto/include -isystem /shim-build/shim-16.1/include/system -isystem /usr/lib/gcc-cross/aarch64-linux-gnu/11/include -DL_ENDIAN -D_CRT_SECURE_NO_DEPRECATE -D_CRT_NONSTDC_NO_DEPRECATE -DOPENSSL_SMALL_FOOTPRINT -DPEDANTIC -DMDE_CPU_AARCH64   -c -o crypto/evp/pmeth_lib.o /shim-build/shim-16.1/Cryptlib/OpenSSL/crypto/evp/pmeth_lib.c
#14 98.60 aarch64-linux-gnu-gcc -std=gnu11 -ggdb -gdwarf-4 -gstrict-dwarf -ffreestanding -fmacro-prefix-map=/shim-build/shim-16.1/= -fno-stack-protector -fno-strict-aliasing -fpic -fshort-wchar -nostdinc -Os -Wall -Wextra -Wno-missing-field-initializers -Wno-empty-body -Wno-implicit-fallthrough -Wno-old-style-declaration -Wno-unused-but-set-variable -Wno-unused-parameter -Werror -Wno-error=unused-but-set-variable -Wno-error=unused-parameter -I/shim-build/shim-16.1/Cryptlib/OpenSSL -I/shim-build/shim-16.1/Cryptlib -I/shim-build/shim-16.1/Cryptlib/OpenSSL/Include/ -I/shim-build/shim-16.1/Cryptlib/OpenSSL/crypto -I/shim-build/shim-16.1/Cryptlib/Include -I/shim-build/shim-16.1/gnu-efi/inc -I/shim-build/shim-16.1/gnu-efi/inc/aarch64 -I/shim-build/shim-16.1/gnu-efi/inc/protocol -I/shim-build/shim-16.1/Cryptlib/OpenSSL/crypto/asn1 -I/shim-build/shim-16.1/Cryptlib/OpenSSL/crypto/evp -I/shim-build/shim-16.1/Cryptlib/OpenSSL/crypto/modes -I/shim-build/shim-16.1/Cryptlib/OpenSSL/crypto/include -isystem /shim-build/shim-16.1/include/system -isystem /usr/lib/gcc-cross/aarch64-linux-gnu/11/include -DL_ENDIAN -D_CRT_SECURE_NO_DEPRECATE -D_CRT_NONSTDC_NO_DEPRECATE -DOPENSSL_SMALL_FOOTPRINT -DPEDANTIC -DMDE_CPU_AARCH64   -c -o crypto/evp/pmeth_fn.o /shim-build/shim-16.1/Cryptlib/OpenSSL/crypto/evp/pmeth_fn.c
#14 99.03 aarch64-linux-gnu-gcc -std=gnu11 -ggdb -gdwarf-4 -gstrict-dwarf -ffreestanding -fmacro-prefix-map=/shim-build/shim-16.1/= -fno-stack-protector -fno-strict-aliasing -fpic -fshort-wchar -nostdinc -Os -Wall -Wextra -Wno-missing-field-initializers -Wno-empty-body -Wno-implicit-fallthrough -Wno-old-style-declaration -Wno-unused-but-set-variable -Wno-unused-parameter -Werror -Wno-error=unused-but-set-variable -Wno-error=unused-parameter -I/shim-build/shim-16.1/Cryptlib/OpenSSL -I/shim-build/shim-16.1/Cryptlib -I/shim-build/shim-16.1/Cryptlib/OpenSSL/Include/ -I/shim-build/shim-16.1/Cryptlib/OpenSSL/crypto -I/shim-build/shim-16.1/Cryptlib/Include -I/shim-build/shim-16.1/gnu-efi/inc -I/shim-build/shim-16.1/gnu-efi/inc/aarch64 -I/shim-build/shim-16.1/gnu-efi/inc/protocol -I/shim-build/shim-16.1/Cryptlib/OpenSSL/crypto/asn1 -I/shim-build/shim-16.1/Cryptlib/OpenSSL/crypto/evp -I/shim-build/shim-16.1/Cryptlib/OpenSSL/crypto/modes -I/shim-build/shim-16.1/Cryptlib/OpenSSL/crypto/include -isystem /shim-build/shim-16.1/include/system -isystem /usr/lib/gcc-cross/aarch64-linux-gnu/11/include -DL_ENDIAN -D_CRT_SECURE_NO_DEPRECATE -D_CRT_NONSTDC_NO_DEPRECATE -DOPENSSL_SMALL_FOOTPRINT -DPEDANTIC -DMDE_CPU_AARCH64   -c -o crypto/evp/pmeth_gn.o /shim-build/shim-16.1/Cryptlib/OpenSSL/crypto/evp/pmeth_gn.c
#14 99.46 aarch64-linux-gnu-gcc -std=gnu11 -ggdb -gdwarf-4 -gstrict-dwarf -ffreestanding -fmacro-prefix-map=/shim-build/shim-16.1/= -fno-stack-protector -fno-strict-aliasing -fpic -fshort-wchar -nostdinc -Os -Wall -Wextra -Wno-missing-field-initializers -Wno-empty-body -Wno-implicit-fallthrough -Wno-old-style-declaration -Wno-unused-but-set-variable -Wno-unused-parameter -Werror -Wno-error=unused-but-set-variable -Wno-error=unused-parameter -I/shim-build/shim-16.1/Cryptlib/OpenSSL -I/shim-build/shim-16.1/Cryptlib -I/shim-build/shim-16.1/Cryptlib/OpenSSL/Include/ -I/shim-build/shim-16.1/Cryptlib/OpenSSL/crypto -I/shim-build/shim-16.1/Cryptlib/Include -I/shim-build/shim-16.1/gnu-efi/inc -I/shim-build/shim-16.1/gnu-efi/inc/aarch64 -I/shim-build/shim-16.1/gnu-efi/inc/protocol -I/shim-build/shim-16.1/Cryptlib/OpenSSL/crypto/asn1 -I/shim-build/shim-16.1/Cryptlib/OpenSSL/crypto/evp -I/shim-build/shim-16.1/Cryptlib/OpenSSL/crypto/modes -I/shim-build/shim-16.1/Cryptlib/OpenSSL/crypto/include -isystem /shim-build/shim-16.1/include/system -isystem /usr/lib/gcc-cross/aarch64-linux-gnu/11/include -DL_ENDIAN -D_CRT_SECURE_NO_DEPRECATE -D_CRT_NONSTDC_NO_DEPRECATE -DOPENSSL_SMALL_FOOTPRINT -DPEDANTIC -DMDE_CPU_AARCH64   -c -o crypto/evp/m_sigver.o /shim-build/shim-16.1/Cryptlib/OpenSSL/crypto/evp/m_sigver.c
#14 99.89 aarch64-linux-gnu-gcc -std=gnu11 -ggdb -gdwarf-4 -gstrict-dwarf -ffreestanding -fmacro-prefix-map=/shim-build/shim-16.1/= -fno-stack-protector -fno-strict-aliasing -fpic -fshort-wchar -nostdinc -Os -Wall -Wextra -Wno-missing-field-initializers -Wno-empty-body -Wno-implicit-fallthrough -Wno-old-style-declaration -Wno-unused-but-set-variable -Wno-unused-parameter -Werror -Wno-error=unused-but-set-variable -Wno-error=unused-parameter -I/shim-build/shim-16.1/Cryptlib/OpenSSL -I/shim-build/shim-16.1/Cryptlib -I/shim-build/shim-16.1/Cryptlib/OpenSSL/Include/ -I/shim-build/shim-16.1/Cryptlib/OpenSSL/crypto -I/shim-build/shim-16.1/Cryptlib/Include -I/shim-build/shim-16.1/gnu-efi/inc -I/shim-build/shim-16.1/gnu-efi/inc/aarch64 -I/shim-build/shim-16.1/gnu-efi/inc/protocol -I/shim-build/shim-16.1/Cryptlib/OpenSSL/crypto/asn1 -I/shim-build/shim-16.1/Cryptlib/OpenSSL/crypto/evp -I/shim-build/shim-16.1/Cryptlib/OpenSSL/crypto/modes -I/shim-build/shim-16.1/Cryptlib/OpenSSL/crypto/include -isystem /shim-build/shim-16.1/include/system -isystem /usr/lib/gcc-cross/aarch64-linux-gnu/11/include -DL_ENDIAN -D_CRT_SECURE_NO_DEPRECATE -D_CRT_NONSTDC_NO_DEPRECATE -DOPENSSL_SMALL_FOOTPRINT -DPEDANTIC -DMDE_CPU_AARCH64   -c -o crypto/evp/e_aes_cbc_hmac_sha1.o /shim-build/shim-16.1/Cryptlib/OpenSSL/crypto/evp/e_aes_cbc_hmac_sha1.c
#14 100.2 aarch64-linux-gnu-gcc -std=gnu11 -ggdb -gdwarf-4 -gstrict-dwarf -ffreestanding -fmacro-prefix-map=/shim-build/shim-16.1/= -fno-stack-protector -fno-strict-aliasing -fpic -fshort-wchar -nostdinc -Os -Wall -Wextra -Wno-missing-field-initializers -Wno-empty-body -Wno-implicit-fallthrough -Wno-old-style-declaration -Wno-unused-but-set-variable -Wno-unused-parameter -Werror -Wno-error=unused-but-set-variable -Wno-error=unused-parameter -I/shim-build/shim-16.1/Cryptlib/OpenSSL -I/shim-build/shim-16.1/Cryptlib -I/shim-build/shim-16.1/Cryptlib/OpenSSL/Include/ -I/shim-build/shim-16.1/Cryptlib/OpenSSL/crypto -I/shim-build/shim-16.1/Cryptlib/Include -I/shim-build/shim-16.1/gnu-efi/inc -I/shim-build/shim-16.1/gnu-efi/inc/aarch64 -I/shim-build/shim-16.1/gnu-efi/inc/protocol -I/shim-build/shim-16.1/Cryptlib/OpenSSL/crypto/asn1 -I/shim-build/shim-16.1/Cryptlib/OpenSSL/crypto/evp -I/shim-build/shim-16.1/Cryptlib/OpenSSL/crypto/modes -I/shim-build/shim-16.1/Cryptlib/OpenSSL/crypto/include -isystem /shim-build/shim-16.1/include/system -isystem /usr/lib/gcc-cross/aarch64-linux-gnu/11/include -DL_ENDIAN -D_CRT_SECURE_NO_DEPRECATE -D_CRT_NONSTDC_NO_DEPRECATE -DOPENSSL_SMALL_FOOTPRINT -DPEDANTIC -DMDE_CPU_AARCH64   -c -o crypto/evp/e_aes_cbc_hmac_sha256.o /shim-build/shim-16.1/Cryptlib/OpenSSL/crypto/evp/e_aes_cbc_hmac_sha256.c
#14 100.5 aarch64-linux-gnu-gcc -std=gnu11 -ggdb -gdwarf-4 -gstrict-dwarf -ffreestanding -fmacro-prefix-map=/shim-build/shim-16.1/= -fno-stack-protector -fno-strict-aliasing -fpic -fshort-wchar -nostdinc -Os -Wall -Wextra -Wno-missing-field-initializers -Wno-empty-body -Wno-implicit-fallthrough -Wno-old-style-declaration -Wno-unused-but-set-variable -Wno-unused-parameter -Werror -Wno-error=unused-but-set-variable -Wno-error=unused-parameter -I/shim-build/shim-16.1/Cryptlib/OpenSSL -I/shim-build/shim-16.1/Cryptlib -I/shim-build/shim-16.1/Cryptlib/OpenSSL/Include/ -I/shim-build/shim-16.1/Cryptlib/OpenSSL/crypto -I/shim-build/shim-16.1/Cryptlib/Include -I/shim-build/shim-16.1/gnu-efi/inc -I/shim-build/shim-16.1/gnu-efi/inc/aarch64 -I/shim-build/shim-16.1/gnu-efi/inc/protocol -I/shim-build/shim-16.1/Cryptlib/OpenSSL/crypto/asn1 -I/shim-build/shim-16.1/Cryptlib/OpenSSL/crypto/evp -I/shim-build/shim-16.1/Cryptlib/OpenSSL/crypto/modes -I/shim-build/shim-16.1/Cryptlib/OpenSSL/crypto/include -isystem /shim-build/shim-16.1/include/system -isystem /usr/lib/gcc-cross/aarch64-linux-gnu/11/include -DL_ENDIAN -D_CRT_SECURE_NO_DEPRECATE -D_CRT_NONSTDC_NO_DEPRECATE -DOPENSSL_SMALL_FOOTPRINT -DPEDANTIC -DMDE_CPU_AARCH64   -c -o crypto/evp/e_rc4_hmac_md5.o /shim-build/shim-16.1/Cryptlib/OpenSSL/crypto/evp/e_rc4_hmac_md5.c
#14 100.9 aarch64-linux-gnu-gcc -std=gnu11 -ggdb -gdwarf-4 -gstrict-dwarf -ffreestanding -fmacro-prefix-map=/shim-build/shim-16.1/= -fno-stack-protector -fno-strict-aliasing -fpic -fshort-wchar -nostdinc -Os -Wall -Wextra -Wno-missing-field-initializers -Wno-empty-body -Wno-implicit-fallthrough -Wno-old-style-declaration -Wno-unused-but-set-variable -Wno-unused-parameter -Werror -Wno-error=unused-but-set-variable -Wno-error=unused-parameter -I/shim-build/shim-16.1/Cryptlib/OpenSSL -I/shim-build/shim-16.1/Cryptlib -I/shim-build/shim-16.1/Cryptlib/OpenSSL/Include/ -I/shim-build/shim-16.1/Cryptlib/OpenSSL/crypto -I/shim-build/shim-16.1/Cryptlib/Include -I/shim-build/shim-16.1/gnu-efi/inc -I/shim-build/shim-16.1/gnu-efi/inc/aarch64 -I/shim-build/shim-16.1/gnu-efi/inc/protocol -I/shim-build/shim-16.1/Cryptlib/OpenSSL/crypto/asn1 -I/shim-build/shim-16.1/Cryptlib/OpenSSL/crypto/evp -I/shim-build/shim-16.1/Cryptlib/OpenSSL/crypto/modes -I/shim-build/shim-16.1/Cryptlib/OpenSSL/crypto/include -isystem /shim-build/shim-16.1/include/system -isystem /usr/lib/gcc-cross/aarch64-linux-gnu/11/include -DL_ENDIAN -D_CRT_SECURE_NO_DEPRECATE -D_CRT_NONSTDC_NO_DEPRECATE -DOPENSSL_SMALL_FOOTPRINT -DPEDANTIC -DMDE_CPU_AARCH64   -c -o crypto/asn1/a_object.o /shim-build/shim-16.1/Cryptlib/OpenSSL/crypto/asn1/a_object.c
#14 101.5 aarch64-linux-gnu-gcc -std=gnu11 -ggdb -gdwarf-4 -gstrict-dwarf -ffreestanding -fmacro-prefix-map=/shim-build/shim-16.1/= -fno-stack-protector -fno-strict-aliasing -fpic -fshort-wchar -nostdinc -Os -Wall -Wextra -Wno-missing-field-initializers -Wno-empty-body -Wno-implicit-fallthrough -Wno-old-style-declaration -Wno-unused-but-set-variable -Wno-unused-parameter -Werror -Wno-error=unused-but-set-variable -Wno-error=unused-parameter -I/shim-build/shim-16.1/Cryptlib/OpenSSL -I/shim-build/shim-16.1/Cryptlib -I/shim-build/shim-16.1/Cryptlib/OpenSSL/Include/ -I/shim-build/shim-16.1/Cryptlib/OpenSSL/crypto -I/shim-build/shim-16.1/Cryptlib/Include -I/shim-build/shim-16.1/gnu-efi/inc -I/shim-build/shim-16.1/gnu-efi/inc/aarch64 -I/shim-build/shim-16.1/gnu-efi/inc/protocol -I/shim-build/shim-16.1/Cryptlib/OpenSSL/crypto/asn1 -I/shim-build/shim-16.1/Cryptlib/OpenSSL/crypto/evp -I/shim-build/shim-16.1/Cryptlib/OpenSSL/crypto/modes -I/shim-build/shim-16.1/Cryptlib/OpenSSL/crypto/include -isystem /shim-build/shim-16.1/include/system -isystem /usr/lib/gcc-cross/aarch64-linux-gnu/11/include -DL_ENDIAN -D_CRT_SECURE_NO_DEPRECATE -D_CRT_NONSTDC_NO_DEPRECATE -DOPENSSL_SMALL_FOOTPRINT -DPEDANTIC -DMDE_CPU_AARCH64   -c -o crypto/asn1/a_bitstr.o /shim-build/shim-16.1/Cryptlib/OpenSSL/crypto/asn1/a_bitstr.c
#14 101.9 aarch64-linux-gnu-gcc -std=gnu11 -ggdb -gdwarf-4 -gstrict-dwarf -ffreestanding -fmacro-prefix-map=/shim-build/shim-16.1/= -fno-stack-protector -fno-strict-aliasing -fpic -fshort-wchar -nostdinc -Os -Wall -Wextra -Wno-missing-field-initializers -Wno-empty-body -Wno-implicit-fallthrough -Wno-old-style-declaration -Wno-unused-but-set-variable -Wno-unused-parameter -Werror -Wno-error=unused-but-set-variable -Wno-error=unused-parameter -I/shim-build/shim-16.1/Cryptlib/OpenSSL -I/shim-build/shim-16.1/Cryptlib -I/shim-build/shim-16.1/Cryptlib/OpenSSL/Include/ -I/shim-build/shim-16.1/Cryptlib/OpenSSL/crypto -I/shim-build/shim-16.1/Cryptlib/Include -I/shim-build/shim-16.1/gnu-efi/inc -I/shim-build/shim-16.1/gnu-efi/inc/aarch64 -I/shim-build/shim-16.1/gnu-efi/inc/protocol -I/shim-build/shim-16.1/Cryptlib/OpenSSL/crypto/asn1 -I/shim-build/shim-16.1/Cryptlib/OpenSSL/crypto/evp -I/shim-build/shim-16.1/Cryptlib/OpenSSL/crypto/modes -I/shim-build/shim-16.1/Cryptlib/OpenSSL/crypto/include -isystem /shim-build/shim-16.1/include/system -isystem /usr/lib/gcc-cross/aarch64-linux-gnu/11/include -DL_ENDIAN -D_CRT_SECURE_NO_DEPRECATE -D_CRT_NONSTDC_NO_DEPRECATE -DOPENSSL_SMALL_FOOTPRINT -DPEDANTIC -DMDE_CPU_AARCH64   -c -o crypto/asn1/a_utctm.o /shim-build/shim-16.1/Cryptlib/OpenSSL/crypto/asn1/a_utctm.c
#14 102.4 aarch64-linux-gnu-gcc -std=gnu11 -ggdb -gdwarf-4 -gstrict-dwarf -ffreestanding -fmacro-prefix-map=/shim-build/shim-16.1/= -fno-stack-protector -fno-strict-aliasing -fpic -fshort-wchar -nostdinc -Os -Wall -Wextra -Wno-missing-field-initializers -Wno-empty-body -Wno-implicit-fallthrough -Wno-old-style-declaration -Wno-unused-but-set-variable -Wno-unused-parameter -Werror -Wno-error=unused-but-set-variable -Wno-error=unused-parameter -I/shim-build/shim-16.1/Cryptlib/OpenSSL -I/shim-build/shim-16.1/Cryptlib -I/shim-build/shim-16.1/Cryptlib/OpenSSL/Include/ -I/shim-build/shim-16.1/Cryptlib/OpenSSL/crypto -I/shim-build/shim-16.1/Cryptlib/Include -I/shim-build/shim-16.1/gnu-efi/inc -I/shim-build/shim-16.1/gnu-efi/inc/aarch64 -I/shim-build/shim-16.1/gnu-efi/inc/protocol -I/shim-build/shim-16.1/Cryptlib/OpenSSL/crypto/asn1 -I/shim-build/shim-16.1/Cryptlib/OpenSSL/crypto/evp -I/shim-build/shim-16.1/Cryptlib/OpenSSL/crypto/modes -I/shim-build/shim-16.1/Cryptlib/OpenSSL/crypto/include -isystem /shim-build/shim-16.1/include/system -isystem /usr/lib/gcc-cross/aarch64-linux-gnu/11/include -DL_ENDIAN -D_CRT_SECURE_NO_DEPRECATE -D_CRT_NONSTDC_NO_DEPRECATE -DOPENSSL_SMALL_FOOTPRINT -DPEDANTIC -DMDE_CPU_AARCH64   -c -o crypto/asn1/a_gentm.o /shim-build/shim-16.1/Cryptlib/OpenSSL/crypto/asn1/a_gentm.c
#14 103.0 aarch64-linux-gnu-gcc -std=gnu11 -ggdb -gdwarf-4 -gstrict-dwarf -ffreestanding -fmacro-prefix-map=/shim-build/shim-16.1/= -fno-stack-protector -fno-strict-aliasing -fpic -fshort-wchar -nostdinc -Os -Wall -Wextra -Wno-missing-field-initializers -Wno-empty-body -Wno-implicit-fallthrough -Wno-old-style-declaration -Wno-unused-but-set-variable -Wno-unused-parameter -Werror -Wno-error=unused-but-set-variable -Wno-error=unused-parameter -I/shim-build/shim-16.1/Cryptlib/OpenSSL -I/shim-build/shim-16.1/Cryptlib -I/shim-build/shim-16.1/Cryptlib/OpenSSL/Include/ -I/shim-build/shim-16.1/Cryptlib/OpenSSL/crypto -I/shim-build/shim-16.1/Cryptlib/Include -I/shim-build/shim-16.1/gnu-efi/inc -I/shim-build/shim-16.1/gnu-efi/inc/aarch64 -I/shim-build/shim-16.1/gnu-efi/inc/protocol -I/shim-build/shim-16.1/Cryptlib/OpenSSL/crypto/asn1 -I/shim-build/shim-16.1/Cryptlib/OpenSSL/crypto/evp -I/shim-build/shim-16.1/Cryptlib/OpenSSL/crypto/modes -I/shim-build/shim-16.1/Cryptlib/OpenSSL/crypto/include -isystem /shim-build/shim-16.1/include/system -isystem /usr/lib/gcc-cross/aarch64-linux-gnu/11/include -DL_ENDIAN -D_CRT_SECURE_NO_DEPRECATE -D_CRT_NONSTDC_NO_DEPRECATE -DOPENSSL_SMALL_FOOTPRINT -DPEDANTIC -DMDE_CPU_AARCH64   -c -o crypto/asn1/a_time.o /shim-build/shim-16.1/Cryptlib/OpenSSL/crypto/asn1/a_time.c
#14 103.4 aarch64-linux-gnu-gcc -std=gnu11 -ggdb -gdwarf-4 -gstrict-dwarf -ffreestanding -fmacro-prefix-map=/shim-build/shim-16.1/= -fno-stack-protector -fno-strict-aliasing -fpic -fshort-wchar -nostdinc -Os -Wall -Wextra -Wno-missing-field-initializers -Wno-empty-body -Wno-implicit-fallthrough -Wno-old-style-declaration -Wno-unused-but-set-variable -Wno-unused-parameter -Werror -Wno-error=unused-but-set-variable -Wno-error=unused-parameter -I/shim-build/shim-16.1/Cryptlib/OpenSSL -I/shim-build/shim-16.1/Cryptlib -I/shim-build/shim-16.1/Cryptlib/OpenSSL/Include/ -I/shim-build/shim-16.1/Cryptlib/OpenSSL/crypto -I/shim-build/shim-16.1/Cryptlib/Include -I/shim-build/shim-16.1/gnu-efi/inc -I/shim-build/shim-16.1/gnu-efi/inc/aarch64 -I/shim-build/shim-16.1/gnu-efi/inc/protocol -I/shim-build/shim-16.1/Cryptlib/OpenSSL/crypto/asn1 -I/shim-build/shim-16.1/Cryptlib/OpenSSL/crypto/evp -I/shim-build/shim-16.1/Cryptlib/OpenSSL/crypto/modes -I/shim-build/shim-16.1/Cryptlib/OpenSSL/crypto/include -isystem /shim-build/shim-16.1/include/system -isystem /usr/lib/gcc-cross/aarch64-linux-gnu/11/include -DL_ENDIAN -D_CRT_SECURE_NO_DEPRECATE -D_CRT_NONSTDC_NO_DEPRECATE -DOPENSSL_SMALL_FOOTPRINT -DPEDANTIC -DMDE_CPU_AARCH64   -c -o crypto/asn1/a_int.o /shim-build/shim-16.1/Cryptlib/OpenSSL/crypto/asn1/a_int.c
#14 104.0 aarch64-linux-gnu-gcc -std=gnu11 -ggdb -gdwarf-4 -gstrict-dwarf -ffreestanding -fmacro-prefix-map=/shim-build/shim-16.1/= -fno-stack-protector -fno-strict-aliasing -fpic -fshort-wchar -nostdinc -Os -Wall -Wextra -Wno-missing-field-initializers -Wno-empty-body -Wno-implicit-fallthrough -Wno-old-style-declaration -Wno-unused-but-set-variable -Wno-unused-parameter -Werror -Wno-error=unused-but-set-variable -Wno-error=unused-parameter -I/shim-build/shim-16.1/Cryptlib/OpenSSL -I/shim-build/shim-16.1/Cryptlib -I/shim-build/shim-16.1/Cryptlib/OpenSSL/Include/ -I/shim-build/shim-16.1/Cryptlib/OpenSSL/crypto -I/shim-build/shim-16.1/Cryptlib/Include -I/shim-build/shim-16.1/gnu-efi/inc -I/shim-build/shim-16.1/gnu-efi/inc/aarch64 -I/shim-build/shim-16.1/gnu-efi/inc/protocol -I/shim-build/shim-16.1/Cryptlib/OpenSSL/crypto/asn1 -I/shim-build/shim-16.1/Cryptlib/OpenSSL/crypto/evp -I/shim-build/shim-16.1/Cryptlib/OpenSSL/crypto/modes -I/shim-build/shim-16.1/Cryptlib/OpenSSL/crypto/include -isystem /shim-build/shim-16.1/include/system -isystem /usr/lib/gcc-cross/aarch64-linux-gnu/11/include -DL_ENDIAN -D_CRT_SECURE_NO_DEPRECATE -D_CRT_NONSTDC_NO_DEPRECATE -DOPENSSL_SMALL_FOOTPRINT -DPEDANTIC -DMDE_CPU_AARCH64   -c -o crypto/asn1/a_octet.o /shim-build/shim-16.1/Cryptlib/OpenSSL/crypto/asn1/a_octet.c
#14 104.3 aarch64-linux-gnu-gcc -std=gnu11 -ggdb -gdwarf-4 -gstrict-dwarf -ffreestanding -fmacro-prefix-map=/shim-build/shim-16.1/= -fno-stack-protector -fno-strict-aliasing -fpic -fshort-wchar -nostdinc -Os -Wall -Wextra -Wno-missing-field-initializers -Wno-empty-body -Wno-implicit-fallthrough -Wno-old-style-declaration -Wno-unused-but-set-variable -Wno-unused-parameter -Werror -Wno-error=unused-but-set-variable -Wno-error=unused-parameter -I/shim-build/shim-16.1/Cryptlib/OpenSSL -I/shim-build/shim-16.1/Cryptlib -I/shim-build/shim-16.1/Cryptlib/OpenSSL/Include/ -I/shim-build/shim-16.1/Cryptlib/OpenSSL/crypto -I/shim-build/shim-16.1/Cryptlib/Include -I/shim-build/shim-16.1/gnu-efi/inc -I/shim-build/shim-16.1/gnu-efi/inc/aarch64 -I/shim-build/shim-16.1/gnu-efi/inc/protocol -I/shim-build/shim-16.1/Cryptlib/OpenSSL/crypto/asn1 -I/shim-build/shim-16.1/Cryptlib/OpenSSL/crypto/evp -I/shim-build/shim-16.1/Cryptlib/OpenSSL/crypto/modes -I/shim-build/shim-16.1/Cryptlib/OpenSSL/crypto/include -isystem /shim-build/shim-16.1/include/system -isystem /usr/lib/gcc-cross/aarch64-linux-gnu/11/include -DL_ENDIAN -D_CRT_SECURE_NO_DEPRECATE -D_CRT_NONSTDC_NO_DEPRECATE -DOPENSSL_SMALL_FOOTPRINT -DPEDANTIC -DMDE_CPU_AARCH64   -c -o crypto/asn1/a_print.o /shim-build/shim-16.1/Cryptlib/OpenSSL/crypto/asn1/a_print.c
#14 104.7 aarch64-linux-gnu-gcc -std=gnu11 -ggdb -gdwarf-4 -gstrict-dwarf -ffreestanding -fmacro-prefix-map=/shim-build/shim-16.1/= -fno-stack-protector -fno-strict-aliasing -fpic -fshort-wchar -nostdinc -Os -Wall -Wextra -Wno-missing-field-initializers -Wno-empty-body -Wno-implicit-fallthrough -Wno-old-style-declaration -Wno-unused-but-set-variable -Wno-unused-parameter -Werror -Wno-error=unused-but-set-variable -Wno-error=unused-parameter -I/shim-build/shim-16.1/Cryptlib/OpenSSL -I/shim-build/shim-16.1/Cryptlib -I/shim-build/shim-16.1/Cryptlib/OpenSSL/Include/ -I/shim-build/shim-16.1/Cryptlib/OpenSSL/crypto -I/shim-build/shim-16.1/Cryptlib/Include -I/shim-build/shim-16.1/gnu-efi/inc -I/shim-build/shim-16.1/gnu-efi/inc/aarch64 -I/shim-build/shim-16.1/gnu-efi/inc/protocol -I/shim-build/shim-16.1/Cryptlib/OpenSSL/crypto/asn1 -I/shim-build/shim-16.1/Cryptlib/OpenSSL/crypto/evp -I/shim-build/shim-16.1/Cryptlib/OpenSSL/crypto/modes -I/shim-build/shim-16.1/Cryptlib/OpenSSL/crypto/include -isystem /shim-build/shim-16.1/include/system -isystem /usr/lib/gcc-cross/aarch64-linux-gnu/11/include -DL_ENDIAN -D_CRT_SECURE_NO_DEPRECATE -D_CRT_NONSTDC_NO_DEPRECATE -DOPENSSL_SMALL_FOOTPRINT -DPEDANTIC -DMDE_CPU_AARCH64   -c -o crypto/asn1/a_type.o /shim-build/shim-16.1/Cryptlib/OpenSSL/crypto/asn1/a_type.c
#14 105.2 aarch64-linux-gnu-gcc -std=gnu11 -ggdb -gdwarf-4 -gstrict-dwarf -ffreestanding -fmacro-prefix-map=/shim-build/shim-16.1/= -fno-stack-protector -fno-strict-aliasing -fpic -fshort-wchar -nostdinc -Os -Wall -Wextra -Wno-missing-field-initializers -Wno-empty-body -Wno-implicit-fallthrough -Wno-old-style-declaration -Wno-unused-but-set-variable -Wno-unused-parameter -Werror -Wno-error=unused-but-set-variable -Wno-error=unused-parameter -I/shim-build/shim-16.1/Cryptlib/OpenSSL -I/shim-build/shim-16.1/Cryptlib -I/shim-build/shim-16.1/Cryptlib/OpenSSL/Include/ -I/shim-build/shim-16.1/Cryptlib/OpenSSL/crypto -I/shim-build/shim-16.1/Cryptlib/Include -I/shim-build/shim-16.1/gnu-efi/inc -I/shim-build/shim-16.1/gnu-efi/inc/aarch64 -I/shim-build/shim-16.1/gnu-efi/inc/protocol -I/shim-build/shim-16.1/Cryptlib/OpenSSL/crypto/asn1 -I/shim-build/shim-16.1/Cryptlib/OpenSSL/crypto/evp -I/shim-build/shim-16.1/Cryptlib/OpenSSL/crypto/modes -I/shim-build/shim-16.1/Cryptlib/OpenSSL/crypto/include -isystem /shim-build/shim-16.1/include/system -isystem /usr/lib/gcc-cross/aarch64-linux-gnu/11/include -DL_ENDIAN -D_CRT_SECURE_NO_DEPRECATE -D_CRT_NONSTDC_NO_DEPRECATE -DOPENSSL_SMALL_FOOTPRINT -DPEDANTIC -DMDE_CPU_AARCH64   -c -o crypto/asn1/a_set.o /shim-build/shim-16.1/Cryptlib/OpenSSL/crypto/asn1/a_set.c
#14 105.6 aarch64-linux-gnu-gcc -std=gnu11 -ggdb -gdwarf-4 -gstrict-dwarf -ffreestanding -fmacro-prefix-map=/shim-build/shim-16.1/= -fno-stack-protector -fno-strict-aliasing -fpic -fshort-wchar -nostdinc -Os -Wall -Wextra -Wno-missing-field-initializers -Wno-empty-body -Wno-implicit-fallthrough -Wno-old-style-declaration -Wno-unused-but-set-variable -Wno-unused-parameter -Werror -Wno-error=unused-but-set-variable -Wno-error=unused-parameter -I/shim-build/shim-16.1/Cryptlib/OpenSSL -I/shim-build/shim-16.1/Cryptlib -I/shim-build/shim-16.1/Cryptlib/OpenSSL/Include/ -I/shim-build/shim-16.1/Cryptlib/OpenSSL/crypto -I/shim-build/shim-16.1/Cryptlib/Include -I/shim-build/shim-16.1/gnu-efi/inc -I/shim-build/shim-16.1/gnu-efi/inc/aarch64 -I/shim-build/shim-16.1/gnu-efi/inc/protocol -I/shim-build/shim-16.1/Cryptlib/OpenSSL/crypto/asn1 -I/shim-build/shim-16.1/Cryptlib/OpenSSL/crypto/evp -I/shim-build/shim-16.1/Cryptlib/OpenSSL/crypto/modes -I/shim-build/shim-16.1/Cryptlib/OpenSSL/crypto/include -isystem /shim-build/shim-16.1/include/system -isystem /usr/lib/gcc-cross/aarch64-linux-gnu/11/include -DL_ENDIAN -D_CRT_SECURE_NO_DEPRECATE -D_CRT_NONSTDC_NO_DEPRECATE -DOPENSSL_SMALL_FOOTPRINT -DPEDANTIC -DMDE_CPU_AARCH64   -c -o crypto/asn1/a_dup.o /shim-build/shim-16.1/Cryptlib/OpenSSL/crypto/asn1/a_dup.c
#14 106.0 aarch64-linux-gnu-gcc -std=gnu11 -ggdb -gdwarf-4 -gstrict-dwarf -ffreestanding -fmacro-prefix-map=/shim-build/shim-16.1/= -fno-stack-protector -fno-strict-aliasing -fpic -fshort-wchar -nostdinc -Os -Wall -Wextra -Wno-missing-field-initializers -Wno-empty-body -Wno-implicit-fallthrough -Wno-old-style-declaration -Wno-unused-but-set-variable -Wno-unused-parameter -Werror -Wno-error=unused-but-set-variable -Wno-error=unused-parameter -I/shim-build/shim-16.1/Cryptlib/OpenSSL -I/shim-build/shim-16.1/Cryptlib -I/shim-build/shim-16.1/Cryptlib/OpenSSL/Include/ -I/shim-build/shim-16.1/Cryptlib/OpenSSL/crypto -I/shim-build/shim-16.1/Cryptlib/Include -I/shim-build/shim-16.1/gnu-efi/inc -I/shim-build/shim-16.1/gnu-efi/inc/aarch64 -I/shim-build/shim-16.1/gnu-efi/inc/protocol -I/shim-build/shim-16.1/Cryptlib/OpenSSL/crypto/asn1 -I/shim-build/shim-16.1/Cryptlib/OpenSSL/crypto/evp -I/shim-build/shim-16.1/Cryptlib/OpenSSL/crypto/modes -I/shim-build/shim-16.1/Cryptlib/OpenSSL/crypto/include -isystem /shim-build/shim-16.1/include/system -isystem /usr/lib/gcc-cross/aarch64-linux-gnu/11/include -DL_ENDIAN -D_CRT_SECURE_NO_DEPRECATE -D_CRT_NONSTDC_NO_DEPRECATE -DOPENSSL_SMALL_FOOTPRINT -DPEDANTIC -DMDE_CPU_AARCH64   -c -o crypto/asn1/a_d2i_fp.o /shim-build/shim-16.1/Cryptlib/OpenSSL/crypto/asn1/a_d2i_fp.c
#14 106.5 aarch64-linux-gnu-gcc -std=gnu11 -ggdb -gdwarf-4 -gstrict-dwarf -ffreestanding -fmacro-prefix-map=/shim-build/shim-16.1/= -fno-stack-protector -fno-strict-aliasing -fpic -fshort-wchar -nostdinc -Os -Wall -Wextra -Wno-missing-field-initializers -Wno-empty-body -Wno-implicit-fallthrough -Wno-old-style-declaration -Wno-unused-but-set-variable -Wno-unused-parameter -Werror -Wno-error=unused-but-set-variable -Wno-error=unused-parameter -I/shim-build/shim-16.1/Cryptlib/OpenSSL -I/shim-build/shim-16.1/Cryptlib -I/shim-build/shim-16.1/Cryptlib/OpenSSL/Include/ -I/shim-build/shim-16.1/Cryptlib/OpenSSL/crypto -I/shim-build/shim-16.1/Cryptlib/Include -I/shim-build/shim-16.1/gnu-efi/inc -I/shim-build/shim-16.1/gnu-efi/inc/aarch64 -I/shim-build/shim-16.1/gnu-efi/inc/protocol -I/shim-build/shim-16.1/Cryptlib/OpenSSL/crypto/asn1 -I/shim-build/shim-16.1/Cryptlib/OpenSSL/crypto/evp -I/shim-build/shim-16.1/Cryptlib/OpenSSL/crypto/modes -I/shim-build/shim-16.1/Cryptlib/OpenSSL/crypto/include -isystem /shim-build/shim-16.1/include/system -isystem /usr/lib/gcc-cross/aarch64-linux-gnu/11/include -DL_ENDIAN -D_CRT_SECURE_NO_DEPRECATE -D_CRT_NONSTDC_NO_DEPRECATE -DOPENSSL_SMALL_FOOTPRINT -DPEDANTIC -DMDE_CPU_AARCH64   -c -o crypto/asn1/a_i2d_fp.o /shim-build/shim-16.1/Cryptlib/OpenSSL/crypto/asn1/a_i2d_fp.c
#14 106.9 aarch64-linux-gnu-gcc -std=gnu11 -ggdb -gdwarf-4 -gstrict-dwarf -ffreestanding -fmacro-prefix-map=/shim-build/shim-16.1/= -fno-stack-protector -fno-strict-aliasing -fpic -fshort-wchar -nostdinc -Os -Wall -Wextra -Wno-missing-field-initializers -Wno-empty-body -Wno-implicit-fallthrough -Wno-old-style-declaration -Wno-unused-but-set-variable -Wno-unused-parameter -Werror -Wno-error=unused-but-set-variable -Wno-error=unused-parameter -I/shim-build/shim-16.1/Cryptlib/OpenSSL -I/shim-build/shim-16.1/Cryptlib -I/shim-build/shim-16.1/Cryptlib/OpenSSL/Include/ -I/shim-build/shim-16.1/Cryptlib/OpenSSL/crypto -I/shim-build/shim-16.1/Cryptlib/Include -I/shim-build/shim-16.1/gnu-efi/inc -I/shim-build/shim-16.1/gnu-efi/inc/aarch64 -I/shim-build/shim-16.1/gnu-efi/inc/protocol -I/shim-build/shim-16.1/Cryptlib/OpenSSL/crypto/asn1 -I/shim-build/shim-16.1/Cryptlib/OpenSSL/crypto/evp -I/shim-build/shim-16.1/Cryptlib/OpenSSL/crypto/modes -I/shim-build/shim-16.1/Cryptlib/OpenSSL/crypto/include -isystem /shim-build/shim-16.1/include/system -isystem /usr/lib/gcc-cross/aarch64-linux-gnu/11/include -DL_ENDIAN -D_CRT_SECURE_NO_DEPRECATE -D_CRT_NONSTDC_NO_DEPRECATE -DOPENSSL_SMALL_FOOTPRINT -DPEDANTIC -DMDE_CPU_AARCH64   -c -o crypto/asn1/a_enum.o /shim-build/shim-16.1/Cryptlib/OpenSSL/crypto/asn1/a_enum.c
#14 107.4 aarch64-linux-gnu-gcc -std=gnu11 -ggdb -gdwarf-4 -gstrict-dwarf -ffreestanding -fmacro-prefix-map=/shim-build/shim-16.1/= -fno-stack-protector -fno-strict-aliasing -fpic -fshort-wchar -nostdinc -Os -Wall -Wextra -Wno-missing-field-initializers -Wno-empty-body -Wno-implicit-fallthrough -Wno-old-style-declaration -Wno-unused-but-set-variable -Wno-unused-parameter -Werror -Wno-error=unused-but-set-variable -Wno-error=unused-parameter -I/shim-build/shim-16.1/Cryptlib/OpenSSL -I/shim-build/shim-16.1/Cryptlib -I/shim-build/shim-16.1/Cryptlib/OpenSSL/Include/ -I/shim-build/shim-16.1/Cryptlib/OpenSSL/crypto -I/shim-build/shim-16.1/Cryptlib/Include -I/shim-build/shim-16.1/gnu-efi/inc -I/shim-build/shim-16.1/gnu-efi/inc/aarch64 -I/shim-build/shim-16.1/gnu-efi/inc/protocol -I/shim-build/shim-16.1/Cryptlib/OpenSSL/crypto/asn1 -I/shim-build/shim-16.1/Cryptlib/OpenSSL/crypto/evp -I/shim-build/shim-16.1/Cryptlib/OpenSSL/crypto/modes -I/shim-build/shim-16.1/Cryptlib/OpenSSL/crypto/include -isystem /shim-build/shim-16.1/include/system -isystem /usr/lib/gcc-cross/aarch64-linux-gnu/11/include -DL_ENDIAN -D_CRT_SECURE_NO_DEPRECATE -D_CRT_NONSTDC_NO_DEPRECATE -DOPENSSL_SMALL_FOOTPRINT -DPEDANTIC -DMDE_CPU_AARCH64   -c -o crypto/asn1/a_utf8.o /shim-build/shim-16.1/Cryptlib/OpenSSL/crypto/asn1/a_utf8.c
#14 107.8 aarch64-linux-gnu-gcc -std=gnu11 -ggdb -gdwarf-4 -gstrict-dwarf -ffreestanding -fmacro-prefix-map=/shim-build/shim-16.1/= -fno-stack-protector -fno-strict-aliasing -fpic -fshort-wchar -nostdinc -Os -Wall -Wextra -Wno-missing-field-initializers -Wno-empty-body -Wno-implicit-fallthrough -Wno-old-style-declaration -Wno-unused-but-set-variable -Wno-unused-parameter -Werror -Wno-error=unused-but-set-variable -Wno-error=unused-parameter -I/shim-build/shim-16.1/Cryptlib/OpenSSL -I/shim-build/shim-16.1/Cryptlib -I/shim-build/shim-16.1/Cryptlib/OpenSSL/Include/ -I/shim-build/shim-16.1/Cryptlib/OpenSSL/crypto -I/shim-build/shim-16.1/Cryptlib/Include -I/shim-build/shim-16.1/gnu-efi/inc -I/shim-build/shim-16.1/gnu-efi/inc/aarch64 -I/shim-build/shim-16.1/gnu-efi/inc/protocol -I/shim-build/shim-16.1/Cryptlib/OpenSSL/crypto/asn1 -I/shim-build/shim-16.1/Cryptlib/OpenSSL/crypto/evp -I/shim-build/shim-16.1/Cryptlib/OpenSSL/crypto/modes -I/shim-build/shim-16.1/Cryptlib/OpenSSL/crypto/include -isystem /shim-build/shim-16.1/include/system -isystem /usr/lib/gcc-cross/aarch64-linux-gnu/11/include -DL_ENDIAN -D_CRT_SECURE_NO_DEPRECATE -D_CRT_NONSTDC_NO_DEPRECATE -DOPENSSL_SMALL_FOOTPRINT -DPEDANTIC -DMDE_CPU_AARCH64   -c -o crypto/asn1/a_sign.o /shim-build/shim-16.1/Cryptlib/OpenSSL/crypto/asn1/a_sign.c
#14 108.3 aarch64-linux-gnu-gcc -std=gnu11 -ggdb -gdwarf-4 -gstrict-dwarf -ffreestanding -fmacro-prefix-map=/shim-build/shim-16.1/= -fno-stack-protector -fno-strict-aliasing -fpic -fshort-wchar -nostdinc -Os -Wall -Wextra -Wno-missing-field-initializers -Wno-empty-body -Wno-implicit-fallthrough -Wno-old-style-declaration -Wno-unused-but-set-variable -Wno-unused-parameter -Werror -Wno-error=unused-but-set-variable -Wno-error=unused-parameter -I/shim-build/shim-16.1/Cryptlib/OpenSSL -I/shim-build/shim-16.1/Cryptlib -I/shim-build/shim-16.1/Cryptlib/OpenSSL/Include/ -I/shim-build/shim-16.1/Cryptlib/OpenSSL/crypto -I/shim-build/shim-16.1/Cryptlib/Include -I/shim-build/shim-16.1/gnu-efi/inc -I/shim-build/shim-16.1/gnu-efi/inc/aarch64 -I/shim-build/shim-16.1/gnu-efi/inc/protocol -I/shim-build/shim-16.1/Cryptlib/OpenSSL/crypto/asn1 -I/shim-build/shim-16.1/Cryptlib/OpenSSL/crypto/evp -I/shim-build/shim-16.1/Cryptlib/OpenSSL/crypto/modes -I/shim-build/shim-16.1/Cryptlib/OpenSSL/crypto/include -isystem /shim-build/shim-16.1/include/system -isystem /usr/lib/gcc-cross/aarch64-linux-gnu/11/include -DL_ENDIAN -D_CRT_SECURE_NO_DEPRECATE -D_CRT_NONSTDC_NO_DEPRECATE -DOPENSSL_SMALL_FOOTPRINT -DPEDANTIC -DMDE_CPU_AARCH64   -c -o crypto/asn1/a_digest.o /shim-build/shim-16.1/Cryptlib/OpenSSL/crypto/asn1/a_digest.c
#14 108.6 aarch64-linux-gnu-gcc -std=gnu11 -ggdb -gdwarf-4 -gstrict-dwarf -ffreestanding -fmacro-prefix-map=/shim-build/shim-16.1/= -fno-stack-protector -fno-strict-aliasing -fpic -fshort-wchar -nostdinc -Os -Wall -Wextra -Wno-missing-field-initializers -Wno-empty-body -Wno-implicit-fallthrough -Wno-old-style-declaration -Wno-unused-but-set-variable -Wno-unused-parameter -Werror -Wno-error=unused-but-set-variable -Wno-error=unused-parameter -I/shim-build/shim-16.1/Cryptlib/OpenSSL -I/shim-build/shim-16.1/Cryptlib -I/shim-build/shim-16.1/Cryptlib/OpenSSL/Include/ -I/shim-build/shim-16.1/Cryptlib/OpenSSL/crypto -I/shim-build/shim-16.1/Cryptlib/Include -I/shim-build/shim-16.1/gnu-efi/inc -I/shim-build/shim-16.1/gnu-efi/inc/aarch64 -I/shim-build/shim-16.1/gnu-efi/inc/protocol -I/shim-build/shim-16.1/Cryptlib/OpenSSL/crypto/asn1 -I/shim-build/shim-16.1/Cryptlib/OpenSSL/crypto/evp -I/shim-build/shim-16.1/Cryptlib/OpenSSL/crypto/modes -I/shim-build/shim-16.1/Cryptlib/OpenSSL/crypto/include -isystem /shim-build/shim-16.1/include/system -isystem /usr/lib/gcc-cross/aarch64-linux-gnu/11/include -DL_ENDIAN -D_CRT_SECURE_NO_DEPRECATE -D_CRT_NONSTDC_NO_DEPRECATE -DOPENSSL_SMALL_FOOTPRINT -DPEDANTIC -DMDE_CPU_AARCH64   -c -o crypto/asn1/a_verify.o /shim-build/shim-16.1/Cryptlib/OpenSSL/crypto/asn1/a_verify.c
#14 109.0 aarch64-linux-gnu-gcc -std=gnu11 -ggdb -gdwarf-4 -gstrict-dwarf -ffreestanding -fmacro-prefix-map=/shim-build/shim-16.1/= -fno-stack-protector -fno-strict-aliasing -fpic -fshort-wchar -nostdinc -Os -Wall -Wextra -Wno-missing-field-initializers -Wno-empty-body -Wno-implicit-fallthrough -Wno-old-style-declaration -Wno-unused-but-set-variable -Wno-unused-parameter -Werror -Wno-error=unused-but-set-variable -Wno-error=unused-parameter -I/shim-build/shim-16.1/Cryptlib/OpenSSL -I/shim-build/shim-16.1/Cryptlib -I/shim-build/shim-16.1/Cryptlib/OpenSSL/Include/ -I/shim-build/shim-16.1/Cryptlib/OpenSSL/crypto -I/shim-build/shim-16.1/Cryptlib/Include -I/shim-build/shim-16.1/gnu-efi/inc -I/shim-build/shim-16.1/gnu-efi/inc/aarch64 -I/shim-build/shim-16.1/gnu-efi/inc/protocol -I/shim-build/shim-16.1/Cryptlib/OpenSSL/crypto/asn1 -I/shim-build/shim-16.1/Cryptlib/OpenSSL/crypto/evp -I/shim-build/shim-16.1/Cryptlib/OpenSSL/crypto/modes -I/shim-build/shim-16.1/Cryptlib/OpenSSL/crypto/include -isystem /shim-build/shim-16.1/include/system -isystem /usr/lib/gcc-cross/aarch64-linux-gnu/11/include -DL_ENDIAN -D_CRT_SECURE_NO_DEPRECATE -D_CRT_NONSTDC_NO_DEPRECATE -DOPENSSL_SMALL_FOOTPRINT -DPEDANTIC -DMDE_CPU_AARCH64   -c -o crypto/asn1/a_mbstr.o /shim-build/shim-16.1/Cryptlib/OpenSSL/crypto/asn1/a_mbstr.c
#14 109.5 aarch64-linux-gnu-gcc -std=gnu11 -ggdb -gdwarf-4 -gstrict-dwarf -ffreestanding -fmacro-prefix-map=/shim-build/shim-16.1/= -fno-stack-protector -fno-strict-aliasing -fpic -fshort-wchar -nostdinc -Os -Wall -Wextra -Wno-missing-field-initializers -Wno-empty-body -Wno-implicit-fallthrough -Wno-old-style-declaration -Wno-unused-but-set-variable -Wno-unused-parameter -Werror -Wno-error=unused-but-set-variable -Wno-error=unused-parameter -I/shim-build/shim-16.1/Cryptlib/OpenSSL -I/shim-build/shim-16.1/Cryptlib -I/shim-build/shim-16.1/Cryptlib/OpenSSL/Include/ -I/shim-build/shim-16.1/Cryptlib/OpenSSL/crypto -I/shim-build/shim-16.1/Cryptlib/Include -I/shim-build/shim-16.1/gnu-efi/inc -I/shim-build/shim-16.1/gnu-efi/inc/aarch64 -I/shim-build/shim-16.1/gnu-efi/inc/protocol -I/shim-build/shim-16.1/Cryptlib/OpenSSL/crypto/asn1 -I/shim-build/shim-16.1/Cryptlib/OpenSSL/crypto/evp -I/shim-build/shim-16.1/Cryptlib/OpenSSL/crypto/modes -I/shim-build/shim-16.1/Cryptlib/OpenSSL/crypto/include -isystem /shim-build/shim-16.1/include/system -isystem /usr/lib/gcc-cross/aarch64-linux-gnu/11/include -DL_ENDIAN -D_CRT_SECURE_NO_DEPRECATE -D_CRT_NONSTDC_NO_DEPRECATE -DOPENSSL_SMALL_FOOTPRINT -DPEDANTIC -DMDE_CPU_AARCH64   -c -o crypto/asn1/a_strex.o /shim-build/shim-16.1/Cryptlib/OpenSSL/crypto/asn1/a_strex.c
#14 110.1 aarch64-linux-gnu-gcc -std=gnu11 -ggdb -gdwarf-4 -gstrict-dwarf -ffreestanding -fmacro-prefix-map=/shim-build/shim-16.1/= -fno-stack-protector -fno-strict-aliasing -fpic -fshort-wchar -nostdinc -Os -Wall -Wextra -Wno-missing-field-initializers -Wno-empty-body -Wno-implicit-fallthrough -Wno-old-style-declaration -Wno-unused-but-set-variable -Wno-unused-parameter -Werror -Wno-error=unused-but-set-variable -Wno-error=unused-parameter -I/shim-build/shim-16.1/Cryptlib/OpenSSL -I/shim-build/shim-16.1/Cryptlib -I/shim-build/shim-16.1/Cryptlib/OpenSSL/Include/ -I/shim-build/shim-16.1/Cryptlib/OpenSSL/crypto -I/shim-build/shim-16.1/Cryptlib/Include -I/shim-build/shim-16.1/gnu-efi/inc -I/shim-build/shim-16.1/gnu-efi/inc/aarch64 -I/shim-build/shim-16.1/gnu-efi/inc/protocol -I/shim-build/shim-16.1/Cryptlib/OpenSSL/crypto/asn1 -I/shim-build/shim-16.1/Cryptlib/OpenSSL/crypto/evp -I/shim-build/shim-16.1/Cryptlib/OpenSSL/crypto/modes -I/shim-build/shim-16.1/Cryptlib/OpenSSL/crypto/include -isystem /shim-build/shim-16.1/include/system -isystem /usr/lib/gcc-cross/aarch64-linux-gnu/11/include -DL_ENDIAN -D_CRT_SECURE_NO_DEPRECATE -D_CRT_NONSTDC_NO_DEPRECATE -DOPENSSL_SMALL_FOOTPRINT -DPEDANTIC -DMDE_CPU_AARCH64   -c -o crypto/asn1/x_algor.o /shim-build/shim-16.1/Cryptlib/OpenSSL/crypto/asn1/x_algor.c
#14 110.5 aarch64-linux-gnu-gcc -std=gnu11 -ggdb -gdwarf-4 -gstrict-dwarf -ffreestanding -fmacro-prefix-map=/shim-build/shim-16.1/= -fno-stack-protector -fno-strict-aliasing -fpic -fshort-wchar -nostdinc -Os -Wall -Wextra -Wno-missing-field-initializers -Wno-empty-body -Wno-implicit-fallthrough -Wno-old-style-declaration -Wno-unused-but-set-variable -Wno-unused-parameter -Werror -Wno-error=unused-but-set-variable -Wno-error=unused-parameter -I/shim-build/shim-16.1/Cryptlib/OpenSSL -I/shim-build/shim-16.1/Cryptlib -I/shim-build/shim-16.1/Cryptlib/OpenSSL/Include/ -I/shim-build/shim-16.1/Cryptlib/OpenSSL/crypto -I/shim-build/shim-16.1/Cryptlib/Include -I/shim-build/shim-16.1/gnu-efi/inc -I/shim-build/shim-16.1/gnu-efi/inc/aarch64 -I/shim-build/shim-16.1/gnu-efi/inc/protocol -I/shim-build/shim-16.1/Cryptlib/OpenSSL/crypto/asn1 -I/shim-build/shim-16.1/Cryptlib/OpenSSL/crypto/evp -I/shim-build/shim-16.1/Cryptlib/OpenSSL/crypto/modes -I/shim-build/shim-16.1/Cryptlib/OpenSSL/crypto/include -isystem /shim-build/shim-16.1/include/system -isystem /usr/lib/gcc-cross/aarch64-linux-gnu/11/include -DL_ENDIAN -D_CRT_SECURE_NO_DEPRECATE -D_CRT_NONSTDC_NO_DEPRECATE -DOPENSSL_SMALL_FOOTPRINT -DPEDANTIC -DMDE_CPU_AARCH64   -c -o crypto/asn1/x_val.o /shim-build/shim-16.1/Cryptlib/OpenSSL/crypto/asn1/x_val.c
#14 110.8 aarch64-linux-gnu-gcc -std=gnu11 -ggdb -gdwarf-4 -gstrict-dwarf -ffreestanding -fmacro-prefix-map=/shim-build/shim-16.1/= -fno-stack-protector -fno-strict-aliasing -fpic -fshort-wchar -nostdinc -Os -Wall -Wextra -Wno-missing-field-initializers -Wno-empty-body -Wno-implicit-fallthrough -Wno-old-style-declaration -Wno-unused-but-set-variable -Wno-unused-parameter -Werror -Wno-error=unused-but-set-variable -Wno-error=unused-parameter -I/shim-build/shim-16.1/Cryptlib/OpenSSL -I/shim-build/shim-16.1/Cryptlib -I/shim-build/shim-16.1/Cryptlib/OpenSSL/Include/ -I/shim-build/shim-16.1/Cryptlib/OpenSSL/crypto -I/shim-build/shim-16.1/Cryptlib/Include -I/shim-build/shim-16.1/gnu-efi/inc -I/shim-build/shim-16.1/gnu-efi/inc/aarch64 -I/shim-build/shim-16.1/gnu-efi/inc/protocol -I/shim-build/shim-16.1/Cryptlib/OpenSSL/crypto/asn1 -I/shim-build/shim-16.1/Cryptlib/OpenSSL/crypto/evp -I/shim-build/shim-16.1/Cryptlib/OpenSSL/crypto/modes -I/shim-build/shim-16.1/Cryptlib/OpenSSL/crypto/include -isystem /shim-build/shim-16.1/include/system -isystem /usr/lib/gcc-cross/aarch64-linux-gnu/11/include -DL_ENDIAN -D_CRT_SECURE_NO_DEPRECATE -D_CRT_NONSTDC_NO_DEPRECATE -DOPENSSL_SMALL_FOOTPRINT -DPEDANTIC -DMDE_CPU_AARCH64   -c -o crypto/asn1/x_pubkey.o /shim-build/shim-16.1/Cryptlib/OpenSSL/crypto/asn1/x_pubkey.c
#14 111.3 aarch64-linux-gnu-gcc -std=gnu11 -ggdb -gdwarf-4 -gstrict-dwarf -ffreestanding -fmacro-prefix-map=/shim-build/shim-16.1/= -fno-stack-protector -fno-strict-aliasing -fpic -fshort-wchar -nostdinc -Os -Wall -Wextra -Wno-missing-field-initializers -Wno-empty-body -Wno-implicit-fallthrough -Wno-old-style-declaration -Wno-unused-but-set-variable -Wno-unused-parameter -Werror -Wno-error=unused-but-set-variable -Wno-error=unused-parameter -I/shim-build/shim-16.1/Cryptlib/OpenSSL -I/shim-build/shim-16.1/Cryptlib -I/shim-build/shim-16.1/Cryptlib/OpenSSL/Include/ -I/shim-build/shim-16.1/Cryptlib/OpenSSL/crypto -I/shim-build/shim-16.1/Cryptlib/Include -I/shim-build/shim-16.1/gnu-efi/inc -I/shim-build/shim-16.1/gnu-efi/inc/aarch64 -I/shim-build/shim-16.1/gnu-efi/inc/protocol -I/shim-build/shim-16.1/Cryptlib/OpenSSL/crypto/asn1 -I/shim-build/shim-16.1/Cryptlib/OpenSSL/crypto/evp -I/shim-build/shim-16.1/Cryptlib/OpenSSL/crypto/modes -I/shim-build/shim-16.1/Cryptlib/OpenSSL/crypto/include -isystem /shim-build/shim-16.1/include/system -isystem /usr/lib/gcc-cross/aarch64-linux-gnu/11/include -DL_ENDIAN -D_CRT_SECURE_NO_DEPRECATE -D_CRT_NONSTDC_NO_DEPRECATE -DOPENSSL_SMALL_FOOTPRINT -DPEDANTIC -DMDE_CPU_AARCH64   -c -o crypto/asn1/x_sig.o /shim-build/shim-16.1/Cryptlib/OpenSSL/crypto/asn1/x_sig.c
#14 111.6 aarch64-linux-gnu-gcc -std=gnu11 -ggdb -gdwarf-4 -gstrict-dwarf -ffreestanding -fmacro-prefix-map=/shim-build/shim-16.1/= -fno-stack-protector -fno-strict-aliasing -fpic -fshort-wchar -nostdinc -Os -Wall -Wextra -Wno-missing-field-initializers -Wno-empty-body -Wno-implicit-fallthrough -Wno-old-style-declaration -Wno-unused-but-set-variable -Wno-unused-parameter -Werror -Wno-error=unused-but-set-variable -Wno-error=unused-parameter -I/shim-build/shim-16.1/Cryptlib/OpenSSL -I/shim-build/shim-16.1/Cryptlib -I/shim-build/shim-16.1/Cryptlib/OpenSSL/Include/ -I/shim-build/shim-16.1/Cryptlib/OpenSSL/crypto -I/shim-build/shim-16.1/Cryptlib/Include -I/shim-build/shim-16.1/gnu-efi/inc -I/shim-build/shim-16.1/gnu-efi/inc/aarch64 -I/shim-build/shim-16.1/gnu-efi/inc/protocol -I/shim-build/shim-16.1/Cryptlib/OpenSSL/crypto/asn1 -I/shim-build/shim-16.1/Cryptlib/OpenSSL/crypto/evp -I/shim-build/shim-16.1/Cryptlib/OpenSSL/crypto/modes -I/shim-build/shim-16.1/Cryptlib/OpenSSL/crypto/include -isystem /shim-build/shim-16.1/include/system -isystem /usr/lib/gcc-cross/aarch64-linux-gnu/11/include -DL_ENDIAN -D_CRT_SECURE_NO_DEPRECATE -D_CRT_NONSTDC_NO_DEPRECATE -DOPENSSL_SMALL_FOOTPRINT -DPEDANTIC -DMDE_CPU_AARCH64   -c -o crypto/asn1/x_req.o /shim-build/shim-16.1/Cryptlib/OpenSSL/crypto/asn1/x_req.c
#14 112.0 aarch64-linux-gnu-gcc -std=gnu11 -ggdb -gdwarf-4 -gstrict-dwarf -ffreestanding -fmacro-prefix-map=/shim-build/shim-16.1/= -fno-stack-protector -fno-strict-aliasing -fpic -fshort-wchar -nostdinc -Os -Wall -Wextra -Wno-missing-field-initializers -Wno-empty-body -Wno-implicit-fallthrough -Wno-old-style-declaration -Wno-unused-but-set-variable -Wno-unused-parameter -Werror -Wno-error=unused-but-set-variable -Wno-error=unused-parameter -I/shim-build/shim-16.1/Cryptlib/OpenSSL -I/shim-build/shim-16.1/Cryptlib -I/shim-build/shim-16.1/Cryptlib/OpenSSL/Include/ -I/shim-build/shim-16.1/Cryptlib/OpenSSL/crypto -I/shim-build/shim-16.1/Cryptlib/Include -I/shim-build/shim-16.1/gnu-efi/inc -I/shim-build/shim-16.1/gnu-efi/inc/aarch64 -I/shim-build/shim-16.1/gnu-efi/inc/protocol -I/shim-build/shim-16.1/Cryptlib/OpenSSL/crypto/asn1 -I/shim-build/shim-16.1/Cryptlib/OpenSSL/crypto/evp -I/shim-build/shim-16.1/Cryptlib/OpenSSL/crypto/modes -I/shim-build/shim-16.1/Cryptlib/OpenSSL/crypto/include -isystem /shim-build/shim-16.1/include/system -isystem /usr/lib/gcc-cross/aarch64-linux-gnu/11/include -DL_ENDIAN -D_CRT_SECURE_NO_DEPRECATE -D_CRT_NONSTDC_NO_DEPRECATE -DOPENSSL_SMALL_FOOTPRINT -DPEDANTIC -DMDE_CPU_AARCH64   -c -o crypto/asn1/x_attrib.o /shim-build/shim-16.1/Cryptlib/OpenSSL/crypto/asn1/x_attrib.c
#14 112.4 aarch64-linux-gnu-gcc -std=gnu11 -ggdb -gdwarf-4 -gstrict-dwarf -ffreestanding -fmacro-prefix-map=/shim-build/shim-16.1/= -fno-stack-protector -fno-strict-aliasing -fpic -fshort-wchar -nostdinc -Os -Wall -Wextra -Wno-missing-field-initializers -Wno-empty-body -Wno-implicit-fallthrough -Wno-old-style-declaration -Wno-unused-but-set-variable -Wno-unused-parameter -Werror -Wno-error=unused-but-set-variable -Wno-error=unused-parameter -I/shim-build/shim-16.1/Cryptlib/OpenSSL -I/shim-build/shim-16.1/Cryptlib -I/shim-build/shim-16.1/Cryptlib/OpenSSL/Include/ -I/shim-build/shim-16.1/Cryptlib/OpenSSL/crypto -I/shim-build/shim-16.1/Cryptlib/Include -I/shim-build/shim-16.1/gnu-efi/inc -I/shim-build/shim-16.1/gnu-efi/inc/aarch64 -I/shim-build/shim-16.1/gnu-efi/inc/protocol -I/shim-build/shim-16.1/Cryptlib/OpenSSL/crypto/asn1 -I/shim-build/shim-16.1/Cryptlib/OpenSSL/crypto/evp -I/shim-build/shim-16.1/Cryptlib/OpenSSL/crypto/modes -I/shim-build/shim-16.1/Cryptlib/OpenSSL/crypto/include -isystem /shim-build/shim-16.1/include/system -isystem /usr/lib/gcc-cross/aarch64-linux-gnu/11/include -DL_ENDIAN -D_CRT_SECURE_NO_DEPRECATE -D_CRT_NONSTDC_NO_DEPRECATE -DOPENSSL_SMALL_FOOTPRINT -DPEDANTIC -DMDE_CPU_AARCH64   -c -o crypto/asn1/x_bignum.o /shim-build/shim-16.1/Cryptlib/OpenSSL/crypto/asn1/x_bignum.c
#14 112.8 aarch64-linux-gnu-gcc -std=gnu11 -ggdb -gdwarf-4 -gstrict-dwarf -ffreestanding -fmacro-prefix-map=/shim-build/shim-16.1/= -fno-stack-protector -fno-strict-aliasing -fpic -fshort-wchar -nostdinc -Os -Wall -Wextra -Wno-missing-field-initializers -Wno-empty-body -Wno-implicit-fallthrough -Wno-old-style-declaration -Wno-unused-but-set-variable -Wno-unused-parameter -Werror -Wno-error=unused-but-set-variable -Wno-error=unused-parameter -I/shim-build/shim-16.1/Cryptlib/OpenSSL -I/shim-build/shim-16.1/Cryptlib -I/shim-build/shim-16.1/Cryptlib/OpenSSL/Include/ -I/shim-build/shim-16.1/Cryptlib/OpenSSL/crypto -I/shim-build/shim-16.1/Cryptlib/Include -I/shim-build/shim-16.1/gnu-efi/inc -I/shim-build/shim-16.1/gnu-efi/inc/aarch64 -I/shim-build/shim-16.1/gnu-efi/inc/protocol -I/shim-build/shim-16.1/Cryptlib/OpenSSL/crypto/asn1 -I/shim-build/shim-16.1/Cryptlib/OpenSSL/crypto/evp -I/shim-build/shim-16.1/Cryptlib/OpenSSL/crypto/modes -I/shim-build/shim-16.1/Cryptlib/OpenSSL/crypto/include -isystem /shim-build/shim-16.1/include/system -isystem /usr/lib/gcc-cross/aarch64-linux-gnu/11/include -DL_ENDIAN -D_CRT_SECURE_NO_DEPRECATE -D_CRT_NONSTDC_NO_DEPRECATE -DOPENSSL_SMALL_FOOTPRINT -DPEDANTIC -DMDE_CPU_AARCH64   -c -o crypto/asn1/x_long.o /shim-build/shim-16.1/Cryptlib/OpenSSL/crypto/asn1/x_long.c
#14 113.2 aarch64-linux-gnu-gcc -std=gnu11 -ggdb -gdwarf-4 -gstrict-dwarf -ffreestanding -fmacro-prefix-map=/shim-build/shim-16.1/= -fno-stack-protector -fno-strict-aliasing -fpic -fshort-wchar -nostdinc -Os -Wall -Wextra -Wno-missing-field-initializers -Wno-empty-body -Wno-implicit-fallthrough -Wno-old-style-declaration -Wno-unused-but-set-variable -Wno-unused-parameter -Werror -Wno-error=unused-but-set-variable -Wno-error=unused-parameter -I/shim-build/shim-16.1/Cryptlib/OpenSSL -I/shim-build/shim-16.1/Cryptlib -I/shim-build/shim-16.1/Cryptlib/OpenSSL/Include/ -I/shim-build/shim-16.1/Cryptlib/OpenSSL/crypto -I/shim-build/shim-16.1/Cryptlib/Include -I/shim-build/shim-16.1/gnu-efi/inc -I/shim-build/shim-16.1/gnu-efi/inc/aarch64 -I/shim-build/shim-16.1/gnu-efi/inc/protocol -I/shim-build/shim-16.1/Cryptlib/OpenSSL/crypto/asn1 -I/shim-build/shim-16.1/Cryptlib/OpenSSL/crypto/evp -I/shim-build/shim-16.1/Cryptlib/OpenSSL/crypto/modes -I/shim-build/shim-16.1/Cryptlib/OpenSSL/crypto/include -isystem /shim-build/shim-16.1/include/system -isystem /usr/lib/gcc-cross/aarch64-linux-gnu/11/include -DL_ENDIAN -D_CRT_SECURE_NO_DEPRECATE -D_CRT_NONSTDC_NO_DEPRECATE -DOPENSSL_SMALL_FOOTPRINT -DPEDANTIC -DMDE_CPU_AARCH64   -c -o crypto/asn1/x_name.o /shim-build/shim-16.1/Cryptlib/OpenSSL/crypto/asn1/x_name.c
#14 113.8 aarch64-linux-gnu-gcc -std=gnu11 -ggdb -gdwarf-4 -gstrict-dwarf -ffreestanding -fmacro-prefix-map=/shim-build/shim-16.1/= -fno-stack-protector -fno-strict-aliasing -fpic -fshort-wchar -nostdinc -Os -Wall -Wextra -Wno-missing-field-initializers -Wno-empty-body -Wno-implicit-fallthrough -Wno-old-style-declaration -Wno-unused-but-set-variable -Wno-unused-parameter -Werror -Wno-error=unused-but-set-variable -Wno-error=unused-parameter -I/shim-build/shim-16.1/Cryptlib/OpenSSL -I/shim-build/shim-16.1/Cryptlib -I/shim-build/shim-16.1/Cryptlib/OpenSSL/Include/ -I/shim-build/shim-16.1/Cryptlib/OpenSSL/crypto -I/shim-build/shim-16.1/Cryptlib/Include -I/shim-build/shim-16.1/gnu-efi/inc -I/shim-build/shim-16.1/gnu-efi/inc/aarch64 -I/shim-build/shim-16.1/gnu-efi/inc/protocol -I/shim-build/shim-16.1/Cryptlib/OpenSSL/crypto/asn1 -I/shim-build/shim-16.1/Cryptlib/OpenSSL/crypto/evp -I/shim-build/shim-16.1/Cryptlib/OpenSSL/crypto/modes -I/shim-build/shim-16.1/Cryptlib/OpenSSL/crypto/include -isystem /shim-build/shim-16.1/include/system -isystem /usr/lib/gcc-cross/aarch64-linux-gnu/11/include -DL_ENDIAN -D_CRT_SECURE_NO_DEPRECATE -D_CRT_NONSTDC_NO_DEPRECATE -DOPENSSL_SMALL_FOOTPRINT -DPEDANTIC -DMDE_CPU_AARCH64   -c -o crypto/asn1/x_x509.o /shim-build/shim-16.1/Cryptlib/OpenSSL/crypto/asn1/x_x509.c
#14 114.2 aarch64-linux-gnu-gcc -std=gnu11 -ggdb -gdwarf-4 -gstrict-dwarf -ffreestanding -fmacro-prefix-map=/shim-build/shim-16.1/= -fno-stack-protector -fno-strict-aliasing -fpic -fshort-wchar -nostdinc -Os -Wall -Wextra -Wno-missing-field-initializers -Wno-empty-body -Wno-implicit-fallthrough -Wno-old-style-declaration -Wno-unused-but-set-variable -Wno-unused-parameter -Werror -Wno-error=unused-but-set-variable -Wno-error=unused-parameter -I/shim-build/shim-16.1/Cryptlib/OpenSSL -I/shim-build/shim-16.1/Cryptlib -I/shim-build/shim-16.1/Cryptlib/OpenSSL/Include/ -I/shim-build/shim-16.1/Cryptlib/OpenSSL/crypto -I/shim-build/shim-16.1/Cryptlib/Include -I/shim-build/shim-16.1/gnu-efi/inc -I/shim-build/shim-16.1/gnu-efi/inc/aarch64 -I/shim-build/shim-16.1/gnu-efi/inc/protocol -I/shim-build/shim-16.1/Cryptlib/OpenSSL/crypto/asn1 -I/shim-build/shim-16.1/Cryptlib/OpenSSL/crypto/evp -I/shim-build/shim-16.1/Cryptlib/OpenSSL/crypto/modes -I/shim-build/shim-16.1/Cryptlib/OpenSSL/crypto/include -isystem /shim-build/shim-16.1/include/system -isystem /usr/lib/gcc-cross/aarch64-linux-gnu/11/include -DL_ENDIAN -D_CRT_SECURE_NO_DEPRECATE -D_CRT_NONSTDC_NO_DEPRECATE -DOPENSSL_SMALL_FOOTPRINT -DPEDANTIC -DMDE_CPU_AARCH64   -c -o crypto/asn1/x_x509a.o /shim-build/shim-16.1/Cryptlib/OpenSSL/crypto/asn1/x_x509a.c
#14 114.6 aarch64-linux-gnu-gcc -std=gnu11 -ggdb -gdwarf-4 -gstrict-dwarf -ffreestanding -fmacro-prefix-map=/shim-build/shim-16.1/= -fno-stack-protector -fno-strict-aliasing -fpic -fshort-wchar -nostdinc -Os -Wall -Wextra -Wno-missing-field-initializers -Wno-empty-body -Wno-implicit-fallthrough -Wno-old-style-declaration -Wno-unused-but-set-variable -Wno-unused-parameter -Werror -Wno-error=unused-but-set-variable -Wno-error=unused-parameter -I/shim-build/shim-16.1/Cryptlib/OpenSSL -I/shim-build/shim-16.1/Cryptlib -I/shim-build/shim-16.1/Cryptlib/OpenSSL/Include/ -I/shim-build/shim-16.1/Cryptlib/OpenSSL/crypto -I/shim-build/shim-16.1/Cryptlib/Include -I/shim-build/shim-16.1/gnu-efi/inc -I/shim-build/shim-16.1/gnu-efi/inc/aarch64 -I/shim-build/shim-16.1/gnu-efi/inc/protocol -I/shim-build/shim-16.1/Cryptlib/OpenSSL/crypto/asn1 -I/shim-build/shim-16.1/Cryptlib/OpenSSL/crypto/evp -I/shim-build/shim-16.1/Cryptlib/OpenSSL/crypto/modes -I/shim-build/shim-16.1/Cryptlib/OpenSSL/crypto/include -isystem /shim-build/shim-16.1/include/system -isystem /usr/lib/gcc-cross/aarch64-linux-gnu/11/include -DL_ENDIAN -D_CRT_SECURE_NO_DEPRECATE -D_CRT_NONSTDC_NO_DEPRECATE -DOPENSSL_SMALL_FOOTPRINT -DPEDANTIC -DMDE_CPU_AARCH64   -c -o crypto/asn1/x_crl.o /shim-build/shim-16.1/Cryptlib/OpenSSL/crypto/asn1/x_crl.c
#14 115.2 aarch64-linux-gnu-gcc -std=gnu11 -ggdb -gdwarf-4 -gstrict-dwarf -ffreestanding -fmacro-prefix-map=/shim-build/shim-16.1/= -fno-stack-protector -fno-strict-aliasing -fpic -fshort-wchar -nostdinc -Os -Wall -Wextra -Wno-missing-field-initializers -Wno-empty-body -Wno-implicit-fallthrough -Wno-old-style-declaration -Wno-unused-but-set-variable -Wno-unused-parameter -Werror -Wno-error=unused-but-set-variable -Wno-error=unused-parameter -I/shim-build/shim-16.1/Cryptlib/OpenSSL -I/shim-build/shim-16.1/Cryptlib -I/shim-build/shim-16.1/Cryptlib/OpenSSL/Include/ -I/shim-build/shim-16.1/Cryptlib/OpenSSL/crypto -I/shim-build/shim-16.1/Cryptlib/Include -I/shim-build/shim-16.1/gnu-efi/inc -I/shim-build/shim-16.1/gnu-efi/inc/aarch64 -I/shim-build/shim-16.1/gnu-efi/inc/protocol -I/shim-build/shim-16.1/Cryptlib/OpenSSL/crypto/asn1 -I/shim-build/shim-16.1/Cryptlib/OpenSSL/crypto/evp -I/shim-build/shim-16.1/Cryptlib/OpenSSL/crypto/modes -I/shim-build/shim-16.1/Cryptlib/OpenSSL/crypto/include -isystem /shim-build/shim-16.1/include/system -isystem /usr/lib/gcc-cross/aarch64-linux-gnu/11/include -DL_ENDIAN -D_CRT_SECURE_NO_DEPRECATE -D_CRT_NONSTDC_NO_DEPRECATE -DOPENSSL_SMALL_FOOTPRINT -DPEDANTIC -DMDE_CPU_AARCH64   -c -o crypto/asn1/x_info.o /shim-build/shim-16.1/Cryptlib/OpenSSL/crypto/asn1/x_info.c
#14 115.5 aarch64-linux-gnu-gcc -std=gnu11 -ggdb -gdwarf-4 -gstrict-dwarf -ffreestanding -fmacro-prefix-map=/shim-build/shim-16.1/= -fno-stack-protector -fno-strict-aliasing -fpic -fshort-wchar -nostdinc -Os -Wall -Wextra -Wno-missing-field-initializers -Wno-empty-body -Wno-implicit-fallthrough -Wno-old-style-declaration -Wno-unused-but-set-variable -Wno-unused-parameter -Werror -Wno-error=unused-but-set-variable -Wno-error=unused-parameter -I/shim-build/shim-16.1/Cryptlib/OpenSSL -I/shim-build/shim-16.1/Cryptlib -I/shim-build/shim-16.1/Cryptlib/OpenSSL/Include/ -I/shim-build/shim-16.1/Cryptlib/OpenSSL/crypto -I/shim-build/shim-16.1/Cryptlib/Include -I/shim-build/shim-16.1/gnu-efi/inc -I/shim-build/shim-16.1/gnu-efi/inc/aarch64 -I/shim-build/shim-16.1/gnu-efi/inc/protocol -I/shim-build/shim-16.1/Cryptlib/OpenSSL/crypto/asn1 -I/shim-build/shim-16.1/Cryptlib/OpenSSL/crypto/evp -I/shim-build/shim-16.1/Cryptlib/OpenSSL/crypto/modes -I/shim-build/shim-16.1/Cryptlib/OpenSSL/crypto/include -isystem /shim-build/shim-16.1/include/system -isystem /usr/lib/gcc-cross/aarch64-linux-gnu/11/include -DL_ENDIAN -D_CRT_SECURE_NO_DEPRECATE -D_CRT_NONSTDC_NO_DEPRECATE -DOPENSSL_SMALL_FOOTPRINT -DPEDANTIC -DMDE_CPU_AARCH64   -c -o crypto/asn1/x_spki.o /shim-build/shim-16.1/Cryptlib/OpenSSL/crypto/asn1/x_spki.c
#14 115.8 aarch64-linux-gnu-gcc -std=gnu11 -ggdb -gdwarf-4 -gstrict-dwarf -ffreestanding -fmacro-prefix-map=/shim-build/shim-16.1/= -fno-stack-protector -fno-strict-aliasing -fpic -fshort-wchar -nostdinc -Os -Wall -Wextra -Wno-missing-field-initializers -Wno-empty-body -Wno-implicit-fallthrough -Wno-old-style-declaration -Wno-unused-but-set-variable -Wno-unused-parameter -Werror -Wno-error=unused-but-set-variable -Wno-error=unused-parameter -I/shim-build/shim-16.1/Cryptlib/OpenSSL -I/shim-build/shim-16.1/Cryptlib -I/shim-build/shim-16.1/Cryptlib/OpenSSL/Include/ -I/shim-build/shim-16.1/Cryptlib/OpenSSL/crypto -I/shim-build/shim-16.1/Cryptlib/Include -I/shim-build/shim-16.1/gnu-efi/inc -I/shim-build/shim-16.1/gnu-efi/inc/aarch64 -I/shim-build/shim-16.1/gnu-efi/inc/protocol -I/shim-build/shim-16.1/Cryptlib/OpenSSL/crypto/asn1 -I/shim-build/shim-16.1/Cryptlib/OpenSSL/crypto/evp -I/shim-build/shim-16.1/Cryptlib/OpenSSL/crypto/modes -I/shim-build/shim-16.1/Cryptlib/OpenSSL/crypto/include -isystem /shim-build/shim-16.1/include/system -isystem /usr/lib/gcc-cross/aarch64-linux-gnu/11/include -DL_ENDIAN -D_CRT_SECURE_NO_DEPRECATE -D_CRT_NONSTDC_NO_DEPRECATE -DOPENSSL_SMALL_FOOTPRINT -DPEDANTIC -DMDE_CPU_AARCH64   -c -o crypto/asn1/nsseq.o /shim-build/shim-16.1/Cryptlib/OpenSSL/crypto/asn1/nsseq.c
#14 116.2 aarch64-linux-gnu-gcc -std=gnu11 -ggdb -gdwarf-4 -gstrict-dwarf -ffreestanding -fmacro-prefix-map=/shim-build/shim-16.1/= -fno-stack-protector -fno-strict-aliasing -fpic -fshort-wchar -nostdinc -Os -Wall -Wextra -Wno-missing-field-initializers -Wno-empty-body -Wno-implicit-fallthrough -Wno-old-style-declaration -Wno-unused-but-set-variable -Wno-unused-parameter -Werror -Wno-error=unused-but-set-variable -Wno-error=unused-parameter -I/shim-build/shim-16.1/Cryptlib/OpenSSL -I/shim-build/shim-16.1/Cryptlib -I/shim-build/shim-16.1/Cryptlib/OpenSSL/Include/ -I/shim-build/shim-16.1/Cryptlib/OpenSSL/crypto -I/shim-build/shim-16.1/Cryptlib/Include -I/shim-build/shim-16.1/gnu-efi/inc -I/shim-build/shim-16.1/gnu-efi/inc/aarch64 -I/shim-build/shim-16.1/gnu-efi/inc/protocol -I/shim-build/shim-16.1/Cryptlib/OpenSSL/crypto/asn1 -I/shim-build/shim-16.1/Cryptlib/OpenSSL/crypto/evp -I/shim-build/shim-16.1/Cryptlib/OpenSSL/crypto/modes -I/shim-build/shim-16.1/Cryptlib/OpenSSL/crypto/include -isystem /shim-build/shim-16.1/include/system -isystem /usr/lib/gcc-cross/aarch64-linux-gnu/11/include -DL_ENDIAN -D_CRT_SECURE_NO_DEPRECATE -D_CRT_NONSTDC_NO_DEPRECATE -DOPENSSL_SMALL_FOOTPRINT -DPEDANTIC -DMDE_CPU_AARCH64   -c -o crypto/asn1/x_nx509.o /shim-build/shim-16.1/Cryptlib/OpenSSL/crypto/asn1/x_nx509.c
#14 116.5 aarch64-linux-gnu-gcc -std=gnu11 -ggdb -gdwarf-4 -gstrict-dwarf -ffreestanding -fmacro-prefix-map=/shim-build/shim-16.1/= -fno-stack-protector -fno-strict-aliasing -fpic -fshort-wchar -nostdinc -Os -Wall -Wextra -Wno-missing-field-initializers -Wno-empty-body -Wno-implicit-fallthrough -Wno-old-style-declaration -Wno-unused-but-set-variable -Wno-unused-parameter -Werror -Wno-error=unused-but-set-variable -Wno-error=unused-parameter -I/shim-build/shim-16.1/Cryptlib/OpenSSL -I/shim-build/shim-16.1/Cryptlib -I/shim-build/shim-16.1/Cryptlib/OpenSSL/Include/ -I/shim-build/shim-16.1/Cryptlib/OpenSSL/crypto -I/shim-build/shim-16.1/Cryptlib/Include -I/shim-build/shim-16.1/gnu-efi/inc -I/shim-build/shim-16.1/gnu-efi/inc/aarch64 -I/shim-build/shim-16.1/gnu-efi/inc/protocol -I/shim-build/shim-16.1/Cryptlib/OpenSSL/crypto/asn1 -I/shim-build/shim-16.1/Cryptlib/OpenSSL/crypto/evp -I/shim-build/shim-16.1/Cryptlib/OpenSSL/crypto/modes -I/shim-build/shim-16.1/Cryptlib/OpenSSL/crypto/include -isystem /shim-build/shim-16.1/include/system -isystem /usr/lib/gcc-cross/aarch64-linux-gnu/11/include -DL_ENDIAN -D_CRT_SECURE_NO_DEPRECATE -D_CRT_NONSTDC_NO_DEPRECATE -DOPENSSL_SMALL_FOOTPRINT -DPEDANTIC -DMDE_CPU_AARCH64   -c -o crypto/asn1/d2i_pu.o /shim-build/shim-16.1/Cryptlib/OpenSSL/crypto/asn1/d2i_pu.c
#14 116.9 aarch64-linux-gnu-gcc -std=gnu11 -ggdb -gdwarf-4 -gstrict-dwarf -ffreestanding -fmacro-prefix-map=/shim-build/shim-16.1/= -fno-stack-protector -fno-strict-aliasing -fpic -fshort-wchar -nostdinc -Os -Wall -Wextra -Wno-missing-field-initializers -Wno-empty-body -Wno-implicit-fallthrough -Wno-old-style-declaration -Wno-unused-but-set-variable -Wno-unused-parameter -Werror -Wno-error=unused-but-set-variable -Wno-error=unused-parameter -I/shim-build/shim-16.1/Cryptlib/OpenSSL -I/shim-build/shim-16.1/Cryptlib -I/shim-build/shim-16.1/Cryptlib/OpenSSL/Include/ -I/shim-build/shim-16.1/Cryptlib/OpenSSL/crypto -I/shim-build/shim-16.1/Cryptlib/Include -I/shim-build/shim-16.1/gnu-efi/inc -I/shim-build/shim-16.1/gnu-efi/inc/aarch64 -I/shim-build/shim-16.1/gnu-efi/inc/protocol -I/shim-build/shim-16.1/Cryptlib/OpenSSL/crypto/asn1 -I/shim-build/shim-16.1/Cryptlib/OpenSSL/crypto/evp -I/shim-build/shim-16.1/Cryptlib/OpenSSL/crypto/modes -I/shim-build/shim-16.1/Cryptlib/OpenSSL/crypto/include -isystem /shim-build/shim-16.1/include/system -isystem /usr/lib/gcc-cross/aarch64-linux-gnu/11/include -DL_ENDIAN -D_CRT_SECURE_NO_DEPRECATE -D_CRT_NONSTDC_NO_DEPRECATE -DOPENSSL_SMALL_FOOTPRINT -DPEDANTIC -DMDE_CPU_AARCH64   -c -o crypto/asn1/d2i_pr.o /shim-build/shim-16.1/Cryptlib/OpenSSL/crypto/asn1/d2i_pr.c
#14 117.3 aarch64-linux-gnu-gcc -std=gnu11 -ggdb -gdwarf-4 -gstrict-dwarf -ffreestanding -fmacro-prefix-map=/shim-build/shim-16.1/= -fno-stack-protector -fno-strict-aliasing -fpic -fshort-wchar -nostdinc -Os -Wall -Wextra -Wno-missing-field-initializers -Wno-empty-body -Wno-implicit-fallthrough -Wno-old-style-declaration -Wno-unused-but-set-variable -Wno-unused-parameter -Werror -Wno-error=unused-but-set-variable -Wno-error=unused-parameter -I/shim-build/shim-16.1/Cryptlib/OpenSSL -I/shim-build/shim-16.1/Cryptlib -I/shim-build/shim-16.1/Cryptlib/OpenSSL/Include/ -I/shim-build/shim-16.1/Cryptlib/OpenSSL/crypto -I/shim-build/shim-16.1/Cryptlib/Include -I/shim-build/shim-16.1/gnu-efi/inc -I/shim-build/shim-16.1/gnu-efi/inc/aarch64 -I/shim-build/shim-16.1/gnu-efi/inc/protocol -I/shim-build/shim-16.1/Cryptlib/OpenSSL/crypto/asn1 -I/shim-build/shim-16.1/Cryptlib/OpenSSL/crypto/evp -I/shim-build/shim-16.1/Cryptlib/OpenSSL/crypto/modes -I/shim-build/shim-16.1/Cryptlib/OpenSSL/crypto/include -isystem /shim-build/shim-16.1/include/system -isystem /usr/lib/gcc-cross/aarch64-linux-gnu/11/include -DL_ENDIAN -D_CRT_SECURE_NO_DEPRECATE -D_CRT_NONSTDC_NO_DEPRECATE -DOPENSSL_SMALL_FOOTPRINT -DPEDANTIC -DMDE_CPU_AARCH64   -c -o crypto/asn1/i2d_pu.o /shim-build/shim-16.1/Cryptlib/OpenSSL/crypto/asn1/i2d_pu.c
#14 117.6 aarch64-linux-gnu-gcc -std=gnu11 -ggdb -gdwarf-4 -gstrict-dwarf -ffreestanding -fmacro-prefix-map=/shim-build/shim-16.1/= -fno-stack-protector -fno-strict-aliasing -fpic -fshort-wchar -nostdinc -Os -Wall -Wextra -Wno-missing-field-initializers -Wno-empty-body -Wno-implicit-fallthrough -Wno-old-style-declaration -Wno-unused-but-set-variable -Wno-unused-parameter -Werror -Wno-error=unused-but-set-variable -Wno-error=unused-parameter -I/shim-build/shim-16.1/Cryptlib/OpenSSL -I/shim-build/shim-16.1/Cryptlib -I/shim-build/shim-16.1/Cryptlib/OpenSSL/Include/ -I/shim-build/shim-16.1/Cryptlib/OpenSSL/crypto -I/shim-build/shim-16.1/Cryptlib/Include -I/shim-build/shim-16.1/gnu-efi/inc -I/shim-build/shim-16.1/gnu-efi/inc/aarch64 -I/shim-build/shim-16.1/gnu-efi/inc/protocol -I/shim-build/shim-16.1/Cryptlib/OpenSSL/crypto/asn1 -I/shim-build/shim-16.1/Cryptlib/OpenSSL/crypto/evp -I/shim-build/shim-16.1/Cryptlib/OpenSSL/crypto/modes -I/shim-build/shim-16.1/Cryptlib/OpenSSL/crypto/include -isystem /shim-build/shim-16.1/include/system -isystem /usr/lib/gcc-cross/aarch64-linux-gnu/11/include -DL_ENDIAN -D_CRT_SECURE_NO_DEPRECATE -D_CRT_NONSTDC_NO_DEPRECATE -DOPENSSL_SMALL_FOOTPRINT -DPEDANTIC -DMDE_CPU_AARCH64   -c -o crypto/asn1/i2d_pr.o /shim-build/shim-16.1/Cryptlib/OpenSSL/crypto/asn1/i2d_pr.c
#14 118.0 aarch64-linux-gnu-gcc -std=gnu11 -ggdb -gdwarf-4 -gstrict-dwarf -ffreestanding -fmacro-prefix-map=/shim-build/shim-16.1/= -fno-stack-protector -fno-strict-aliasing -fpic -fshort-wchar -nostdinc -Os -Wall -Wextra -Wno-missing-field-initializers -Wno-empty-body -Wno-implicit-fallthrough -Wno-old-style-declaration -Wno-unused-but-set-variable -Wno-unused-parameter -Werror -Wno-error=unused-but-set-variable -Wno-error=unused-parameter -I/shim-build/shim-16.1/Cryptlib/OpenSSL -I/shim-build/shim-16.1/Cryptlib -I/shim-build/shim-16.1/Cryptlib/OpenSSL/Include/ -I/shim-build/shim-16.1/Cryptlib/OpenSSL/crypto -I/shim-build/shim-16.1/Cryptlib/Include -I/shim-build/shim-16.1/gnu-efi/inc -I/shim-build/shim-16.1/gnu-efi/inc/aarch64 -I/shim-build/shim-16.1/gnu-efi/inc/protocol -I/shim-build/shim-16.1/Cryptlib/OpenSSL/crypto/asn1 -I/shim-build/shim-16.1/Cryptlib/OpenSSL/crypto/evp -I/shim-build/shim-16.1/Cryptlib/OpenSSL/crypto/modes -I/shim-build/shim-16.1/Cryptlib/OpenSSL/crypto/include -isystem /shim-build/shim-16.1/include/system -isystem /usr/lib/gcc-cross/aarch64-linux-gnu/11/include -DL_ENDIAN -D_CRT_SECURE_NO_DEPRECATE -D_CRT_NONSTDC_NO_DEPRECATE -DOPENSSL_SMALL_FOOTPRINT -DPEDANTIC -DMDE_CPU_AARCH64   -c -o crypto/asn1/t_req.o /shim-build/shim-16.1/Cryptlib/OpenSSL/crypto/asn1/t_req.c
#14 118.4 aarch64-linux-gnu-gcc -std=gnu11 -ggdb -gdwarf-4 -gstrict-dwarf -ffreestanding -fmacro-prefix-map=/shim-build/shim-16.1/= -fno-stack-protector -fno-strict-aliasing -fpic -fshort-wchar -nostdinc -Os -Wall -Wextra -Wno-missing-field-initializers -Wno-empty-body -Wno-implicit-fallthrough -Wno-old-style-declaration -Wno-unused-but-set-variable -Wno-unused-parameter -Werror -Wno-error=unused-but-set-variable -Wno-error=unused-parameter -I/shim-build/shim-16.1/Cryptlib/OpenSSL -I/shim-build/shim-16.1/Cryptlib -I/shim-build/shim-16.1/Cryptlib/OpenSSL/Include/ -I/shim-build/shim-16.1/Cryptlib/OpenSSL/crypto -I/shim-build/shim-16.1/Cryptlib/Include -I/shim-build/shim-16.1/gnu-efi/inc -I/shim-build/shim-16.1/gnu-efi/inc/aarch64 -I/shim-build/shim-16.1/gnu-efi/inc/protocol -I/shim-build/shim-16.1/Cryptlib/OpenSSL/crypto/asn1 -I/shim-build/shim-16.1/Cryptlib/OpenSSL/crypto/evp -I/shim-build/shim-16.1/Cryptlib/OpenSSL/crypto/modes -I/shim-build/shim-16.1/Cryptlib/OpenSSL/crypto/include -isystem /shim-build/shim-16.1/include/system -isystem /usr/lib/gcc-cross/aarch64-linux-gnu/11/include -DL_ENDIAN -D_CRT_SECURE_NO_DEPRECATE -D_CRT_NONSTDC_NO_DEPRECATE -DOPENSSL_SMALL_FOOTPRINT -DPEDANTIC -DMDE_CPU_AARCH64   -c -o crypto/asn1/t_x509.o /shim-build/shim-16.1/Cryptlib/OpenSSL/crypto/asn1/t_x509.c
#14 119.0 aarch64-linux-gnu-gcc -std=gnu11 -ggdb -gdwarf-4 -gstrict-dwarf -ffreestanding -fmacro-prefix-map=/shim-build/shim-16.1/= -fno-stack-protector -fno-strict-aliasing -fpic -fshort-wchar -nostdinc -Os -Wall -Wextra -Wno-missing-field-initializers -Wno-empty-body -Wno-implicit-fallthrough -Wno-old-style-declaration -Wno-unused-but-set-variable -Wno-unused-parameter -Werror -Wno-error=unused-but-set-variable -Wno-error=unused-parameter -I/shim-build/shim-16.1/Cryptlib/OpenSSL -I/shim-build/shim-16.1/Cryptlib -I/shim-build/shim-16.1/Cryptlib/OpenSSL/Include/ -I/shim-build/shim-16.1/Cryptlib/OpenSSL/crypto -I/shim-build/shim-16.1/Cryptlib/Include -I/shim-build/shim-16.1/gnu-efi/inc -I/shim-build/shim-16.1/gnu-efi/inc/aarch64 -I/shim-build/shim-16.1/gnu-efi/inc/protocol -I/shim-build/shim-16.1/Cryptlib/OpenSSL/crypto/asn1 -I/shim-build/shim-16.1/Cryptlib/OpenSSL/crypto/evp -I/shim-build/shim-16.1/Cryptlib/OpenSSL/crypto/modes -I/shim-build/shim-16.1/Cryptlib/OpenSSL/crypto/include -isystem /shim-build/shim-16.1/include/system -isystem /usr/lib/gcc-cross/aarch64-linux-gnu/11/include -DL_ENDIAN -D_CRT_SECURE_NO_DEPRECATE -D_CRT_NONSTDC_NO_DEPRECATE -DOPENSSL_SMALL_FOOTPRINT -DPEDANTIC -DMDE_CPU_AARCH64   -c -o crypto/asn1/t_x509a.o /shim-build/shim-16.1/Cryptlib/OpenSSL/crypto/asn1/t_x509a.c
#14 119.4 aarch64-linux-gnu-gcc -std=gnu11 -ggdb -gdwarf-4 -gstrict-dwarf -ffreestanding -fmacro-prefix-map=/shim-build/shim-16.1/= -fno-stack-protector -fno-strict-aliasing -fpic -fshort-wchar -nostdinc -Os -Wall -Wextra -Wno-missing-field-initializers -Wno-empty-body -Wno-implicit-fallthrough -Wno-old-style-declaration -Wno-unused-but-set-variable -Wno-unused-parameter -Werror -Wno-error=unused-but-set-variable -Wno-error=unused-parameter -I/shim-build/shim-16.1/Cryptlib/OpenSSL -I/shim-build/shim-16.1/Cryptlib -I/shim-build/shim-16.1/Cryptlib/OpenSSL/Include/ -I/shim-build/shim-16.1/Cryptlib/OpenSSL/crypto -I/shim-build/shim-16.1/Cryptlib/Include -I/shim-build/shim-16.1/gnu-efi/inc -I/shim-build/shim-16.1/gnu-efi/inc/aarch64 -I/shim-build/shim-16.1/gnu-efi/inc/protocol -I/shim-build/shim-16.1/Cryptlib/OpenSSL/crypto/asn1 -I/shim-build/shim-16.1/Cryptlib/OpenSSL/crypto/evp -I/shim-build/shim-16.1/Cryptlib/OpenSSL/crypto/modes -I/shim-build/shim-16.1/Cryptlib/OpenSSL/crypto/include -isystem /shim-build/shim-16.1/include/system -isystem /usr/lib/gcc-cross/aarch64-linux-gnu/11/include -DL_ENDIAN -D_CRT_SECURE_NO_DEPRECATE -D_CRT_NONSTDC_NO_DEPRECATE -DOPENSSL_SMALL_FOOTPRINT -DPEDANTIC -DMDE_CPU_AARCH64   -c -o crypto/asn1/t_crl.o /shim-build/shim-16.1/Cryptlib/OpenSSL/crypto/asn1/t_crl.c
#14 119.8 aarch64-linux-gnu-gcc -std=gnu11 -ggdb -gdwarf-4 -gstrict-dwarf -ffreestanding -fmacro-prefix-map=/shim-build/shim-16.1/= -fno-stack-protector -fno-strict-aliasing -fpic -fshort-wchar -nostdinc -Os -Wall -Wextra -Wno-missing-field-initializers -Wno-empty-body -Wno-implicit-fallthrough -Wno-old-style-declaration -Wno-unused-but-set-variable -Wno-unused-parameter -Werror -Wno-error=unused-but-set-variable -Wno-error=unused-parameter -I/shim-build/shim-16.1/Cryptlib/OpenSSL -I/shim-build/shim-16.1/Cryptlib -I/shim-build/shim-16.1/Cryptlib/OpenSSL/Include/ -I/shim-build/shim-16.1/Cryptlib/OpenSSL/crypto -I/shim-build/shim-16.1/Cryptlib/Include -I/shim-build/shim-16.1/gnu-efi/inc -I/shim-build/shim-16.1/gnu-efi/inc/aarch64 -I/shim-build/shim-16.1/gnu-efi/inc/protocol -I/shim-build/shim-16.1/Cryptlib/OpenSSL/crypto/asn1 -I/shim-build/shim-16.1/Cryptlib/OpenSSL/crypto/evp -I/shim-build/shim-16.1/Cryptlib/OpenSSL/crypto/modes -I/shim-build/shim-16.1/Cryptlib/OpenSSL/crypto/include -isystem /shim-build/shim-16.1/include/system -isystem /usr/lib/gcc-cross/aarch64-linux-gnu/11/include -DL_ENDIAN -D_CRT_SECURE_NO_DEPRECATE -D_CRT_NONSTDC_NO_DEPRECATE -DOPENSSL_SMALL_FOOTPRINT -DPEDANTIC -DMDE_CPU_AARCH64   -c -o crypto/asn1/t_pkey.o /shim-build/shim-16.1/Cryptlib/OpenSSL/crypto/asn1/t_pkey.c
#14 120.2 aarch64-linux-gnu-gcc -std=gnu11 -ggdb -gdwarf-4 -gstrict-dwarf -ffreestanding -fmacro-prefix-map=/shim-build/shim-16.1/= -fno-stack-protector -fno-strict-aliasing -fpic -fshort-wchar -nostdinc -Os -Wall -Wextra -Wno-missing-field-initializers -Wno-empty-body -Wno-implicit-fallthrough -Wno-old-style-declaration -Wno-unused-but-set-variable -Wno-unused-parameter -Werror -Wno-error=unused-but-set-variable -Wno-error=unused-parameter -I/shim-build/shim-16.1/Cryptlib/OpenSSL -I/shim-build/shim-16.1/Cryptlib -I/shim-build/shim-16.1/Cryptlib/OpenSSL/Include/ -I/shim-build/shim-16.1/Cryptlib/OpenSSL/crypto -I/shim-build/shim-16.1/Cryptlib/Include -I/shim-build/shim-16.1/gnu-efi/inc -I/shim-build/shim-16.1/gnu-efi/inc/aarch64 -I/shim-build/shim-16.1/gnu-efi/inc/protocol -I/shim-build/shim-16.1/Cryptlib/OpenSSL/crypto/asn1 -I/shim-build/shim-16.1/Cryptlib/OpenSSL/crypto/evp -I/shim-build/shim-16.1/Cryptlib/OpenSSL/crypto/modes -I/shim-build/shim-16.1/Cryptlib/OpenSSL/crypto/include -isystem /shim-build/shim-16.1/include/system -isystem /usr/lib/gcc-cross/aarch64-linux-gnu/11/include -DL_ENDIAN -D_CRT_SECURE_NO_DEPRECATE -D_CRT_NONSTDC_NO_DEPRECATE -DOPENSSL_SMALL_FOOTPRINT -DPEDANTIC -DMDE_CPU_AARCH64   -c -o crypto/asn1/t_spki.o /shim-build/shim-16.1/Cryptlib/OpenSSL/crypto/asn1/t_spki.c
#14 120.6 aarch64-linux-gnu-gcc -std=gnu11 -ggdb -gdwarf-4 -gstrict-dwarf -ffreestanding -fmacro-prefix-map=/shim-build/shim-16.1/= -fno-stack-protector -fno-strict-aliasing -fpic -fshort-wchar -nostdinc -Os -Wall -Wextra -Wno-missing-field-initializers -Wno-empty-body -Wno-implicit-fallthrough -Wno-old-style-declaration -Wno-unused-but-set-variable -Wno-unused-parameter -Werror -Wno-error=unused-but-set-variable -Wno-error=unused-parameter -I/shim-build/shim-16.1/Cryptlib/OpenSSL -I/shim-build/shim-16.1/Cryptlib -I/shim-build/shim-16.1/Cryptlib/OpenSSL/Include/ -I/shim-build/shim-16.1/Cryptlib/OpenSSL/crypto -I/shim-build/shim-16.1/Cryptlib/Include -I/shim-build/shim-16.1/gnu-efi/inc -I/shim-build/shim-16.1/gnu-efi/inc/aarch64 -I/shim-build/shim-16.1/gnu-efi/inc/protocol -I/shim-build/shim-16.1/Cryptlib/OpenSSL/crypto/asn1 -I/shim-build/shim-16.1/Cryptlib/OpenSSL/crypto/evp -I/shim-build/shim-16.1/Cryptlib/OpenSSL/crypto/modes -I/shim-build/shim-16.1/Cryptlib/OpenSSL/crypto/include -isystem /shim-build/shim-16.1/include/system -isystem /usr/lib/gcc-cross/aarch64-linux-gnu/11/include -DL_ENDIAN -D_CRT_SECURE_NO_DEPRECATE -D_CRT_NONSTDC_NO_DEPRECATE -DOPENSSL_SMALL_FOOTPRINT -DPEDANTIC -DMDE_CPU_AARCH64   -c -o crypto/asn1/t_bitst.o /shim-build/shim-16.1/Cryptlib/OpenSSL/crypto/asn1/t_bitst.c
#14 121.0 aarch64-linux-gnu-gcc -std=gnu11 -ggdb -gdwarf-4 -gstrict-dwarf -ffreestanding -fmacro-prefix-map=/shim-build/shim-16.1/= -fno-stack-protector -fno-strict-aliasing -fpic -fshort-wchar -nostdinc -Os -Wall -Wextra -Wno-missing-field-initializers -Wno-empty-body -Wno-implicit-fallthrough -Wno-old-style-declaration -Wno-unused-but-set-variable -Wno-unused-parameter -Werror -Wno-error=unused-but-set-variable -Wno-error=unused-parameter -I/shim-build/shim-16.1/Cryptlib/OpenSSL -I/shim-build/shim-16.1/Cryptlib -I/shim-build/shim-16.1/Cryptlib/OpenSSL/Include/ -I/shim-build/shim-16.1/Cryptlib/OpenSSL/crypto -I/shim-build/shim-16.1/Cryptlib/Include -I/shim-build/shim-16.1/gnu-efi/inc -I/shim-build/shim-16.1/gnu-efi/inc/aarch64 -I/shim-build/shim-16.1/gnu-efi/inc/protocol -I/shim-build/shim-16.1/Cryptlib/OpenSSL/crypto/asn1 -I/shim-build/shim-16.1/Cryptlib/OpenSSL/crypto/evp -I/shim-build/shim-16.1/Cryptlib/OpenSSL/crypto/modes -I/shim-build/shim-16.1/Cryptlib/OpenSSL/crypto/include -isystem /shim-build/shim-16.1/include/system -isystem /usr/lib/gcc-cross/aarch64-linux-gnu/11/include -DL_ENDIAN -D_CRT_SECURE_NO_DEPRECATE -D_CRT_NONSTDC_NO_DEPRECATE -DOPENSSL_SMALL_FOOTPRINT -DPEDANTIC -DMDE_CPU_AARCH64   -c -o crypto/asn1/tasn_new.o /shim-build/shim-16.1/Cryptlib/OpenSSL/crypto/asn1/tasn_new.c
#14 121.5 aarch64-linux-gnu-gcc -std=gnu11 -ggdb -gdwarf-4 -gstrict-dwarf -ffreestanding -fmacro-prefix-map=/shim-build/shim-16.1/= -fno-stack-protector -fno-strict-aliasing -fpic -fshort-wchar -nostdinc -Os -Wall -Wextra -Wno-missing-field-initializers -Wno-empty-body -Wno-implicit-fallthrough -Wno-old-style-declaration -Wno-unused-but-set-variable -Wno-unused-parameter -Werror -Wno-error=unused-but-set-variable -Wno-error=unused-parameter -I/shim-build/shim-16.1/Cryptlib/OpenSSL -I/shim-build/shim-16.1/Cryptlib -I/shim-build/shim-16.1/Cryptlib/OpenSSL/Include/ -I/shim-build/shim-16.1/Cryptlib/OpenSSL/crypto -I/shim-build/shim-16.1/Cryptlib/Include -I/shim-build/shim-16.1/gnu-efi/inc -I/shim-build/shim-16.1/gnu-efi/inc/aarch64 -I/shim-build/shim-16.1/gnu-efi/inc/protocol -I/shim-build/shim-16.1/Cryptlib/OpenSSL/crypto/asn1 -I/shim-build/shim-16.1/Cryptlib/OpenSSL/crypto/evp -I/shim-build/shim-16.1/Cryptlib/OpenSSL/crypto/modes -I/shim-build/shim-16.1/Cryptlib/OpenSSL/crypto/include -isystem /shim-build/shim-16.1/include/system -isystem /usr/lib/gcc-cross/aarch64-linux-gnu/11/include -DL_ENDIAN -D_CRT_SECURE_NO_DEPRECATE -D_CRT_NONSTDC_NO_DEPRECATE -DOPENSSL_SMALL_FOOTPRINT -DPEDANTIC -DMDE_CPU_AARCH64   -c -o crypto/asn1/tasn_fre.o /shim-build/shim-16.1/Cryptlib/OpenSSL/crypto/asn1/tasn_fre.c
#14 122.0 aarch64-linux-gnu-gcc -std=gnu11 -ggdb -gdwarf-4 -gstrict-dwarf -ffreestanding -fmacro-prefix-map=/shim-build/shim-16.1/= -fno-stack-protector -fno-strict-aliasing -fpic -fshort-wchar -nostdinc -Os -Wall -Wextra -Wno-missing-field-initializers -Wno-empty-body -Wno-implicit-fallthrough -Wno-old-style-declaration -Wno-unused-but-set-variable -Wno-unused-parameter -Werror -Wno-error=unused-but-set-variable -Wno-error=unused-parameter -I/shim-build/shim-16.1/Cryptlib/OpenSSL -I/shim-build/shim-16.1/Cryptlib -I/shim-build/shim-16.1/Cryptlib/OpenSSL/Include/ -I/shim-build/shim-16.1/Cryptlib/OpenSSL/crypto -I/shim-build/shim-16.1/Cryptlib/Include -I/shim-build/shim-16.1/gnu-efi/inc -I/shim-build/shim-16.1/gnu-efi/inc/aarch64 -I/shim-build/shim-16.1/gnu-efi/inc/protocol -I/shim-build/shim-16.1/Cryptlib/OpenSSL/crypto/asn1 -I/shim-build/shim-16.1/Cryptlib/OpenSSL/crypto/evp -I/shim-build/shim-16.1/Cryptlib/OpenSSL/crypto/modes -I/shim-build/shim-16.1/Cryptlib/OpenSSL/crypto/include -isystem /shim-build/shim-16.1/include/system -isystem /usr/lib/gcc-cross/aarch64-linux-gnu/11/include -DL_ENDIAN -D_CRT_SECURE_NO_DEPRECATE -D_CRT_NONSTDC_NO_DEPRECATE -DOPENSSL_SMALL_FOOTPRINT -DPEDANTIC -DMDE_CPU_AARCH64   -c -o crypto/asn1/tasn_enc.o /shim-build/shim-16.1/Cryptlib/OpenSSL/crypto/asn1/tasn_enc.c
#14 122.5 aarch64-linux-gnu-gcc -std=gnu11 -ggdb -gdwarf-4 -gstrict-dwarf -ffreestanding -fmacro-prefix-map=/shim-build/shim-16.1/= -fno-stack-protector -fno-strict-aliasing -fpic -fshort-wchar -nostdinc -Os -Wall -Wextra -Wno-missing-field-initializers -Wno-empty-body -Wno-implicit-fallthrough -Wno-old-style-declaration -Wno-unused-but-set-variable -Wno-unused-parameter -Werror -Wno-error=unused-but-set-variable -Wno-error=unused-parameter -I/shim-build/shim-16.1/Cryptlib/OpenSSL -I/shim-build/shim-16.1/Cryptlib -I/shim-build/shim-16.1/Cryptlib/OpenSSL/Include/ -I/shim-build/shim-16.1/Cryptlib/OpenSSL/crypto -I/shim-build/shim-16.1/Cryptlib/Include -I/shim-build/shim-16.1/gnu-efi/inc -I/shim-build/shim-16.1/gnu-efi/inc/aarch64 -I/shim-build/shim-16.1/gnu-efi/inc/protocol -I/shim-build/shim-16.1/Cryptlib/OpenSSL/crypto/asn1 -I/shim-build/shim-16.1/Cryptlib/OpenSSL/crypto/evp -I/shim-build/shim-16.1/Cryptlib/OpenSSL/crypto/modes -I/shim-build/shim-16.1/Cryptlib/OpenSSL/crypto/include -isystem /shim-build/shim-16.1/include/system -isystem /usr/lib/gcc-cross/aarch64-linux-gnu/11/include -DL_ENDIAN -D_CRT_SECURE_NO_DEPRECATE -D_CRT_NONSTDC_NO_DEPRECATE -DOPENSSL_SMALL_FOOTPRINT -DPEDANTIC -DMDE_CPU_AARCH64   -c -o crypto/asn1/tasn_dec.o /shim-build/shim-16.1/Cryptlib/OpenSSL/crypto/asn1/tasn_dec.c
#14 123.2 aarch64-linux-gnu-gcc -std=gnu11 -ggdb -gdwarf-4 -gstrict-dwarf -ffreestanding -fmacro-prefix-map=/shim-build/shim-16.1/= -fno-stack-protector -fno-strict-aliasing -fpic -fshort-wchar -nostdinc -Os -Wall -Wextra -Wno-missing-field-initializers -Wno-empty-body -Wno-implicit-fallthrough -Wno-old-style-declaration -Wno-unused-but-set-variable -Wno-unused-parameter -Werror -Wno-error=unused-but-set-variable -Wno-error=unused-parameter -I/shim-build/shim-16.1/Cryptlib/OpenSSL -I/shim-build/shim-16.1/Cryptlib -I/shim-build/shim-16.1/Cryptlib/OpenSSL/Include/ -I/shim-build/shim-16.1/Cryptlib/OpenSSL/crypto -I/shim-build/shim-16.1/Cryptlib/Include -I/shim-build/shim-16.1/gnu-efi/inc -I/shim-build/shim-16.1/gnu-efi/inc/aarch64 -I/shim-build/shim-16.1/gnu-efi/inc/protocol -I/shim-build/shim-16.1/Cryptlib/OpenSSL/crypto/asn1 -I/shim-build/shim-16.1/Cryptlib/OpenSSL/crypto/evp -I/shim-build/shim-16.1/Cryptlib/OpenSSL/crypto/modes -I/shim-build/shim-16.1/Cryptlib/OpenSSL/crypto/include -isystem /shim-build/shim-16.1/include/system -isystem /usr/lib/gcc-cross/aarch64-linux-gnu/11/include -DL_ENDIAN -D_CRT_SECURE_NO_DEPRECATE -D_CRT_NONSTDC_NO_DEPRECATE -DOPENSSL_SMALL_FOOTPRINT -DPEDANTIC -DMDE_CPU_AARCH64   -c -o crypto/asn1/tasn_utl.o /shim-build/shim-16.1/Cryptlib/OpenSSL/crypto/asn1/tasn_utl.c
#14 123.6 aarch64-linux-gnu-gcc -std=gnu11 -ggdb -gdwarf-4 -gstrict-dwarf -ffreestanding -fmacro-prefix-map=/shim-build/shim-16.1/= -fno-stack-protector -fno-strict-aliasing -fpic -fshort-wchar -nostdinc -Os -Wall -Wextra -Wno-missing-field-initializers -Wno-empty-body -Wno-implicit-fallthrough -Wno-old-style-declaration -Wno-unused-but-set-variable -Wno-unused-parameter -Werror -Wno-error=unused-but-set-variable -Wno-error=unused-parameter -I/shim-build/shim-16.1/Cryptlib/OpenSSL -I/shim-build/shim-16.1/Cryptlib -I/shim-build/shim-16.1/Cryptlib/OpenSSL/Include/ -I/shim-build/shim-16.1/Cryptlib/OpenSSL/crypto -I/shim-build/shim-16.1/Cryptlib/Include -I/shim-build/shim-16.1/gnu-efi/inc -I/shim-build/shim-16.1/gnu-efi/inc/aarch64 -I/shim-build/shim-16.1/gnu-efi/inc/protocol -I/shim-build/shim-16.1/Cryptlib/OpenSSL/crypto/asn1 -I/shim-build/shim-16.1/Cryptlib/OpenSSL/crypto/evp -I/shim-build/shim-16.1/Cryptlib/OpenSSL/crypto/modes -I/shim-build/shim-16.1/Cryptlib/OpenSSL/crypto/include -isystem /shim-build/shim-16.1/include/system -isystem /usr/lib/gcc-cross/aarch64-linux-gnu/11/include -DL_ENDIAN -D_CRT_SECURE_NO_DEPRECATE -D_CRT_NONSTDC_NO_DEPRECATE -DOPENSSL_SMALL_FOOTPRINT -DPEDANTIC -DMDE_CPU_AARCH64   -c -o crypto/asn1/tasn_typ.o /shim-build/shim-16.1/Cryptlib/OpenSSL/crypto/asn1/tasn_typ.c
#14 123.9 aarch64-linux-gnu-gcc -std=gnu11 -ggdb -gdwarf-4 -gstrict-dwarf -ffreestanding -fmacro-prefix-map=/shim-build/shim-16.1/= -fno-stack-protector -fno-strict-aliasing -fpic -fshort-wchar -nostdinc -Os -Wall -Wextra -Wno-missing-field-initializers -Wno-empty-body -Wno-implicit-fallthrough -Wno-old-style-declaration -Wno-unused-but-set-variable -Wno-unused-parameter -Werror -Wno-error=unused-but-set-variable -Wno-error=unused-parameter -I/shim-build/shim-16.1/Cryptlib/OpenSSL -I/shim-build/shim-16.1/Cryptlib -I/shim-build/shim-16.1/Cryptlib/OpenSSL/Include/ -I/shim-build/shim-16.1/Cryptlib/OpenSSL/crypto -I/shim-build/shim-16.1/Cryptlib/Include -I/shim-build/shim-16.1/gnu-efi/inc -I/shim-build/shim-16.1/gnu-efi/inc/aarch64 -I/shim-build/shim-16.1/gnu-efi/inc/protocol -I/shim-build/shim-16.1/Cryptlib/OpenSSL/crypto/asn1 -I/shim-build/shim-16.1/Cryptlib/OpenSSL/crypto/evp -I/shim-build/shim-16.1/Cryptlib/OpenSSL/crypto/modes -I/shim-build/shim-16.1/Cryptlib/OpenSSL/crypto/include -isystem /shim-build/shim-16.1/include/system -isystem /usr/lib/gcc-cross/aarch64-linux-gnu/11/include -DL_ENDIAN -D_CRT_SECURE_NO_DEPRECATE -D_CRT_NONSTDC_NO_DEPRECATE -DOPENSSL_SMALL_FOOTPRINT -DPEDANTIC -DMDE_CPU_AARCH64   -c -o crypto/asn1/tasn_prn.o /shim-build/shim-16.1/Cryptlib/OpenSSL/crypto/asn1/tasn_prn.c
#14 124.5 aarch64-linux-gnu-gcc -std=gnu11 -ggdb -gdwarf-4 -gstrict-dwarf -ffreestanding -fmacro-prefix-map=/shim-build/shim-16.1/= -fno-stack-protector -fno-strict-aliasing -fpic -fshort-wchar -nostdinc -Os -Wall -Wextra -Wno-missing-field-initializers -Wno-empty-body -Wno-implicit-fallthrough -Wno-old-style-declaration -Wno-unused-but-set-variable -Wno-unused-parameter -Werror -Wno-error=unused-but-set-variable -Wno-error=unused-parameter -I/shim-build/shim-16.1/Cryptlib/OpenSSL -I/shim-build/shim-16.1/Cryptlib -I/shim-build/shim-16.1/Cryptlib/OpenSSL/Include/ -I/shim-build/shim-16.1/Cryptlib/OpenSSL/crypto -I/shim-build/shim-16.1/Cryptlib/Include -I/shim-build/shim-16.1/gnu-efi/inc -I/shim-build/shim-16.1/gnu-efi/inc/aarch64 -I/shim-build/shim-16.1/gnu-efi/inc/protocol -I/shim-build/shim-16.1/Cryptlib/OpenSSL/crypto/asn1 -I/shim-build/shim-16.1/Cryptlib/OpenSSL/crypto/evp -I/shim-build/shim-16.1/Cryptlib/OpenSSL/crypto/modes -I/shim-build/shim-16.1/Cryptlib/OpenSSL/crypto/include -isystem /shim-build/shim-16.1/include/system -isystem /usr/lib/gcc-cross/aarch64-linux-gnu/11/include -DL_ENDIAN -D_CRT_SECURE_NO_DEPRECATE -D_CRT_NONSTDC_NO_DEPRECATE -DOPENSSL_SMALL_FOOTPRINT -DPEDANTIC -DMDE_CPU_AARCH64   -c -o crypto/asn1/ameth_lib.o /shim-build/shim-16.1/Cryptlib/OpenSSL/crypto/asn1/ameth_lib.c
#14 125.0 aarch64-linux-gnu-gcc -std=gnu11 -ggdb -gdwarf-4 -gstrict-dwarf -ffreestanding -fmacro-prefix-map=/shim-build/shim-16.1/= -fno-stack-protector -fno-strict-aliasing -fpic -fshort-wchar -nostdinc -Os -Wall -Wextra -Wno-missing-field-initializers -Wno-empty-body -Wno-implicit-fallthrough -Wno-old-style-declaration -Wno-unused-but-set-variable -Wno-unused-parameter -Werror -Wno-error=unused-but-set-variable -Wno-error=unused-parameter -I/shim-build/shim-16.1/Cryptlib/OpenSSL -I/shim-build/shim-16.1/Cryptlib -I/shim-build/shim-16.1/Cryptlib/OpenSSL/Include/ -I/shim-build/shim-16.1/Cryptlib/OpenSSL/crypto -I/shim-build/shim-16.1/Cryptlib/Include -I/shim-build/shim-16.1/gnu-efi/inc -I/shim-build/shim-16.1/gnu-efi/inc/aarch64 -I/shim-build/shim-16.1/gnu-efi/inc/protocol -I/shim-build/shim-16.1/Cryptlib/OpenSSL/crypto/asn1 -I/shim-build/shim-16.1/Cryptlib/OpenSSL/crypto/evp -I/shim-build/shim-16.1/Cryptlib/OpenSSL/crypto/modes -I/shim-build/shim-16.1/Cryptlib/OpenSSL/crypto/include -isystem /shim-build/shim-16.1/include/system -isystem /usr/lib/gcc-cross/aarch64-linux-gnu/11/include -DL_ENDIAN -D_CRT_SECURE_NO_DEPRECATE -D_CRT_NONSTDC_NO_DEPRECATE -DOPENSSL_SMALL_FOOTPRINT -DPEDANTIC -DMDE_CPU_AARCH64   -c -o crypto/asn1/f_int.o /shim-build/shim-16.1/Cryptlib/OpenSSL/crypto/asn1/f_int.c
#14 125.5 aarch64-linux-gnu-gcc -std=gnu11 -ggdb -gdwarf-4 -gstrict-dwarf -ffreestanding -fmacro-prefix-map=/shim-build/shim-16.1/= -fno-stack-protector -fno-strict-aliasing -fpic -fshort-wchar -nostdinc -Os -Wall -Wextra -Wno-missing-field-initializers -Wno-empty-body -Wno-implicit-fallthrough -Wno-old-style-declaration -Wno-unused-but-set-variable -Wno-unused-parameter -Werror -Wno-error=unused-but-set-variable -Wno-error=unused-parameter -I/shim-build/shim-16.1/Cryptlib/OpenSSL -I/shim-build/shim-16.1/Cryptlib -I/shim-build/shim-16.1/Cryptlib/OpenSSL/Include/ -I/shim-build/shim-16.1/Cryptlib/OpenSSL/crypto -I/shim-build/shim-16.1/Cryptlib/Include -I/shim-build/shim-16.1/gnu-efi/inc -I/shim-build/shim-16.1/gnu-efi/inc/aarch64 -I/shim-build/shim-16.1/gnu-efi/inc/protocol -I/shim-build/shim-16.1/Cryptlib/OpenSSL/crypto/asn1 -I/shim-build/shim-16.1/Cryptlib/OpenSSL/crypto/evp -I/shim-build/shim-16.1/Cryptlib/OpenSSL/crypto/modes -I/shim-build/shim-16.1/Cryptlib/OpenSSL/crypto/include -isystem /shim-build/shim-16.1/include/system -isystem /usr/lib/gcc-cross/aarch64-linux-gnu/11/include -DL_ENDIAN -D_CRT_SECURE_NO_DEPRECATE -D_CRT_NONSTDC_NO_DEPRECATE -DOPENSSL_SMALL_FOOTPRINT -DPEDANTIC -DMDE_CPU_AARCH64   -c -o crypto/asn1/f_string.o /shim-build/shim-16.1/Cryptlib/OpenSSL/crypto/asn1/f_string.c
#14 126.0 aarch64-linux-gnu-gcc -std=gnu11 -ggdb -gdwarf-4 -gstrict-dwarf -ffreestanding -fmacro-prefix-map=/shim-build/shim-16.1/= -fno-stack-protector -fno-strict-aliasing -fpic -fshort-wchar -nostdinc -Os -Wall -Wextra -Wno-missing-field-initializers -Wno-empty-body -Wno-implicit-fallthrough -Wno-old-style-declaration -Wno-unused-but-set-variable -Wno-unused-parameter -Werror -Wno-error=unused-but-set-variable -Wno-error=unused-parameter -I/shim-build/shim-16.1/Cryptlib/OpenSSL -I/shim-build/shim-16.1/Cryptlib -I/shim-build/shim-16.1/Cryptlib/OpenSSL/Include/ -I/shim-build/shim-16.1/Cryptlib/OpenSSL/crypto -I/shim-build/shim-16.1/Cryptlib/Include -I/shim-build/shim-16.1/gnu-efi/inc -I/shim-build/shim-16.1/gnu-efi/inc/aarch64 -I/shim-build/shim-16.1/gnu-efi/inc/protocol -I/shim-build/shim-16.1/Cryptlib/OpenSSL/crypto/asn1 -I/shim-build/shim-16.1/Cryptlib/OpenSSL/crypto/evp -I/shim-build/shim-16.1/Cryptlib/OpenSSL/crypto/modes -I/shim-build/shim-16.1/Cryptlib/OpenSSL/crypto/include -isystem /shim-build/shim-16.1/include/system -isystem /usr/lib/gcc-cross/aarch64-linux-gnu/11/include -DL_ENDIAN -D_CRT_SECURE_NO_DEPRECATE -D_CRT_NONSTDC_NO_DEPRECATE -DOPENSSL_SMALL_FOOTPRINT -DPEDANTIC -DMDE_CPU_AARCH64   -c -o crypto/asn1/n_pkey.o /shim-build/shim-16.1/Cryptlib/OpenSSL/crypto/asn1/n_pkey.c
#14 126.4 aarch64-linux-gnu-gcc -std=gnu11 -ggdb -gdwarf-4 -gstrict-dwarf -ffreestanding -fmacro-prefix-map=/shim-build/shim-16.1/= -fno-stack-protector -fno-strict-aliasing -fpic -fshort-wchar -nostdinc -Os -Wall -Wextra -Wno-missing-field-initializers -Wno-empty-body -Wno-implicit-fallthrough -Wno-old-style-declaration -Wno-unused-but-set-variable -Wno-unused-parameter -Werror -Wno-error=unused-but-set-variable -Wno-error=unused-parameter -I/shim-build/shim-16.1/Cryptlib/OpenSSL -I/shim-build/shim-16.1/Cryptlib -I/shim-build/shim-16.1/Cryptlib/OpenSSL/Include/ -I/shim-build/shim-16.1/Cryptlib/OpenSSL/crypto -I/shim-build/shim-16.1/Cryptlib/Include -I/shim-build/shim-16.1/gnu-efi/inc -I/shim-build/shim-16.1/gnu-efi/inc/aarch64 -I/shim-build/shim-16.1/gnu-efi/inc/protocol -I/shim-build/shim-16.1/Cryptlib/OpenSSL/crypto/asn1 -I/shim-build/shim-16.1/Cryptlib/OpenSSL/crypto/evp -I/shim-build/shim-16.1/Cryptlib/OpenSSL/crypto/modes -I/shim-build/shim-16.1/Cryptlib/OpenSSL/crypto/include -isystem /shim-build/shim-16.1/include/system -isystem /usr/lib/gcc-cross/aarch64-linux-gnu/11/include -DL_ENDIAN -D_CRT_SECURE_NO_DEPRECATE -D_CRT_NONSTDC_NO_DEPRECATE -DOPENSSL_SMALL_FOOTPRINT -DPEDANTIC -DMDE_CPU_AARCH64   -c -o crypto/asn1/f_enum.o /shim-build/shim-16.1/Cryptlib/OpenSSL/crypto/asn1/f_enum.c
#14 126.9 aarch64-linux-gnu-gcc -std=gnu11 -ggdb -gdwarf-4 -gstrict-dwarf -ffreestanding -fmacro-prefix-map=/shim-build/shim-16.1/= -fno-stack-protector -fno-strict-aliasing -fpic -fshort-wchar -nostdinc -Os -Wall -Wextra -Wno-missing-field-initializers -Wno-empty-body -Wno-implicit-fallthrough -Wno-old-style-declaration -Wno-unused-but-set-variable -Wno-unused-parameter -Werror -Wno-error=unused-but-set-variable -Wno-error=unused-parameter -I/shim-build/shim-16.1/Cryptlib/OpenSSL -I/shim-build/shim-16.1/Cryptlib -I/shim-build/shim-16.1/Cryptlib/OpenSSL/Include/ -I/shim-build/shim-16.1/Cryptlib/OpenSSL/crypto -I/shim-build/shim-16.1/Cryptlib/Include -I/shim-build/shim-16.1/gnu-efi/inc -I/shim-build/shim-16.1/gnu-efi/inc/aarch64 -I/shim-build/shim-16.1/gnu-efi/inc/protocol -I/shim-build/shim-16.1/Cryptlib/OpenSSL/crypto/asn1 -I/shim-build/shim-16.1/Cryptlib/OpenSSL/crypto/evp -I/shim-build/shim-16.1/Cryptlib/OpenSSL/crypto/modes -I/shim-build/shim-16.1/Cryptlib/OpenSSL/crypto/include -isystem /shim-build/shim-16.1/include/system -isystem /usr/lib/gcc-cross/aarch64-linux-gnu/11/include -DL_ENDIAN -D_CRT_SECURE_NO_DEPRECATE -D_CRT_NONSTDC_NO_DEPRECATE -DOPENSSL_SMALL_FOOTPRINT -DPEDANTIC -DMDE_CPU_AARCH64   -c -o crypto/asn1/x_pkey.o /shim-build/shim-16.1/Cryptlib/OpenSSL/crypto/asn1/x_pkey.c
#14 127.3 aarch64-linux-gnu-gcc -std=gnu11 -ggdb -gdwarf-4 -gstrict-dwarf -ffreestanding -fmacro-prefix-map=/shim-build/shim-16.1/= -fno-stack-protector -fno-strict-aliasing -fpic -fshort-wchar -nostdinc -Os -Wall -Wextra -Wno-missing-field-initializers -Wno-empty-body -Wno-implicit-fallthrough -Wno-old-style-declaration -Wno-unused-but-set-variable -Wno-unused-parameter -Werror -Wno-error=unused-but-set-variable -Wno-error=unused-parameter -I/shim-build/shim-16.1/Cryptlib/OpenSSL -I/shim-build/shim-16.1/Cryptlib -I/shim-build/shim-16.1/Cryptlib/OpenSSL/Include/ -I/shim-build/shim-16.1/Cryptlib/OpenSSL/crypto -I/shim-build/shim-16.1/Cryptlib/Include -I/shim-build/shim-16.1/gnu-efi/inc -I/shim-build/shim-16.1/gnu-efi/inc/aarch64 -I/shim-build/shim-16.1/gnu-efi/inc/protocol -I/shim-build/shim-16.1/Cryptlib/OpenSSL/crypto/asn1 -I/shim-build/shim-16.1/Cryptlib/OpenSSL/crypto/evp -I/shim-build/shim-16.1/Cryptlib/OpenSSL/crypto/modes -I/shim-build/shim-16.1/Cryptlib/OpenSSL/crypto/include -isystem /shim-build/shim-16.1/include/system -isystem /usr/lib/gcc-cross/aarch64-linux-gnu/11/include -DL_ENDIAN -D_CRT_SECURE_NO_DEPRECATE -D_CRT_NONSTDC_NO_DEPRECATE -DOPENSSL_SMALL_FOOTPRINT -DPEDANTIC -DMDE_CPU_AARCH64   -c -o crypto/asn1/a_bool.o /shim-build/shim-16.1/Cryptlib/OpenSSL/crypto/asn1/a_bool.c
#14 127.7 aarch64-linux-gnu-gcc -std=gnu11 -ggdb -gdwarf-4 -gstrict-dwarf -ffreestanding -fmacro-prefix-map=/shim-build/shim-16.1/= -fno-stack-protector -fno-strict-aliasing -fpic -fshort-wchar -nostdinc -Os -Wall -Wextra -Wno-missing-field-initializers -Wno-empty-body -Wno-implicit-fallthrough -Wno-old-style-declaration -Wno-unused-but-set-variable -Wno-unused-parameter -Werror -Wno-error=unused-but-set-variable -Wno-error=unused-parameter -I/shim-build/shim-16.1/Cryptlib/OpenSSL -I/shim-build/shim-16.1/Cryptlib -I/shim-build/shim-16.1/Cryptlib/OpenSSL/Include/ -I/shim-build/shim-16.1/Cryptlib/OpenSSL/crypto -I/shim-build/shim-16.1/Cryptlib/Include -I/shim-build/shim-16.1/gnu-efi/inc -I/shim-build/shim-16.1/gnu-efi/inc/aarch64 -I/shim-build/shim-16.1/gnu-efi/inc/protocol -I/shim-build/shim-16.1/Cryptlib/OpenSSL/crypto/asn1 -I/shim-build/shim-16.1/Cryptlib/OpenSSL/crypto/evp -I/shim-build/shim-16.1/Cryptlib/OpenSSL/crypto/modes -I/shim-build/shim-16.1/Cryptlib/OpenSSL/crypto/include -isystem /shim-build/shim-16.1/include/system -isystem /usr/lib/gcc-cross/aarch64-linux-gnu/11/include -DL_ENDIAN -D_CRT_SECURE_NO_DEPRECATE -D_CRT_NONSTDC_NO_DEPRECATE -DOPENSSL_SMALL_FOOTPRINT -DPEDANTIC -DMDE_CPU_AARCH64   -c -o crypto/asn1/x_exten.o /shim-build/shim-16.1/Cryptlib/OpenSSL/crypto/asn1/x_exten.c
#14 128.0 aarch64-linux-gnu-gcc -std=gnu11 -ggdb -gdwarf-4 -gstrict-dwarf -ffreestanding -fmacro-prefix-map=/shim-build/shim-16.1/= -fno-stack-protector -fno-strict-aliasing -fpic -fshort-wchar -nostdinc -Os -Wall -Wextra -Wno-missing-field-initializers -Wno-empty-body -Wno-implicit-fallthrough -Wno-old-style-declaration -Wno-unused-but-set-variable -Wno-unused-parameter -Werror -Wno-error=unused-but-set-variable -Wno-error=unused-parameter -I/shim-build/shim-16.1/Cryptlib/OpenSSL -I/shim-build/shim-16.1/Cryptlib -I/shim-build/shim-16.1/Cryptlib/OpenSSL/Include/ -I/shim-build/shim-16.1/Cryptlib/OpenSSL/crypto -I/shim-build/shim-16.1/Cryptlib/Include -I/shim-build/shim-16.1/gnu-efi/inc -I/shim-build/shim-16.1/gnu-efi/inc/aarch64 -I/shim-build/shim-16.1/gnu-efi/inc/protocol -I/shim-build/shim-16.1/Cryptlib/OpenSSL/crypto/asn1 -I/shim-build/shim-16.1/Cryptlib/OpenSSL/crypto/evp -I/shim-build/shim-16.1/Cryptlib/OpenSSL/crypto/modes -I/shim-build/shim-16.1/Cryptlib/OpenSSL/crypto/include -isystem /shim-build/shim-16.1/include/system -isystem /usr/lib/gcc-cross/aarch64-linux-gnu/11/include -DL_ENDIAN -D_CRT_SECURE_NO_DEPRECATE -D_CRT_NONSTDC_NO_DEPRECATE -DOPENSSL_SMALL_FOOTPRINT -DPEDANTIC -DMDE_CPU_AARCH64   -c -o crypto/asn1/bio_asn1.o /shim-build/shim-16.1/Cryptlib/OpenSSL/crypto/asn1/bio_asn1.c
#14 128.5 aarch64-linux-gnu-gcc -std=gnu11 -ggdb -gdwarf-4 -gstrict-dwarf -ffreestanding -fmacro-prefix-map=/shim-build/shim-16.1/= -fno-stack-protector -fno-strict-aliasing -fpic -fshort-wchar -nostdinc -Os -Wall -Wextra -Wno-missing-field-initializers -Wno-empty-body -Wno-implicit-fallthrough -Wno-old-style-declaration -Wno-unused-but-set-variable -Wno-unused-parameter -Werror -Wno-error=unused-but-set-variable -Wno-error=unused-parameter -I/shim-build/shim-16.1/Cryptlib/OpenSSL -I/shim-build/shim-16.1/Cryptlib -I/shim-build/shim-16.1/Cryptlib/OpenSSL/Include/ -I/shim-build/shim-16.1/Cryptlib/OpenSSL/crypto -I/shim-build/shim-16.1/Cryptlib/Include -I/shim-build/shim-16.1/gnu-efi/inc -I/shim-build/shim-16.1/gnu-efi/inc/aarch64 -I/shim-build/shim-16.1/gnu-efi/inc/protocol -I/shim-build/shim-16.1/Cryptlib/OpenSSL/crypto/asn1 -I/shim-build/shim-16.1/Cryptlib/OpenSSL/crypto/evp -I/shim-build/shim-16.1/Cryptlib/OpenSSL/crypto/modes -I/shim-build/shim-16.1/Cryptlib/OpenSSL/crypto/include -isystem /shim-build/shim-16.1/include/system -isystem /usr/lib/gcc-cross/aarch64-linux-gnu/11/include -DL_ENDIAN -D_CRT_SECURE_NO_DEPRECATE -D_CRT_NONSTDC_NO_DEPRECATE -DOPENSSL_SMALL_FOOTPRINT -DPEDANTIC -DMDE_CPU_AARCH64   -c -o crypto/asn1/bio_ndef.o /shim-build/shim-16.1/Cryptlib/OpenSSL/crypto/asn1/bio_ndef.c
#14 128.9 aarch64-linux-gnu-gcc -std=gnu11 -ggdb -gdwarf-4 -gstrict-dwarf -ffreestanding -fmacro-prefix-map=/shim-build/shim-16.1/= -fno-stack-protector -fno-strict-aliasing -fpic -fshort-wchar -nostdinc -Os -Wall -Wextra -Wno-missing-field-initializers -Wno-empty-body -Wno-implicit-fallthrough -Wno-old-style-declaration -Wno-unused-but-set-variable -Wno-unused-parameter -Werror -Wno-error=unused-but-set-variable -Wno-error=unused-parameter -I/shim-build/shim-16.1/Cryptlib/OpenSSL -I/shim-build/shim-16.1/Cryptlib -I/shim-build/shim-16.1/Cryptlib/OpenSSL/Include/ -I/shim-build/shim-16.1/Cryptlib/OpenSSL/crypto -I/shim-build/shim-16.1/Cryptlib/Include -I/shim-build/shim-16.1/gnu-efi/inc -I/shim-build/shim-16.1/gnu-efi/inc/aarch64 -I/shim-build/shim-16.1/gnu-efi/inc/protocol -I/shim-build/shim-16.1/Cryptlib/OpenSSL/crypto/asn1 -I/shim-build/shim-16.1/Cryptlib/OpenSSL/crypto/evp -I/shim-build/shim-16.1/Cryptlib/OpenSSL/crypto/modes -I/shim-build/shim-16.1/Cryptlib/OpenSSL/crypto/include -isystem /shim-build/shim-16.1/include/system -isystem /usr/lib/gcc-cross/aarch64-linux-gnu/11/include -DL_ENDIAN -D_CRT_SECURE_NO_DEPRECATE -D_CRT_NONSTDC_NO_DEPRECATE -DOPENSSL_SMALL_FOOTPRINT -DPEDANTIC -DMDE_CPU_AARCH64   -c -o crypto/asn1/asn_mime.o /shim-build/shim-16.1/Cryptlib/OpenSSL/crypto/asn1/asn_mime.c
#14 129.6 aarch64-linux-gnu-gcc -std=gnu11 -ggdb -gdwarf-4 -gstrict-dwarf -ffreestanding -fmacro-prefix-map=/shim-build/shim-16.1/= -fno-stack-protector -fno-strict-aliasing -fpic -fshort-wchar -nostdinc -Os -Wall -Wextra -Wno-missing-field-initializers -Wno-empty-body -Wno-implicit-fallthrough -Wno-old-style-declaration -Wno-unused-but-set-variable -Wno-unused-parameter -Werror -Wno-error=unused-but-set-variable -Wno-error=unused-parameter -I/shim-build/shim-16.1/Cryptlib/OpenSSL -I/shim-build/shim-16.1/Cryptlib -I/shim-build/shim-16.1/Cryptlib/OpenSSL/Include/ -I/shim-build/shim-16.1/Cryptlib/OpenSSL/crypto -I/shim-build/shim-16.1/Cryptlib/Include -I/shim-build/shim-16.1/gnu-efi/inc -I/shim-build/shim-16.1/gnu-efi/inc/aarch64 -I/shim-build/shim-16.1/gnu-efi/inc/protocol -I/shim-build/shim-16.1/Cryptlib/OpenSSL/crypto/asn1 -I/shim-build/shim-16.1/Cryptlib/OpenSSL/crypto/evp -I/shim-build/shim-16.1/Cryptlib/OpenSSL/crypto/modes -I/shim-build/shim-16.1/Cryptlib/OpenSSL/crypto/include -isystem /shim-build/shim-16.1/include/system -isystem /usr/lib/gcc-cross/aarch64-linux-gnu/11/include -DL_ENDIAN -D_CRT_SECURE_NO_DEPRECATE -D_CRT_NONSTDC_NO_DEPRECATE -DOPENSSL_SMALL_FOOTPRINT -DPEDANTIC -DMDE_CPU_AARCH64   -c -o crypto/asn1/asn1_gen.o /shim-build/shim-16.1/Cryptlib/OpenSSL/crypto/asn1/asn1_gen.c
#14 130.1 aarch64-linux-gnu-gcc -std=gnu11 -ggdb -gdwarf-4 -gstrict-dwarf -ffreestanding -fmacro-prefix-map=/shim-build/shim-16.1/= -fno-stack-protector -fno-strict-aliasing -fpic -fshort-wchar -nostdinc -Os -Wall -Wextra -Wno-missing-field-initializers -Wno-empty-body -Wno-implicit-fallthrough -Wno-old-style-declaration -Wno-unused-but-set-variable -Wno-unused-parameter -Werror -Wno-error=unused-but-set-variable -Wno-error=unused-parameter -I/shim-build/shim-16.1/Cryptlib/OpenSSL -I/shim-build/shim-16.1/Cryptlib -I/shim-build/shim-16.1/Cryptlib/OpenSSL/Include/ -I/shim-build/shim-16.1/Cryptlib/OpenSSL/crypto -I/shim-build/shim-16.1/Cryptlib/Include -I/shim-build/shim-16.1/gnu-efi/inc -I/shim-build/shim-16.1/gnu-efi/inc/aarch64 -I/shim-build/shim-16.1/gnu-efi/inc/protocol -I/shim-build/shim-16.1/Cryptlib/OpenSSL/crypto/asn1 -I/shim-build/shim-16.1/Cryptlib/OpenSSL/crypto/evp -I/shim-build/shim-16.1/Cryptlib/OpenSSL/crypto/modes -I/shim-build/shim-16.1/Cryptlib/OpenSSL/crypto/include -isystem /shim-build/shim-16.1/include/system -isystem /usr/lib/gcc-cross/aarch64-linux-gnu/11/include -DL_ENDIAN -D_CRT_SECURE_NO_DEPRECATE -D_CRT_NONSTDC_NO_DEPRECATE -DOPENSSL_SMALL_FOOTPRINT -DPEDANTIC -DMDE_CPU_AARCH64   -c -o crypto/asn1/asn1_par.o /shim-build/shim-16.1/Cryptlib/OpenSSL/crypto/asn1/asn1_par.c
#14 130.7 aarch64-linux-gnu-gcc -std=gnu11 -ggdb -gdwarf-4 -gstrict-dwarf -ffreestanding -fmacro-prefix-map=/shim-build/shim-16.1/= -fno-stack-protector -fno-strict-aliasing -fpic -fshort-wchar -nostdinc -Os -Wall -Wextra -Wno-missing-field-initializers -Wno-empty-body -Wno-implicit-fallthrough -Wno-old-style-declaration -Wno-unused-but-set-variable -Wno-unused-parameter -Werror -Wno-error=unused-but-set-variable -Wno-error=unused-parameter -I/shim-build/shim-16.1/Cryptlib/OpenSSL -I/shim-build/shim-16.1/Cryptlib -I/shim-build/shim-16.1/Cryptlib/OpenSSL/Include/ -I/shim-build/shim-16.1/Cryptlib/OpenSSL/crypto -I/shim-build/shim-16.1/Cryptlib/Include -I/shim-build/shim-16.1/gnu-efi/inc -I/shim-build/shim-16.1/gnu-efi/inc/aarch64 -I/shim-build/shim-16.1/gnu-efi/inc/protocol -I/shim-build/shim-16.1/Cryptlib/OpenSSL/crypto/asn1 -I/shim-build/shim-16.1/Cryptlib/OpenSSL/crypto/evp -I/shim-build/shim-16.1/Cryptlib/OpenSSL/crypto/modes -I/shim-build/shim-16.1/Cryptlib/OpenSSL/crypto/include -isystem /shim-build/shim-16.1/include/system -isystem /usr/lib/gcc-cross/aarch64-linux-gnu/11/include -DL_ENDIAN -D_CRT_SECURE_NO_DEPRECATE -D_CRT_NONSTDC_NO_DEPRECATE -DOPENSSL_SMALL_FOOTPRINT -DPEDANTIC -DMDE_CPU_AARCH64   -c -o crypto/asn1/asn1_lib.o /shim-build/shim-16.1/Cryptlib/OpenSSL/crypto/asn1/asn1_lib.c
#14 131.2 aarch64-linux-gnu-gcc -std=gnu11 -ggdb -gdwarf-4 -gstrict-dwarf -ffreestanding -fmacro-prefix-map=/shim-build/shim-16.1/= -fno-stack-protector -fno-strict-aliasing -fpic -fshort-wchar -nostdinc -Os -Wall -Wextra -Wno-missing-field-initializers -Wno-empty-body -Wno-implicit-fallthrough -Wno-old-style-declaration -Wno-unused-but-set-variable -Wno-unused-parameter -Werror -Wno-error=unused-but-set-variable -Wno-error=unused-parameter -I/shim-build/shim-16.1/Cryptlib/OpenSSL -I/shim-build/shim-16.1/Cryptlib -I/shim-build/shim-16.1/Cryptlib/OpenSSL/Include/ -I/shim-build/shim-16.1/Cryptlib/OpenSSL/crypto -I/shim-build/shim-16.1/Cryptlib/Include -I/shim-build/shim-16.1/gnu-efi/inc -I/shim-build/shim-16.1/gnu-efi/inc/aarch64 -I/shim-build/shim-16.1/gnu-efi/inc/protocol -I/shim-build/shim-16.1/Cryptlib/OpenSSL/crypto/asn1 -I/shim-build/shim-16.1/Cryptlib/OpenSSL/crypto/evp -I/shim-build/shim-16.1/Cryptlib/OpenSSL/crypto/modes -I/shim-build/shim-16.1/Cryptlib/OpenSSL/crypto/include -isystem /shim-build/shim-16.1/include/system -isystem /usr/lib/gcc-cross/aarch64-linux-gnu/11/include -DL_ENDIAN -D_CRT_SECURE_NO_DEPRECATE -D_CRT_NONSTDC_NO_DEPRECATE -DOPENSSL_SMALL_FOOTPRINT -DPEDANTIC -DMDE_CPU_AARCH64   -c -o crypto/asn1/asn1_err.o /shim-build/shim-16.1/Cryptlib/OpenSSL/crypto/asn1/asn1_err.c
#14 131.5 aarch64-linux-gnu-gcc -std=gnu11 -ggdb -gdwarf-4 -gstrict-dwarf -ffreestanding -fmacro-prefix-map=/shim-build/shim-16.1/= -fno-stack-protector -fno-strict-aliasing -fpic -fshort-wchar -nostdinc -Os -Wall -Wextra -Wno-missing-field-initializers -Wno-empty-body -Wno-implicit-fallthrough -Wno-old-style-declaration -Wno-unused-but-set-variable -Wno-unused-parameter -Werror -Wno-error=unused-but-set-variable -Wno-error=unused-parameter -I/shim-build/shim-16.1/Cryptlib/OpenSSL -I/shim-build/shim-16.1/Cryptlib -I/shim-build/shim-16.1/Cryptlib/OpenSSL/Include/ -I/shim-build/shim-16.1/Cryptlib/OpenSSL/crypto -I/shim-build/shim-16.1/Cryptlib/Include -I/shim-build/shim-16.1/gnu-efi/inc -I/shim-build/shim-16.1/gnu-efi/inc/aarch64 -I/shim-build/shim-16.1/gnu-efi/inc/protocol -I/shim-build/shim-16.1/Cryptlib/OpenSSL/crypto/asn1 -I/shim-build/shim-16.1/Cryptlib/OpenSSL/crypto/evp -I/shim-build/shim-16.1/Cryptlib/OpenSSL/crypto/modes -I/shim-build/shim-16.1/Cryptlib/OpenSSL/crypto/include -isystem /shim-build/shim-16.1/include/system -isystem /usr/lib/gcc-cross/aarch64-linux-gnu/11/include -DL_ENDIAN -D_CRT_SECURE_NO_DEPRECATE -D_CRT_NONSTDC_NO_DEPRECATE -DOPENSSL_SMALL_FOOTPRINT -DPEDANTIC -DMDE_CPU_AARCH64   -c -o crypto/asn1/a_bytes.o /shim-build/shim-16.1/Cryptlib/OpenSSL/crypto/asn1/a_bytes.c
#14 131.9 aarch64-linux-gnu-gcc -std=gnu11 -ggdb -gdwarf-4 -gstrict-dwarf -ffreestanding -fmacro-prefix-map=/shim-build/shim-16.1/= -fno-stack-protector -fno-strict-aliasing -fpic -fshort-wchar -nostdinc -Os -Wall -Wextra -Wno-missing-field-initializers -Wno-empty-body -Wno-implicit-fallthrough -Wno-old-style-declaration -Wno-unused-but-set-variable -Wno-unused-parameter -Werror -Wno-error=unused-but-set-variable -Wno-error=unused-parameter -I/shim-build/shim-16.1/Cryptlib/OpenSSL -I/shim-build/shim-16.1/Cryptlib -I/shim-build/shim-16.1/Cryptlib/OpenSSL/Include/ -I/shim-build/shim-16.1/Cryptlib/OpenSSL/crypto -I/shim-build/shim-16.1/Cryptlib/Include -I/shim-build/shim-16.1/gnu-efi/inc -I/shim-build/shim-16.1/gnu-efi/inc/aarch64 -I/shim-build/shim-16.1/gnu-efi/inc/protocol -I/shim-build/shim-16.1/Cryptlib/OpenSSL/crypto/asn1 -I/shim-build/shim-16.1/Cryptlib/OpenSSL/crypto/evp -I/shim-build/shim-16.1/Cryptlib/OpenSSL/crypto/modes -I/shim-build/shim-16.1/Cryptlib/OpenSSL/crypto/include -isystem /shim-build/shim-16.1/include/system -isystem /usr/lib/gcc-cross/aarch64-linux-gnu/11/include -DL_ENDIAN -D_CRT_SECURE_NO_DEPRECATE -D_CRT_NONSTDC_NO_DEPRECATE -DOPENSSL_SMALL_FOOTPRINT -DPEDANTIC -DMDE_CPU_AARCH64   -c -o crypto/asn1/a_strnid.o /shim-build/shim-16.1/Cryptlib/OpenSSL/crypto/asn1/a_strnid.c
#14 132.4 aarch64-linux-gnu-gcc -std=gnu11 -ggdb -gdwarf-4 -gstrict-dwarf -ffreestanding -fmacro-prefix-map=/shim-build/shim-16.1/= -fno-stack-protector -fno-strict-aliasing -fpic -fshort-wchar -nostdinc -Os -Wall -Wextra -Wno-missing-field-initializers -Wno-empty-body -Wno-implicit-fallthrough -Wno-old-style-declaration -Wno-unused-but-set-variable -Wno-unused-parameter -Werror -Wno-error=unused-but-set-variable -Wno-error=unused-parameter -I/shim-build/shim-16.1/Cryptlib/OpenSSL -I/shim-build/shim-16.1/Cryptlib -I/shim-build/shim-16.1/Cryptlib/OpenSSL/Include/ -I/shim-build/shim-16.1/Cryptlib/OpenSSL/crypto -I/shim-build/shim-16.1/Cryptlib/Include -I/shim-build/shim-16.1/gnu-efi/inc -I/shim-build/shim-16.1/gnu-efi/inc/aarch64 -I/shim-build/shim-16.1/gnu-efi/inc/protocol -I/shim-build/shim-16.1/Cryptlib/OpenSSL/crypto/asn1 -I/shim-build/shim-16.1/Cryptlib/OpenSSL/crypto/evp -I/shim-build/shim-16.1/Cryptlib/OpenSSL/crypto/modes -I/shim-build/shim-16.1/Cryptlib/OpenSSL/crypto/include -isystem /shim-build/shim-16.1/include/system -isystem /usr/lib/gcc-cross/aarch64-linux-gnu/11/include -DL_ENDIAN -D_CRT_SECURE_NO_DEPRECATE -D_CRT_NONSTDC_NO_DEPRECATE -DOPENSSL_SMALL_FOOTPRINT -DPEDANTIC -DMDE_CPU_AARCH64   -c -o crypto/asn1/evp_asn1.o /shim-build/shim-16.1/Cryptlib/OpenSSL/crypto/asn1/evp_asn1.c
#14 132.8 aarch64-linux-gnu-gcc -std=gnu11 -ggdb -gdwarf-4 -gstrict-dwarf -ffreestanding -fmacro-prefix-map=/shim-build/shim-16.1/= -fno-stack-protector -fno-strict-aliasing -fpic -fshort-wchar -nostdinc -Os -Wall -Wextra -Wno-missing-field-initializers -Wno-empty-body -Wno-implicit-fallthrough -Wno-old-style-declaration -Wno-unused-but-set-variable -Wno-unused-parameter -Werror -Wno-error=unused-but-set-variable -Wno-error=unused-parameter -I/shim-build/shim-16.1/Cryptlib/OpenSSL -I/shim-build/shim-16.1/Cryptlib -I/shim-build/shim-16.1/Cryptlib/OpenSSL/Include/ -I/shim-build/shim-16.1/Cryptlib/OpenSSL/crypto -I/shim-build/shim-16.1/Cryptlib/Include -I/shim-build/shim-16.1/gnu-efi/inc -I/shim-build/shim-16.1/gnu-efi/inc/aarch64 -I/shim-build/shim-16.1/gnu-efi/inc/protocol -I/shim-build/shim-16.1/Cryptlib/OpenSSL/crypto/asn1 -I/shim-build/shim-16.1/Cryptlib/OpenSSL/crypto/evp -I/shim-build/shim-16.1/Cryptlib/OpenSSL/crypto/modes -I/shim-build/shim-16.1/Cryptlib/OpenSSL/crypto/include -isystem /shim-build/shim-16.1/include/system -isystem /usr/lib/gcc-cross/aarch64-linux-gnu/11/include -DL_ENDIAN -D_CRT_SECURE_NO_DEPRECATE -D_CRT_NONSTDC_NO_DEPRECATE -DOPENSSL_SMALL_FOOTPRINT -DPEDANTIC -DMDE_CPU_AARCH64   -c -o crypto/asn1/asn_pack.o /shim-build/shim-16.1/Cryptlib/OpenSSL/crypto/asn1/asn_pack.c
#14 133.2 aarch64-linux-gnu-gcc -std=gnu11 -ggdb -gdwarf-4 -gstrict-dwarf -ffreestanding -fmacro-prefix-map=/shim-build/shim-16.1/= -fno-stack-protector -fno-strict-aliasing -fpic -fshort-wchar -nostdinc -Os -Wall -Wextra -Wno-missing-field-initializers -Wno-empty-body -Wno-implicit-fallthrough -Wno-old-style-declaration -Wno-unused-but-set-variable -Wno-unused-parameter -Werror -Wno-error=unused-but-set-variable -Wno-error=unused-parameter -I/shim-build/shim-16.1/Cryptlib/OpenSSL -I/shim-build/shim-16.1/Cryptlib -I/shim-build/shim-16.1/Cryptlib/OpenSSL/Include/ -I/shim-build/shim-16.1/Cryptlib/OpenSSL/crypto -I/shim-build/shim-16.1/Cryptlib/Include -I/shim-build/shim-16.1/gnu-efi/inc -I/shim-build/shim-16.1/gnu-efi/inc/aarch64 -I/shim-build/shim-16.1/gnu-efi/inc/protocol -I/shim-build/shim-16.1/Cryptlib/OpenSSL/crypto/asn1 -I/shim-build/shim-16.1/Cryptlib/OpenSSL/crypto/evp -I/shim-build/shim-16.1/Cryptlib/OpenSSL/crypto/modes -I/shim-build/shim-16.1/Cryptlib/OpenSSL/crypto/include -isystem /shim-build/shim-16.1/include/system -isystem /usr/lib/gcc-cross/aarch64-linux-gnu/11/include -DL_ENDIAN -D_CRT_SECURE_NO_DEPRECATE -D_CRT_NONSTDC_NO_DEPRECATE -DOPENSSL_SMALL_FOOTPRINT -DPEDANTIC -DMDE_CPU_AARCH64   -c -o crypto/asn1/p5_pbe.o /shim-build/shim-16.1/Cryptlib/OpenSSL/crypto/asn1/p5_pbe.c
#14 133.6 aarch64-linux-gnu-gcc -std=gnu11 -ggdb -gdwarf-4 -gstrict-dwarf -ffreestanding -fmacro-prefix-map=/shim-build/shim-16.1/= -fno-stack-protector -fno-strict-aliasing -fpic -fshort-wchar -nostdinc -Os -Wall -Wextra -Wno-missing-field-initializers -Wno-empty-body -Wno-implicit-fallthrough -Wno-old-style-declaration -Wno-unused-but-set-variable -Wno-unused-parameter -Werror -Wno-error=unused-but-set-variable -Wno-error=unused-parameter -I/shim-build/shim-16.1/Cryptlib/OpenSSL -I/shim-build/shim-16.1/Cryptlib -I/shim-build/shim-16.1/Cryptlib/OpenSSL/Include/ -I/shim-build/shim-16.1/Cryptlib/OpenSSL/crypto -I/shim-build/shim-16.1/Cryptlib/Include -I/shim-build/shim-16.1/gnu-efi/inc -I/shim-build/shim-16.1/gnu-efi/inc/aarch64 -I/shim-build/shim-16.1/gnu-efi/inc/protocol -I/shim-build/shim-16.1/Cryptlib/OpenSSL/crypto/asn1 -I/shim-build/shim-16.1/Cryptlib/OpenSSL/crypto/evp -I/shim-build/shim-16.1/Cryptlib/OpenSSL/crypto/modes -I/shim-build/shim-16.1/Cryptlib/OpenSSL/crypto/include -isystem /shim-build/shim-16.1/include/system -isystem /usr/lib/gcc-cross/aarch64-linux-gnu/11/include -DL_ENDIAN -D_CRT_SECURE_NO_DEPRECATE -D_CRT_NONSTDC_NO_DEPRECATE -DOPENSSL_SMALL_FOOTPRINT -DPEDANTIC -DMDE_CPU_AARCH64   -c -o crypto/asn1/p5_pbev2.o /shim-build/shim-16.1/Cryptlib/OpenSSL/crypto/asn1/p5_pbev2.c
#14 134.0 aarch64-linux-gnu-gcc -std=gnu11 -ggdb -gdwarf-4 -gstrict-dwarf -ffreestanding -fmacro-prefix-map=/shim-build/shim-16.1/= -fno-stack-protector -fno-strict-aliasing -fpic -fshort-wchar -nostdinc -Os -Wall -Wextra -Wno-missing-field-initializers -Wno-empty-body -Wno-implicit-fallthrough -Wno-old-style-declaration -Wno-unused-but-set-variable -Wno-unused-parameter -Werror -Wno-error=unused-but-set-variable -Wno-error=unused-parameter -I/shim-build/shim-16.1/Cryptlib/OpenSSL -I/shim-build/shim-16.1/Cryptlib -I/shim-build/shim-16.1/Cryptlib/OpenSSL/Include/ -I/shim-build/shim-16.1/Cryptlib/OpenSSL/crypto -I/shim-build/shim-16.1/Cryptlib/Include -I/shim-build/shim-16.1/gnu-efi/inc -I/shim-build/shim-16.1/gnu-efi/inc/aarch64 -I/shim-build/shim-16.1/gnu-efi/inc/protocol -I/shim-build/shim-16.1/Cryptlib/OpenSSL/crypto/asn1 -I/shim-build/shim-16.1/Cryptlib/OpenSSL/crypto/evp -I/shim-build/shim-16.1/Cryptlib/OpenSSL/crypto/modes -I/shim-build/shim-16.1/Cryptlib/OpenSSL/crypto/include -isystem /shim-build/shim-16.1/include/system -isystem /usr/lib/gcc-cross/aarch64-linux-gnu/11/include -DL_ENDIAN -D_CRT_SECURE_NO_DEPRECATE -D_CRT_NONSTDC_NO_DEPRECATE -DOPENSSL_SMALL_FOOTPRINT -DPEDANTIC -DMDE_CPU_AARCH64   -c -o crypto/asn1/p8_pkey.o /shim-build/shim-16.1/Cryptlib/OpenSSL/crypto/asn1/p8_pkey.c
#14 134.4 aarch64-linux-gnu-gcc -std=gnu11 -ggdb -gdwarf-4 -gstrict-dwarf -ffreestanding -fmacro-prefix-map=/shim-build/shim-16.1/= -fno-stack-protector -fno-strict-aliasing -fpic -fshort-wchar -nostdinc -Os -Wall -Wextra -Wno-missing-field-initializers -Wno-empty-body -Wno-implicit-fallthrough -Wno-old-style-declaration -Wno-unused-but-set-variable -Wno-unused-parameter -Werror -Wno-error=unused-but-set-variable -Wno-error=unused-parameter -I/shim-build/shim-16.1/Cryptlib/OpenSSL -I/shim-build/shim-16.1/Cryptlib -I/shim-build/shim-16.1/Cryptlib/OpenSSL/Include/ -I/shim-build/shim-16.1/Cryptlib/OpenSSL/crypto -I/shim-build/shim-16.1/Cryptlib/Include -I/shim-build/shim-16.1/gnu-efi/inc -I/shim-build/shim-16.1/gnu-efi/inc/aarch64 -I/shim-build/shim-16.1/gnu-efi/inc/protocol -I/shim-build/shim-16.1/Cryptlib/OpenSSL/crypto/asn1 -I/shim-build/shim-16.1/Cryptlib/OpenSSL/crypto/evp -I/shim-build/shim-16.1/Cryptlib/OpenSSL/crypto/modes -I/shim-build/shim-16.1/Cryptlib/OpenSSL/crypto/include -isystem /shim-build/shim-16.1/include/system -isystem /usr/lib/gcc-cross/aarch64-linux-gnu/11/include -DL_ENDIAN -D_CRT_SECURE_NO_DEPRECATE -D_CRT_NONSTDC_NO_DEPRECATE -DOPENSSL_SMALL_FOOTPRINT -DPEDANTIC -DMDE_CPU_AARCH64   -c -o crypto/asn1/asn_moid.o /shim-build/shim-16.1/Cryptlib/OpenSSL/crypto/asn1/asn_moid.c
#14 134.9 aarch64-linux-gnu-gcc -std=gnu11 -ggdb -gdwarf-4 -gstrict-dwarf -ffreestanding -fmacro-prefix-map=/shim-build/shim-16.1/= -fno-stack-protector -fno-strict-aliasing -fpic -fshort-wchar -nostdinc -Os -Wall -Wextra -Wno-missing-field-initializers -Wno-empty-body -Wno-implicit-fallthrough -Wno-old-style-declaration -Wno-unused-but-set-variable -Wno-unused-parameter -Werror -Wno-error=unused-but-set-variable -Wno-error=unused-parameter -I/shim-build/shim-16.1/Cryptlib/OpenSSL -I/shim-build/shim-16.1/Cryptlib -I/shim-build/shim-16.1/Cryptlib/OpenSSL/Include/ -I/shim-build/shim-16.1/Cryptlib/OpenSSL/crypto -I/shim-build/shim-16.1/Cryptlib/Include -I/shim-build/shim-16.1/gnu-efi/inc -I/shim-build/shim-16.1/gnu-efi/inc/aarch64 -I/shim-build/shim-16.1/gnu-efi/inc/protocol -I/shim-build/shim-16.1/Cryptlib/OpenSSL/crypto/asn1 -I/shim-build/shim-16.1/Cryptlib/OpenSSL/crypto/evp -I/shim-build/shim-16.1/Cryptlib/OpenSSL/crypto/modes -I/shim-build/shim-16.1/Cryptlib/OpenSSL/crypto/include -isystem /shim-build/shim-16.1/include/system -isystem /usr/lib/gcc-cross/aarch64-linux-gnu/11/include -DL_ENDIAN -D_CRT_SECURE_NO_DEPRECATE -D_CRT_NONSTDC_NO_DEPRECATE -DOPENSSL_SMALL_FOOTPRINT -DPEDANTIC -DMDE_CPU_AARCH64   -c -o crypto/pem/pem_sign.o /shim-build/shim-16.1/Cryptlib/OpenSSL/crypto/pem/pem_sign.c
#14 135.2 aarch64-linux-gnu-gcc -std=gnu11 -ggdb -gdwarf-4 -gstrict-dwarf -ffreestanding -fmacro-prefix-map=/shim-build/shim-16.1/= -fno-stack-protector -fno-strict-aliasing -fpic -fshort-wchar -nostdinc -Os -Wall -Wextra -Wno-missing-field-initializers -Wno-empty-body -Wno-implicit-fallthrough -Wno-old-style-declaration -Wno-unused-but-set-variable -Wno-unused-parameter -Werror -Wno-error=unused-but-set-variable -Wno-error=unused-parameter -I/shim-build/shim-16.1/Cryptlib/OpenSSL -I/shim-build/shim-16.1/Cryptlib -I/shim-build/shim-16.1/Cryptlib/OpenSSL/Include/ -I/shim-build/shim-16.1/Cryptlib/OpenSSL/crypto -I/shim-build/shim-16.1/Cryptlib/Include -I/shim-build/shim-16.1/gnu-efi/inc -I/shim-build/shim-16.1/gnu-efi/inc/aarch64 -I/shim-build/shim-16.1/gnu-efi/inc/protocol -I/shim-build/shim-16.1/Cryptlib/OpenSSL/crypto/asn1 -I/shim-build/shim-16.1/Cryptlib/OpenSSL/crypto/evp -I/shim-build/shim-16.1/Cryptlib/OpenSSL/crypto/modes -I/shim-build/shim-16.1/Cryptlib/OpenSSL/crypto/include -isystem /shim-build/shim-16.1/include/system -isystem /usr/lib/gcc-cross/aarch64-linux-gnu/11/include -DL_ENDIAN -D_CRT_SECURE_NO_DEPRECATE -D_CRT_NONSTDC_NO_DEPRECATE -DOPENSSL_SMALL_FOOTPRINT -DPEDANTIC -DMDE_CPU_AARCH64   -c -o crypto/pem/pem_seal.o /shim-build/shim-16.1/Cryptlib/OpenSSL/crypto/pem/pem_seal.c
#14 135.7 aarch64-linux-gnu-gcc -std=gnu11 -ggdb -gdwarf-4 -gstrict-dwarf -ffreestanding -fmacro-prefix-map=/shim-build/shim-16.1/= -fno-stack-protector -fno-strict-aliasing -fpic -fshort-wchar -nostdinc -Os -Wall -Wextra -Wno-missing-field-initializers -Wno-empty-body -Wno-implicit-fallthrough -Wno-old-style-declaration -Wno-unused-but-set-variable -Wno-unused-parameter -Werror -Wno-error=unused-but-set-variable -Wno-error=unused-parameter -I/shim-build/shim-16.1/Cryptlib/OpenSSL -I/shim-build/shim-16.1/Cryptlib -I/shim-build/shim-16.1/Cryptlib/OpenSSL/Include/ -I/shim-build/shim-16.1/Cryptlib/OpenSSL/crypto -I/shim-build/shim-16.1/Cryptlib/Include -I/shim-build/shim-16.1/gnu-efi/inc -I/shim-build/shim-16.1/gnu-efi/inc/aarch64 -I/shim-build/shim-16.1/gnu-efi/inc/protocol -I/shim-build/shim-16.1/Cryptlib/OpenSSL/crypto/asn1 -I/shim-build/shim-16.1/Cryptlib/OpenSSL/crypto/evp -I/shim-build/shim-16.1/Cryptlib/OpenSSL/crypto/modes -I/shim-build/shim-16.1/Cryptlib/OpenSSL/crypto/include -isystem /shim-build/shim-16.1/include/system -isystem /usr/lib/gcc-cross/aarch64-linux-gnu/11/include -DL_ENDIAN -D_CRT_SECURE_NO_DEPRECATE -D_CRT_NONSTDC_NO_DEPRECATE -DOPENSSL_SMALL_FOOTPRINT -DPEDANTIC -DMDE_CPU_AARCH64   -c -o crypto/pem/pem_info.o /shim-build/shim-16.1/Cryptlib/OpenSSL/crypto/pem/pem_info.c
#14 136.1 aarch64-linux-gnu-gcc -std=gnu11 -ggdb -gdwarf-4 -gstrict-dwarf -ffreestanding -fmacro-prefix-map=/shim-build/shim-16.1/= -fno-stack-protector -fno-strict-aliasing -fpic -fshort-wchar -nostdinc -Os -Wall -Wextra -Wno-missing-field-initializers -Wno-empty-body -Wno-implicit-fallthrough -Wno-old-style-declaration -Wno-unused-but-set-variable -Wno-unused-parameter -Werror -Wno-error=unused-but-set-variable -Wno-error=unused-parameter -I/shim-build/shim-16.1/Cryptlib/OpenSSL -I/shim-build/shim-16.1/Cryptlib -I/shim-build/shim-16.1/Cryptlib/OpenSSL/Include/ -I/shim-build/shim-16.1/Cryptlib/OpenSSL/crypto -I/shim-build/shim-16.1/Cryptlib/Include -I/shim-build/shim-16.1/gnu-efi/inc -I/shim-build/shim-16.1/gnu-efi/inc/aarch64 -I/shim-build/shim-16.1/gnu-efi/inc/protocol -I/shim-build/shim-16.1/Cryptlib/OpenSSL/crypto/asn1 -I/shim-build/shim-16.1/Cryptlib/OpenSSL/crypto/evp -I/shim-build/shim-16.1/Cryptlib/OpenSSL/crypto/modes -I/shim-build/shim-16.1/Cryptlib/OpenSSL/crypto/include -isystem /shim-build/shim-16.1/include/system -isystem /usr/lib/gcc-cross/aarch64-linux-gnu/11/include -DL_ENDIAN -D_CRT_SECURE_NO_DEPRECATE -D_CRT_NONSTDC_NO_DEPRECATE -DOPENSSL_SMALL_FOOTPRINT -DPEDANTIC -DMDE_CPU_AARCH64   -c -o crypto/pem/pem_lib.o /shim-build/shim-16.1/Cryptlib/OpenSSL/crypto/pem/pem_lib.c
#14 136.8 aarch64-linux-gnu-gcc -std=gnu11 -ggdb -gdwarf-4 -gstrict-dwarf -ffreestanding -fmacro-prefix-map=/shim-build/shim-16.1/= -fno-stack-protector -fno-strict-aliasing -fpic -fshort-wchar -nostdinc -Os -Wall -Wextra -Wno-missing-field-initializers -Wno-empty-body -Wno-implicit-fallthrough -Wno-old-style-declaration -Wno-unused-but-set-variable -Wno-unused-parameter -Werror -Wno-error=unused-but-set-variable -Wno-error=unused-parameter -I/shim-build/shim-16.1/Cryptlib/OpenSSL -I/shim-build/shim-16.1/Cryptlib -I/shim-build/shim-16.1/Cryptlib/OpenSSL/Include/ -I/shim-build/shim-16.1/Cryptlib/OpenSSL/crypto -I/shim-build/shim-16.1/Cryptlib/Include -I/shim-build/shim-16.1/gnu-efi/inc -I/shim-build/shim-16.1/gnu-efi/inc/aarch64 -I/shim-build/shim-16.1/gnu-efi/inc/protocol -I/shim-build/shim-16.1/Cryptlib/OpenSSL/crypto/asn1 -I/shim-build/shim-16.1/Cryptlib/OpenSSL/crypto/evp -I/shim-build/shim-16.1/Cryptlib/OpenSSL/crypto/modes -I/shim-build/shim-16.1/Cryptlib/OpenSSL/crypto/include -isystem /shim-build/shim-16.1/include/system -isystem /usr/lib/gcc-cross/aarch64-linux-gnu/11/include -DL_ENDIAN -D_CRT_SECURE_NO_DEPRECATE -D_CRT_NONSTDC_NO_DEPRECATE -DOPENSSL_SMALL_FOOTPRINT -DPEDANTIC -DMDE_CPU_AARCH64   -c -o crypto/pem/pem_all.o /shim-build/shim-16.1/Cryptlib/OpenSSL/crypto/pem/pem_all.c
#14 137.1 aarch64-linux-gnu-gcc -std=gnu11 -ggdb -gdwarf-4 -gstrict-dwarf -ffreestanding -fmacro-prefix-map=/shim-build/shim-16.1/= -fno-stack-protector -fno-strict-aliasing -fpic -fshort-wchar -nostdinc -Os -Wall -Wextra -Wno-missing-field-initializers -Wno-empty-body -Wno-implicit-fallthrough -Wno-old-style-declaration -Wno-unused-but-set-variable -Wno-unused-parameter -Werror -Wno-error=unused-but-set-variable -Wno-error=unused-parameter -I/shim-build/shim-16.1/Cryptlib/OpenSSL -I/shim-build/shim-16.1/Cryptlib -I/shim-build/shim-16.1/Cryptlib/OpenSSL/Include/ -I/shim-build/shim-16.1/Cryptlib/OpenSSL/crypto -I/shim-build/shim-16.1/Cryptlib/Include -I/shim-build/shim-16.1/gnu-efi/inc -I/shim-build/shim-16.1/gnu-efi/inc/aarch64 -I/shim-build/shim-16.1/gnu-efi/inc/protocol -I/shim-build/shim-16.1/Cryptlib/OpenSSL/crypto/asn1 -I/shim-build/shim-16.1/Cryptlib/OpenSSL/crypto/evp -I/shim-build/shim-16.1/Cryptlib/OpenSSL/crypto/modes -I/shim-build/shim-16.1/Cryptlib/OpenSSL/crypto/include -isystem /shim-build/shim-16.1/include/system -isystem /usr/lib/gcc-cross/aarch64-linux-gnu/11/include -DL_ENDIAN -D_CRT_SECURE_NO_DEPRECATE -D_CRT_NONSTDC_NO_DEPRECATE -DOPENSSL_SMALL_FOOTPRINT -DPEDANTIC -DMDE_CPU_AARCH64   -c -o crypto/pem/pem_err.o /shim-build/shim-16.1/Cryptlib/OpenSSL/crypto/pem/pem_err.c
#14 137.4 aarch64-linux-gnu-gcc -std=gnu11 -ggdb -gdwarf-4 -gstrict-dwarf -ffreestanding -fmacro-prefix-map=/shim-build/shim-16.1/= -fno-stack-protector -fno-strict-aliasing -fpic -fshort-wchar -nostdinc -Os -Wall -Wextra -Wno-missing-field-initializers -Wno-empty-body -Wno-implicit-fallthrough -Wno-old-style-declaration -Wno-unused-but-set-variable -Wno-unused-parameter -Werror -Wno-error=unused-but-set-variable -Wno-error=unused-parameter -I/shim-build/shim-16.1/Cryptlib/OpenSSL -I/shim-build/shim-16.1/Cryptlib -I/shim-build/shim-16.1/Cryptlib/OpenSSL/Include/ -I/shim-build/shim-16.1/Cryptlib/OpenSSL/crypto -I/shim-build/shim-16.1/Cryptlib/Include -I/shim-build/shim-16.1/gnu-efi/inc -I/shim-build/shim-16.1/gnu-efi/inc/aarch64 -I/shim-build/shim-16.1/gnu-efi/inc/protocol -I/shim-build/shim-16.1/Cryptlib/OpenSSL/crypto/asn1 -I/shim-build/shim-16.1/Cryptlib/OpenSSL/crypto/evp -I/shim-build/shim-16.1/Cryptlib/OpenSSL/crypto/modes -I/shim-build/shim-16.1/Cryptlib/OpenSSL/crypto/include -isystem /shim-build/shim-16.1/include/system -isystem /usr/lib/gcc-cross/aarch64-linux-gnu/11/include -DL_ENDIAN -D_CRT_SECURE_NO_DEPRECATE -D_CRT_NONSTDC_NO_DEPRECATE -DOPENSSL_SMALL_FOOTPRINT -DPEDANTIC -DMDE_CPU_AARCH64   -c -o crypto/pem/pem_x509.o /shim-build/shim-16.1/Cryptlib/OpenSSL/crypto/pem/pem_x509.c
#14 137.7 aarch64-linux-gnu-gcc -std=gnu11 -ggdb -gdwarf-4 -gstrict-dwarf -ffreestanding -fmacro-prefix-map=/shim-build/shim-16.1/= -fno-stack-protector -fno-strict-aliasing -fpic -fshort-wchar -nostdinc -Os -Wall -Wextra -Wno-missing-field-initializers -Wno-empty-body -Wno-implicit-fallthrough -Wno-old-style-declaration -Wno-unused-but-set-variable -Wno-unused-parameter -Werror -Wno-error=unused-but-set-variable -Wno-error=unused-parameter -I/shim-build/shim-16.1/Cryptlib/OpenSSL -I/shim-build/shim-16.1/Cryptlib -I/shim-build/shim-16.1/Cryptlib/OpenSSL/Include/ -I/shim-build/shim-16.1/Cryptlib/OpenSSL/crypto -I/shim-build/shim-16.1/Cryptlib/Include -I/shim-build/shim-16.1/gnu-efi/inc -I/shim-build/shim-16.1/gnu-efi/inc/aarch64 -I/shim-build/shim-16.1/gnu-efi/inc/protocol -I/shim-build/shim-16.1/Cryptlib/OpenSSL/crypto/asn1 -I/shim-build/shim-16.1/Cryptlib/OpenSSL/crypto/evp -I/shim-build/shim-16.1/Cryptlib/OpenSSL/crypto/modes -I/shim-build/shim-16.1/Cryptlib/OpenSSL/crypto/include -isystem /shim-build/shim-16.1/include/system -isystem /usr/lib/gcc-cross/aarch64-linux-gnu/11/include -DL_ENDIAN -D_CRT_SECURE_NO_DEPRECATE -D_CRT_NONSTDC_NO_DEPRECATE -DOPENSSL_SMALL_FOOTPRINT -DPEDANTIC -DMDE_CPU_AARCH64   -c -o crypto/pem/pem_xaux.o /shim-build/shim-16.1/Cryptlib/OpenSSL/crypto/pem/pem_xaux.c
#14 138.0 aarch64-linux-gnu-gcc -std=gnu11 -ggdb -gdwarf-4 -gstrict-dwarf -ffreestanding -fmacro-prefix-map=/shim-build/shim-16.1/= -fno-stack-protector -fno-strict-aliasing -fpic -fshort-wchar -nostdinc -Os -Wall -Wextra -Wno-missing-field-initializers -Wno-empty-body -Wno-implicit-fallthrough -Wno-old-style-declaration -Wno-unused-but-set-variable -Wno-unused-parameter -Werror -Wno-error=unused-but-set-variable -Wno-error=unused-parameter -I/shim-build/shim-16.1/Cryptlib/OpenSSL -I/shim-build/shim-16.1/Cryptlib -I/shim-build/shim-16.1/Cryptlib/OpenSSL/Include/ -I/shim-build/shim-16.1/Cryptlib/OpenSSL/crypto -I/shim-build/shim-16.1/Cryptlib/Include -I/shim-build/shim-16.1/gnu-efi/inc -I/shim-build/shim-16.1/gnu-efi/inc/aarch64 -I/shim-build/shim-16.1/gnu-efi/inc/protocol -I/shim-build/shim-16.1/Cryptlib/OpenSSL/crypto/asn1 -I/shim-build/shim-16.1/Cryptlib/OpenSSL/crypto/evp -I/shim-build/shim-16.1/Cryptlib/OpenSSL/crypto/modes -I/shim-build/shim-16.1/Cryptlib/OpenSSL/crypto/include -isystem /shim-build/shim-16.1/include/system -isystem /usr/lib/gcc-cross/aarch64-linux-gnu/11/include -DL_ENDIAN -D_CRT_SECURE_NO_DEPRECATE -D_CRT_NONSTDC_NO_DEPRECATE -DOPENSSL_SMALL_FOOTPRINT -DPEDANTIC -DMDE_CPU_AARCH64   -c -o crypto/pem/pem_oth.o /shim-build/shim-16.1/Cryptlib/OpenSSL/crypto/pem/pem_oth.c
#14 138.4 aarch64-linux-gnu-gcc -std=gnu11 -ggdb -gdwarf-4 -gstrict-dwarf -ffreestanding -fmacro-prefix-map=/shim-build/shim-16.1/= -fno-stack-protector -fno-strict-aliasing -fpic -fshort-wchar -nostdinc -Os -Wall -Wextra -Wno-missing-field-initializers -Wno-empty-body -Wno-implicit-fallthrough -Wno-old-style-declaration -Wno-unused-but-set-variable -Wno-unused-parameter -Werror -Wno-error=unused-but-set-variable -Wno-error=unused-parameter -I/shim-build/shim-16.1/Cryptlib/OpenSSL -I/shim-build/shim-16.1/Cryptlib -I/shim-build/shim-16.1/Cryptlib/OpenSSL/Include/ -I/shim-build/shim-16.1/Cryptlib/OpenSSL/crypto -I/shim-build/shim-16.1/Cryptlib/Include -I/shim-build/shim-16.1/gnu-efi/inc -I/shim-build/shim-16.1/gnu-efi/inc/aarch64 -I/shim-build/shim-16.1/gnu-efi/inc/protocol -I/shim-build/shim-16.1/Cryptlib/OpenSSL/crypto/asn1 -I/shim-build/shim-16.1/Cryptlib/OpenSSL/crypto/evp -I/shim-build/shim-16.1/Cryptlib/OpenSSL/crypto/modes -I/shim-build/shim-16.1/Cryptlib/OpenSSL/crypto/include -isystem /shim-build/shim-16.1/include/system -isystem /usr/lib/gcc-cross/aarch64-linux-gnu/11/include -DL_ENDIAN -D_CRT_SECURE_NO_DEPRECATE -D_CRT_NONSTDC_NO_DEPRECATE -DOPENSSL_SMALL_FOOTPRINT -DPEDANTIC -DMDE_CPU_AARCH64   -c -o crypto/pem/pem_pk8.o /shim-build/shim-16.1/Cryptlib/OpenSSL/crypto/pem/pem_pk8.c
#14 138.8 aarch64-linux-gnu-gcc -std=gnu11 -ggdb -gdwarf-4 -gstrict-dwarf -ffreestanding -fmacro-prefix-map=/shim-build/shim-16.1/= -fno-stack-protector -fno-strict-aliasing -fpic -fshort-wchar -nostdinc -Os -Wall -Wextra -Wno-missing-field-initializers -Wno-empty-body -Wno-implicit-fallthrough -Wno-old-style-declaration -Wno-unused-but-set-variable -Wno-unused-parameter -Werror -Wno-error=unused-but-set-variable -Wno-error=unused-parameter -I/shim-build/shim-16.1/Cryptlib/OpenSSL -I/shim-build/shim-16.1/Cryptlib -I/shim-build/shim-16.1/Cryptlib/OpenSSL/Include/ -I/shim-build/shim-16.1/Cryptlib/OpenSSL/crypto -I/shim-build/shim-16.1/Cryptlib/Include -I/shim-build/shim-16.1/gnu-efi/inc -I/shim-build/shim-16.1/gnu-efi/inc/aarch64 -I/shim-build/shim-16.1/gnu-efi/inc/protocol -I/shim-build/shim-16.1/Cryptlib/OpenSSL/crypto/asn1 -I/shim-build/shim-16.1/Cryptlib/OpenSSL/crypto/evp -I/shim-build/shim-16.1/Cryptlib/OpenSSL/crypto/modes -I/shim-build/shim-16.1/Cryptlib/OpenSSL/crypto/include -isystem /shim-build/shim-16.1/include/system -isystem /usr/lib/gcc-cross/aarch64-linux-gnu/11/include -DL_ENDIAN -D_CRT_SECURE_NO_DEPRECATE -D_CRT_NONSTDC_NO_DEPRECATE -DOPENSSL_SMALL_FOOTPRINT -DPEDANTIC -DMDE_CPU_AARCH64   -c -o crypto/pem/pem_pkey.o /shim-build/shim-16.1/Cryptlib/OpenSSL/crypto/pem/pem_pkey.c
#14 139.2 aarch64-linux-gnu-gcc -std=gnu11 -ggdb -gdwarf-4 -gstrict-dwarf -ffreestanding -fmacro-prefix-map=/shim-build/shim-16.1/= -fno-stack-protector -fno-strict-aliasing -fpic -fshort-wchar -nostdinc -Os -Wall -Wextra -Wno-missing-field-initializers -Wno-empty-body -Wno-implicit-fallthrough -Wno-old-style-declaration -Wno-unused-but-set-variable -Wno-unused-parameter -Werror -Wno-error=unused-but-set-variable -Wno-error=unused-parameter -I/shim-build/shim-16.1/Cryptlib/OpenSSL -I/shim-build/shim-16.1/Cryptlib -I/shim-build/shim-16.1/Cryptlib/OpenSSL/Include/ -I/shim-build/shim-16.1/Cryptlib/OpenSSL/crypto -I/shim-build/shim-16.1/Cryptlib/Include -I/shim-build/shim-16.1/gnu-efi/inc -I/shim-build/shim-16.1/gnu-efi/inc/aarch64 -I/shim-build/shim-16.1/gnu-efi/inc/protocol -I/shim-build/shim-16.1/Cryptlib/OpenSSL/crypto/asn1 -I/shim-build/shim-16.1/Cryptlib/OpenSSL/crypto/evp -I/shim-build/shim-16.1/Cryptlib/OpenSSL/crypto/modes -I/shim-build/shim-16.1/Cryptlib/OpenSSL/crypto/include -isystem /shim-build/shim-16.1/include/system -isystem /usr/lib/gcc-cross/aarch64-linux-gnu/11/include -DL_ENDIAN -D_CRT_SECURE_NO_DEPRECATE -D_CRT_NONSTDC_NO_DEPRECATE -DOPENSSL_SMALL_FOOTPRINT -DPEDANTIC -DMDE_CPU_AARCH64   -c -o crypto/pem/pvkfmt.o /shim-build/shim-16.1/Cryptlib/OpenSSL/crypto/pem/pvkfmt.c
#14 139.4 aarch64-linux-gnu-gcc -std=gnu11 -ggdb -gdwarf-4 -gstrict-dwarf -ffreestanding -fmacro-prefix-map=/shim-build/shim-16.1/= -fno-stack-protector -fno-strict-aliasing -fpic -fshort-wchar -nostdinc -Os -Wall -Wextra -Wno-missing-field-initializers -Wno-empty-body -Wno-implicit-fallthrough -Wno-old-style-declaration -Wno-unused-but-set-variable -Wno-unused-parameter -Werror -Wno-error=unused-but-set-variable -Wno-error=unused-parameter -I/shim-build/shim-16.1/Cryptlib/OpenSSL -I/shim-build/shim-16.1/Cryptlib -I/shim-build/shim-16.1/Cryptlib/OpenSSL/Include/ -I/shim-build/shim-16.1/Cryptlib/OpenSSL/crypto -I/shim-build/shim-16.1/Cryptlib/Include -I/shim-build/shim-16.1/gnu-efi/inc -I/shim-build/shim-16.1/gnu-efi/inc/aarch64 -I/shim-build/shim-16.1/gnu-efi/inc/protocol -I/shim-build/shim-16.1/Cryptlib/OpenSSL/crypto/asn1 -I/shim-build/shim-16.1/Cryptlib/OpenSSL/crypto/evp -I/shim-build/shim-16.1/Cryptlib/OpenSSL/crypto/modes -I/shim-build/shim-16.1/Cryptlib/OpenSSL/crypto/include -isystem /shim-build/shim-16.1/include/system -isystem /usr/lib/gcc-cross/aarch64-linux-gnu/11/include -DL_ENDIAN -D_CRT_SECURE_NO_DEPRECATE -D_CRT_NONSTDC_NO_DEPRECATE -DOPENSSL_SMALL_FOOTPRINT -DPEDANTIC -DMDE_CPU_AARCH64   -c -o crypto/x509/x509_def.o /shim-build/shim-16.1/Cryptlib/OpenSSL/crypto/x509/x509_def.c
#14 139.6 aarch64-linux-gnu-gcc -std=gnu11 -ggdb -gdwarf-4 -gstrict-dwarf -ffreestanding -fmacro-prefix-map=/shim-build/shim-16.1/= -fno-stack-protector -fno-strict-aliasing -fpic -fshort-wchar -nostdinc -Os -Wall -Wextra -Wno-missing-field-initializers -Wno-empty-body -Wno-implicit-fallthrough -Wno-old-style-declaration -Wno-unused-but-set-variable -Wno-unused-parameter -Werror -Wno-error=unused-but-set-variable -Wno-error=unused-parameter -I/shim-build/shim-16.1/Cryptlib/OpenSSL -I/shim-build/shim-16.1/Cryptlib -I/shim-build/shim-16.1/Cryptlib/OpenSSL/Include/ -I/shim-build/shim-16.1/Cryptlib/OpenSSL/crypto -I/shim-build/shim-16.1/Cryptlib/Include -I/shim-build/shim-16.1/gnu-efi/inc -I/shim-build/shim-16.1/gnu-efi/inc/aarch64 -I/shim-build/shim-16.1/gnu-efi/inc/protocol -I/shim-build/shim-16.1/Cryptlib/OpenSSL/crypto/asn1 -I/shim-build/shim-16.1/Cryptlib/OpenSSL/crypto/evp -I/shim-build/shim-16.1/Cryptlib/OpenSSL/crypto/modes -I/shim-build/shim-16.1/Cryptlib/OpenSSL/crypto/include -isystem /shim-build/shim-16.1/include/system -isystem /usr/lib/gcc-cross/aarch64-linux-gnu/11/include -DL_ENDIAN -D_CRT_SECURE_NO_DEPRECATE -D_CRT_NONSTDC_NO_DEPRECATE -DOPENSSL_SMALL_FOOTPRINT -DPEDANTIC -DMDE_CPU_AARCH64   -c -o crypto/x509/x509_d2.o /shim-build/shim-16.1/Cryptlib/OpenSSL/crypto/x509/x509_d2.c
#14 139.8 aarch64-linux-gnu-gcc -std=gnu11 -ggdb -gdwarf-4 -gstrict-dwarf -ffreestanding -fmacro-prefix-map=/shim-build/shim-16.1/= -fno-stack-protector -fno-strict-aliasing -fpic -fshort-wchar -nostdinc -Os -Wall -Wextra -Wno-missing-field-initializers -Wno-empty-body -Wno-implicit-fallthrough -Wno-old-style-declaration -Wno-unused-but-set-variable -Wno-unused-parameter -Werror -Wno-error=unused-but-set-variable -Wno-error=unused-parameter -I/shim-build/shim-16.1/Cryptlib/OpenSSL -I/shim-build/shim-16.1/Cryptlib -I/shim-build/shim-16.1/Cryptlib/OpenSSL/Include/ -I/shim-build/shim-16.1/Cryptlib/OpenSSL/crypto -I/shim-build/shim-16.1/Cryptlib/Include -I/shim-build/shim-16.1/gnu-efi/inc -I/shim-build/shim-16.1/gnu-efi/inc/aarch64 -I/shim-build/shim-16.1/gnu-efi/inc/protocol -I/shim-build/shim-16.1/Cryptlib/OpenSSL/crypto/asn1 -I/shim-build/shim-16.1/Cryptlib/OpenSSL/crypto/evp -I/shim-build/shim-16.1/Cryptlib/OpenSSL/crypto/modes -I/shim-build/shim-16.1/Cryptlib/OpenSSL/crypto/include -isystem /shim-build/shim-16.1/include/system -isystem /usr/lib/gcc-cross/aarch64-linux-gnu/11/include -DL_ENDIAN -D_CRT_SECURE_NO_DEPRECATE -D_CRT_NONSTDC_NO_DEPRECATE -DOPENSSL_SMALL_FOOTPRINT -DPEDANTIC -DMDE_CPU_AARCH64   -c -o crypto/x509/x509_r2x.o /shim-build/shim-16.1/Cryptlib/OpenSSL/crypto/x509/x509_r2x.c
#14 140.2 aarch64-linux-gnu-gcc -std=gnu11 -ggdb -gdwarf-4 -gstrict-dwarf -ffreestanding -fmacro-prefix-map=/shim-build/shim-16.1/= -fno-stack-protector -fno-strict-aliasing -fpic -fshort-wchar -nostdinc -Os -Wall -Wextra -Wno-missing-field-initializers -Wno-empty-body -Wno-implicit-fallthrough -Wno-old-style-declaration -Wno-unused-but-set-variable -Wno-unused-parameter -Werror -Wno-error=unused-but-set-variable -Wno-error=unused-parameter -I/shim-build/shim-16.1/Cryptlib/OpenSSL -I/shim-build/shim-16.1/Cryptlib -I/shim-build/shim-16.1/Cryptlib/OpenSSL/Include/ -I/shim-build/shim-16.1/Cryptlib/OpenSSL/crypto -I/shim-build/shim-16.1/Cryptlib/Include -I/shim-build/shim-16.1/gnu-efi/inc -I/shim-build/shim-16.1/gnu-efi/inc/aarch64 -I/shim-build/shim-16.1/gnu-efi/inc/protocol -I/shim-build/shim-16.1/Cryptlib/OpenSSL/crypto/asn1 -I/shim-build/shim-16.1/Cryptlib/OpenSSL/crypto/evp -I/shim-build/shim-16.1/Cryptlib/OpenSSL/crypto/modes -I/shim-build/shim-16.1/Cryptlib/OpenSSL/crypto/include -isystem /shim-build/shim-16.1/include/system -isystem /usr/lib/gcc-cross/aarch64-linux-gnu/11/include -DL_ENDIAN -D_CRT_SECURE_NO_DEPRECATE -D_CRT_NONSTDC_NO_DEPRECATE -DOPENSSL_SMALL_FOOTPRINT -DPEDANTIC -DMDE_CPU_AARCH64   -c -o crypto/x509/x509_cmp.o /shim-build/shim-16.1/Cryptlib/OpenSSL/crypto/x509/x509_cmp.c
#14 140.7 aarch64-linux-gnu-gcc -std=gnu11 -ggdb -gdwarf-4 -gstrict-dwarf -ffreestanding -fmacro-prefix-map=/shim-build/shim-16.1/= -fno-stack-protector -fno-strict-aliasing -fpic -fshort-wchar -nostdinc -Os -Wall -Wextra -Wno-missing-field-initializers -Wno-empty-body -Wno-implicit-fallthrough -Wno-old-style-declaration -Wno-unused-but-set-variable -Wno-unused-parameter -Werror -Wno-error=unused-but-set-variable -Wno-error=unused-parameter -I/shim-build/shim-16.1/Cryptlib/OpenSSL -I/shim-build/shim-16.1/Cryptlib -I/shim-build/shim-16.1/Cryptlib/OpenSSL/Include/ -I/shim-build/shim-16.1/Cryptlib/OpenSSL/crypto -I/shim-build/shim-16.1/Cryptlib/Include -I/shim-build/shim-16.1/gnu-efi/inc -I/shim-build/shim-16.1/gnu-efi/inc/aarch64 -I/shim-build/shim-16.1/gnu-efi/inc/protocol -I/shim-build/shim-16.1/Cryptlib/OpenSSL/crypto/asn1 -I/shim-build/shim-16.1/Cryptlib/OpenSSL/crypto/evp -I/shim-build/shim-16.1/Cryptlib/OpenSSL/crypto/modes -I/shim-build/shim-16.1/Cryptlib/OpenSSL/crypto/include -isystem /shim-build/shim-16.1/include/system -isystem /usr/lib/gcc-cross/aarch64-linux-gnu/11/include -DL_ENDIAN -D_CRT_SECURE_NO_DEPRECATE -D_CRT_NONSTDC_NO_DEPRECATE -DOPENSSL_SMALL_FOOTPRINT -DPEDANTIC -DMDE_CPU_AARCH64   -c -o crypto/x509/x509_obj.o /shim-build/shim-16.1/Cryptlib/OpenSSL/crypto/x509/x509_obj.c
#14 141.1 aarch64-linux-gnu-gcc -std=gnu11 -ggdb -gdwarf-4 -gstrict-dwarf -ffreestanding -fmacro-prefix-map=/shim-build/shim-16.1/= -fno-stack-protector -fno-strict-aliasing -fpic -fshort-wchar -nostdinc -Os -Wall -Wextra -Wno-missing-field-initializers -Wno-empty-body -Wno-implicit-fallthrough -Wno-old-style-declaration -Wno-unused-but-set-variable -Wno-unused-parameter -Werror -Wno-error=unused-but-set-variable -Wno-error=unused-parameter -I/shim-build/shim-16.1/Cryptlib/OpenSSL -I/shim-build/shim-16.1/Cryptlib -I/shim-build/shim-16.1/Cryptlib/OpenSSL/Include/ -I/shim-build/shim-16.1/Cryptlib/OpenSSL/crypto -I/shim-build/shim-16.1/Cryptlib/Include -I/shim-build/shim-16.1/gnu-efi/inc -I/shim-build/shim-16.1/gnu-efi/inc/aarch64 -I/shim-build/shim-16.1/gnu-efi/inc/protocol -I/shim-build/shim-16.1/Cryptlib/OpenSSL/crypto/asn1 -I/shim-build/shim-16.1/Cryptlib/OpenSSL/crypto/evp -I/shim-build/shim-16.1/Cryptlib/OpenSSL/crypto/modes -I/shim-build/shim-16.1/Cryptlib/OpenSSL/crypto/include -isystem /shim-build/shim-16.1/include/system -isystem /usr/lib/gcc-cross/aarch64-linux-gnu/11/include -DL_ENDIAN -D_CRT_SECURE_NO_DEPRECATE -D_CRT_NONSTDC_NO_DEPRECATE -DOPENSSL_SMALL_FOOTPRINT -DPEDANTIC -DMDE_CPU_AARCH64   -c -o crypto/x509/x509_req.o /shim-build/shim-16.1/Cryptlib/OpenSSL/crypto/x509/x509_req.c
#14 141.6 aarch64-linux-gnu-gcc -std=gnu11 -ggdb -gdwarf-4 -gstrict-dwarf -ffreestanding -fmacro-prefix-map=/shim-build/shim-16.1/= -fno-stack-protector -fno-strict-aliasing -fpic -fshort-wchar -nostdinc -Os -Wall -Wextra -Wno-missing-field-initializers -Wno-empty-body -Wno-implicit-fallthrough -Wno-old-style-declaration -Wno-unused-but-set-variable -Wno-unused-parameter -Werror -Wno-error=unused-but-set-variable -Wno-error=unused-parameter -I/shim-build/shim-16.1/Cryptlib/OpenSSL -I/shim-build/shim-16.1/Cryptlib -I/shim-build/shim-16.1/Cryptlib/OpenSSL/Include/ -I/shim-build/shim-16.1/Cryptlib/OpenSSL/crypto -I/shim-build/shim-16.1/Cryptlib/Include -I/shim-build/shim-16.1/gnu-efi/inc -I/shim-build/shim-16.1/gnu-efi/inc/aarch64 -I/shim-build/shim-16.1/gnu-efi/inc/protocol -I/shim-build/shim-16.1/Cryptlib/OpenSSL/crypto/asn1 -I/shim-build/shim-16.1/Cryptlib/OpenSSL/crypto/evp -I/shim-build/shim-16.1/Cryptlib/OpenSSL/crypto/modes -I/shim-build/shim-16.1/Cryptlib/OpenSSL/crypto/include -isystem /shim-build/shim-16.1/include/system -isystem /usr/lib/gcc-cross/aarch64-linux-gnu/11/include -DL_ENDIAN -D_CRT_SECURE_NO_DEPRECATE -D_CRT_NONSTDC_NO_DEPRECATE -DOPENSSL_SMALL_FOOTPRINT -DPEDANTIC -DMDE_CPU_AARCH64   -c -o crypto/x509/x509spki.o /shim-build/shim-16.1/Cryptlib/OpenSSL/crypto/x509/x509spki.c
#14 142.0 aarch64-linux-gnu-gcc -std=gnu11 -ggdb -gdwarf-4 -gstrict-dwarf -ffreestanding -fmacro-prefix-map=/shim-build/shim-16.1/= -fno-stack-protector -fno-strict-aliasing -fpic -fshort-wchar -nostdinc -Os -Wall -Wextra -Wno-missing-field-initializers -Wno-empty-body -Wno-implicit-fallthrough -Wno-old-style-declaration -Wno-unused-but-set-variable -Wno-unused-parameter -Werror -Wno-error=unused-but-set-variable -Wno-error=unused-parameter -I/shim-build/shim-16.1/Cryptlib/OpenSSL -I/shim-build/shim-16.1/Cryptlib -I/shim-build/shim-16.1/Cryptlib/OpenSSL/Include/ -I/shim-build/shim-16.1/Cryptlib/OpenSSL/crypto -I/shim-build/shim-16.1/Cryptlib/Include -I/shim-build/shim-16.1/gnu-efi/inc -I/shim-build/shim-16.1/gnu-efi/inc/aarch64 -I/shim-build/shim-16.1/gnu-efi/inc/protocol -I/shim-build/shim-16.1/Cryptlib/OpenSSL/crypto/asn1 -I/shim-build/shim-16.1/Cryptlib/OpenSSL/crypto/evp -I/shim-build/shim-16.1/Cryptlib/OpenSSL/crypto/modes -I/shim-build/shim-16.1/Cryptlib/OpenSSL/crypto/include -isystem /shim-build/shim-16.1/include/system -isystem /usr/lib/gcc-cross/aarch64-linux-gnu/11/include -DL_ENDIAN -D_CRT_SECURE_NO_DEPRECATE -D_CRT_NONSTDC_NO_DEPRECATE -DOPENSSL_SMALL_FOOTPRINT -DPEDANTIC -DMDE_CPU_AARCH64   -c -o crypto/x509/x509_vfy.o /shim-build/shim-16.1/Cryptlib/OpenSSL/crypto/x509/x509_vfy.c
#14 142.8 aarch64-linux-gnu-gcc -std=gnu11 -ggdb -gdwarf-4 -gstrict-dwarf -ffreestanding -fmacro-prefix-map=/shim-build/shim-16.1/= -fno-stack-protector -fno-strict-aliasing -fpic -fshort-wchar -nostdinc -Os -Wall -Wextra -Wno-missing-field-initializers -Wno-empty-body -Wno-implicit-fallthrough -Wno-old-style-declaration -Wno-unused-but-set-variable -Wno-unused-parameter -Werror -Wno-error=unused-but-set-variable -Wno-error=unused-parameter -I/shim-build/shim-16.1/Cryptlib/OpenSSL -I/shim-build/shim-16.1/Cryptlib -I/shim-build/shim-16.1/Cryptlib/OpenSSL/Include/ -I/shim-build/shim-16.1/Cryptlib/OpenSSL/crypto -I/shim-build/shim-16.1/Cryptlib/Include -I/shim-build/shim-16.1/gnu-efi/inc -I/shim-build/shim-16.1/gnu-efi/inc/aarch64 -I/shim-build/shim-16.1/gnu-efi/inc/protocol -I/shim-build/shim-16.1/Cryptlib/OpenSSL/crypto/asn1 -I/shim-build/shim-16.1/Cryptlib/OpenSSL/crypto/evp -I/shim-build/shim-16.1/Cryptlib/OpenSSL/crypto/modes -I/shim-build/shim-16.1/Cryptlib/OpenSSL/crypto/include -isystem /shim-build/shim-16.1/include/system -isystem /usr/lib/gcc-cross/aarch64-linux-gnu/11/include -DL_ENDIAN -D_CRT_SECURE_NO_DEPRECATE -D_CRT_NONSTDC_NO_DEPRECATE -DOPENSSL_SMALL_FOOTPRINT -DPEDANTIC -DMDE_CPU_AARCH64   -c -o crypto/x509/x509_set.o /shim-build/shim-16.1/Cryptlib/OpenSSL/crypto/x509/x509_set.c
#14 143.2 aarch64-linux-gnu-gcc -std=gnu11 -ggdb -gdwarf-4 -gstrict-dwarf -ffreestanding -fmacro-prefix-map=/shim-build/shim-16.1/= -fno-stack-protector -fno-strict-aliasing -fpic -fshort-wchar -nostdinc -Os -Wall -Wextra -Wno-missing-field-initializers -Wno-empty-body -Wno-implicit-fallthrough -Wno-old-style-declaration -Wno-unused-but-set-variable -Wno-unused-parameter -Werror -Wno-error=unused-but-set-variable -Wno-error=unused-parameter -I/shim-build/shim-16.1/Cryptlib/OpenSSL -I/shim-build/shim-16.1/Cryptlib -I/shim-build/shim-16.1/Cryptlib/OpenSSL/Include/ -I/shim-build/shim-16.1/Cryptlib/OpenSSL/crypto -I/shim-build/shim-16.1/Cryptlib/Include -I/shim-build/shim-16.1/gnu-efi/inc -I/shim-build/shim-16.1/gnu-efi/inc/aarch64 -I/shim-build/shim-16.1/gnu-efi/inc/protocol -I/shim-build/shim-16.1/Cryptlib/OpenSSL/crypto/asn1 -I/shim-build/shim-16.1/Cryptlib/OpenSSL/crypto/evp -I/shim-build/shim-16.1/Cryptlib/OpenSSL/crypto/modes -I/shim-build/shim-16.1/Cryptlib/OpenSSL/crypto/include -isystem /shim-build/shim-16.1/include/system -isystem /usr/lib/gcc-cross/aarch64-linux-gnu/11/include -DL_ENDIAN -D_CRT_SECURE_NO_DEPRECATE -D_CRT_NONSTDC_NO_DEPRECATE -DOPENSSL_SMALL_FOOTPRINT -DPEDANTIC -DMDE_CPU_AARCH64   -c -o crypto/x509/x509cset.o /shim-build/shim-16.1/Cryptlib/OpenSSL/crypto/x509/x509cset.c
#14 143.6 aarch64-linux-gnu-gcc -std=gnu11 -ggdb -gdwarf-4 -gstrict-dwarf -ffreestanding -fmacro-prefix-map=/shim-build/shim-16.1/= -fno-stack-protector -fno-strict-aliasing -fpic -fshort-wchar -nostdinc -Os -Wall -Wextra -Wno-missing-field-initializers -Wno-empty-body -Wno-implicit-fallthrough -Wno-old-style-declaration -Wno-unused-but-set-variable -Wno-unused-parameter -Werror -Wno-error=unused-but-set-variable -Wno-error=unused-parameter -I/shim-build/shim-16.1/Cryptlib/OpenSSL -I/shim-build/shim-16.1/Cryptlib -I/shim-build/shim-16.1/Cryptlib/OpenSSL/Include/ -I/shim-build/shim-16.1/Cryptlib/OpenSSL/crypto -I/shim-build/shim-16.1/Cryptlib/Include -I/shim-build/shim-16.1/gnu-efi/inc -I/shim-build/shim-16.1/gnu-efi/inc/aarch64 -I/shim-build/shim-16.1/gnu-efi/inc/protocol -I/shim-build/shim-16.1/Cryptlib/OpenSSL/crypto/asn1 -I/shim-build/shim-16.1/Cryptlib/OpenSSL/crypto/evp -I/shim-build/shim-16.1/Cryptlib/OpenSSL/crypto/modes -I/shim-build/shim-16.1/Cryptlib/OpenSSL/crypto/include -isystem /shim-build/shim-16.1/include/system -isystem /usr/lib/gcc-cross/aarch64-linux-gnu/11/include -DL_ENDIAN -D_CRT_SECURE_NO_DEPRECATE -D_CRT_NONSTDC_NO_DEPRECATE -DOPENSSL_SMALL_FOOTPRINT -DPEDANTIC -DMDE_CPU_AARCH64   -c -o crypto/x509/x509rset.o /shim-build/shim-16.1/Cryptlib/OpenSSL/crypto/x509/x509rset.c
#14 144.0 aarch64-linux-gnu-gcc -std=gnu11 -ggdb -gdwarf-4 -gstrict-dwarf -ffreestanding -fmacro-prefix-map=/shim-build/shim-16.1/= -fno-stack-protector -fno-strict-aliasing -fpic -fshort-wchar -nostdinc -Os -Wall -Wextra -Wno-missing-field-initializers -Wno-empty-body -Wno-implicit-fallthrough -Wno-old-style-declaration -Wno-unused-but-set-variable -Wno-unused-parameter -Werror -Wno-error=unused-but-set-variable -Wno-error=unused-parameter -I/shim-build/shim-16.1/Cryptlib/OpenSSL -I/shim-build/shim-16.1/Cryptlib -I/shim-build/shim-16.1/Cryptlib/OpenSSL/Include/ -I/shim-build/shim-16.1/Cryptlib/OpenSSL/crypto -I/shim-build/shim-16.1/Cryptlib/Include -I/shim-build/shim-16.1/gnu-efi/inc -I/shim-build/shim-16.1/gnu-efi/inc/aarch64 -I/shim-build/shim-16.1/gnu-efi/inc/protocol -I/shim-build/shim-16.1/Cryptlib/OpenSSL/crypto/asn1 -I/shim-build/shim-16.1/Cryptlib/OpenSSL/crypto/evp -I/shim-build/shim-16.1/Cryptlib/OpenSSL/crypto/modes -I/shim-build/shim-16.1/Cryptlib/OpenSSL/crypto/include -isystem /shim-build/shim-16.1/include/system -isystem /usr/lib/gcc-cross/aarch64-linux-gnu/11/include -DL_ENDIAN -D_CRT_SECURE_NO_DEPRECATE -D_CRT_NONSTDC_NO_DEPRECATE -DOPENSSL_SMALL_FOOTPRINT -DPEDANTIC -DMDE_CPU_AARCH64   -c -o crypto/x509/x509_err.o /shim-build/shim-16.1/Cryptlib/OpenSSL/crypto/x509/x509_err.c
#14 144.2 aarch64-linux-gnu-gcc -std=gnu11 -ggdb -gdwarf-4 -gstrict-dwarf -ffreestanding -fmacro-prefix-map=/shim-build/shim-16.1/= -fno-stack-protector -fno-strict-aliasing -fpic -fshort-wchar -nostdinc -Os -Wall -Wextra -Wno-missing-field-initializers -Wno-empty-body -Wno-implicit-fallthrough -Wno-old-style-declaration -Wno-unused-but-set-variable -Wno-unused-parameter -Werror -Wno-error=unused-but-set-variable -Wno-error=unused-parameter -I/shim-build/shim-16.1/Cryptlib/OpenSSL -I/shim-build/shim-16.1/Cryptlib -I/shim-build/shim-16.1/Cryptlib/OpenSSL/Include/ -I/shim-build/shim-16.1/Cryptlib/OpenSSL/crypto -I/shim-build/shim-16.1/Cryptlib/Include -I/shim-build/shim-16.1/gnu-efi/inc -I/shim-build/shim-16.1/gnu-efi/inc/aarch64 -I/shim-build/shim-16.1/gnu-efi/inc/protocol -I/shim-build/shim-16.1/Cryptlib/OpenSSL/crypto/asn1 -I/shim-build/shim-16.1/Cryptlib/OpenSSL/crypto/evp -I/shim-build/shim-16.1/Cryptlib/OpenSSL/crypto/modes -I/shim-build/shim-16.1/Cryptlib/OpenSSL/crypto/include -isystem /shim-build/shim-16.1/include/system -isystem /usr/lib/gcc-cross/aarch64-linux-gnu/11/include -DL_ENDIAN -D_CRT_SECURE_NO_DEPRECATE -D_CRT_NONSTDC_NO_DEPRECATE -DOPENSSL_SMALL_FOOTPRINT -DPEDANTIC -DMDE_CPU_AARCH64   -c -o crypto/x509/x509name.o /shim-build/shim-16.1/Cryptlib/OpenSSL/crypto/x509/x509name.c
#14 144.7 aarch64-linux-gnu-gcc -std=gnu11 -ggdb -gdwarf-4 -gstrict-dwarf -ffreestanding -fmacro-prefix-map=/shim-build/shim-16.1/= -fno-stack-protector -fno-strict-aliasing -fpic -fshort-wchar -nostdinc -Os -Wall -Wextra -Wno-missing-field-initializers -Wno-empty-body -Wno-implicit-fallthrough -Wno-old-style-declaration -Wno-unused-but-set-variable -Wno-unused-parameter -Werror -Wno-error=unused-but-set-variable -Wno-error=unused-parameter -I/shim-build/shim-16.1/Cryptlib/OpenSSL -I/shim-build/shim-16.1/Cryptlib -I/shim-build/shim-16.1/Cryptlib/OpenSSL/Include/ -I/shim-build/shim-16.1/Cryptlib/OpenSSL/crypto -I/shim-build/shim-16.1/Cryptlib/Include -I/shim-build/shim-16.1/gnu-efi/inc -I/shim-build/shim-16.1/gnu-efi/inc/aarch64 -I/shim-build/shim-16.1/gnu-efi/inc/protocol -I/shim-build/shim-16.1/Cryptlib/OpenSSL/crypto/asn1 -I/shim-build/shim-16.1/Cryptlib/OpenSSL/crypto/evp -I/shim-build/shim-16.1/Cryptlib/OpenSSL/crypto/modes -I/shim-build/shim-16.1/Cryptlib/OpenSSL/crypto/include -isystem /shim-build/shim-16.1/include/system -isystem /usr/lib/gcc-cross/aarch64-linux-gnu/11/include -DL_ENDIAN -D_CRT_SECURE_NO_DEPRECATE -D_CRT_NONSTDC_NO_DEPRECATE -DOPENSSL_SMALL_FOOTPRINT -DPEDANTIC -DMDE_CPU_AARCH64   -c -o crypto/x509/x509_v3.o /shim-build/shim-16.1/Cryptlib/OpenSSL/crypto/x509/x509_v3.c
#14 145.2 aarch64-linux-gnu-gcc -std=gnu11 -ggdb -gdwarf-4 -gstrict-dwarf -ffreestanding -fmacro-prefix-map=/shim-build/shim-16.1/= -fno-stack-protector -fno-strict-aliasing -fpic -fshort-wchar -nostdinc -Os -Wall -Wextra -Wno-missing-field-initializers -Wno-empty-body -Wno-implicit-fallthrough -Wno-old-style-declaration -Wno-unused-but-set-variable -Wno-unused-parameter -Werror -Wno-error=unused-but-set-variable -Wno-error=unused-parameter -I/shim-build/shim-16.1/Cryptlib/OpenSSL -I/shim-build/shim-16.1/Cryptlib -I/shim-build/shim-16.1/Cryptlib/OpenSSL/Include/ -I/shim-build/shim-16.1/Cryptlib/OpenSSL/crypto -I/shim-build/shim-16.1/Cryptlib/Include -I/shim-build/shim-16.1/gnu-efi/inc -I/shim-build/shim-16.1/gnu-efi/inc/aarch64 -I/shim-build/shim-16.1/gnu-efi/inc/protocol -I/shim-build/shim-16.1/Cryptlib/OpenSSL/crypto/asn1 -I/shim-build/shim-16.1/Cryptlib/OpenSSL/crypto/evp -I/shim-build/shim-16.1/Cryptlib/OpenSSL/crypto/modes -I/shim-build/shim-16.1/Cryptlib/OpenSSL/crypto/include -isystem /shim-build/shim-16.1/include/system -isystem /usr/lib/gcc-cross/aarch64-linux-gnu/11/include -DL_ENDIAN -D_CRT_SECURE_NO_DEPRECATE -D_CRT_NONSTDC_NO_DEPRECATE -DOPENSSL_SMALL_FOOTPRINT -DPEDANTIC -DMDE_CPU_AARCH64   -c -o crypto/x509/x509_ext.o /shim-build/shim-16.1/Cryptlib/OpenSSL/crypto/x509/x509_ext.c
#14 145.5 aarch64-linux-gnu-gcc -std=gnu11 -ggdb -gdwarf-4 -gstrict-dwarf -ffreestanding -fmacro-prefix-map=/shim-build/shim-16.1/= -fno-stack-protector -fno-strict-aliasing -fpic -fshort-wchar -nostdinc -Os -Wall -Wextra -Wno-missing-field-initializers -Wno-empty-body -Wno-implicit-fallthrough -Wno-old-style-declaration -Wno-unused-but-set-variable -Wno-unused-parameter -Werror -Wno-error=unused-but-set-variable -Wno-error=unused-parameter -I/shim-build/shim-16.1/Cryptlib/OpenSSL -I/shim-build/shim-16.1/Cryptlib -I/shim-build/shim-16.1/Cryptlib/OpenSSL/Include/ -I/shim-build/shim-16.1/Cryptlib/OpenSSL/crypto -I/shim-build/shim-16.1/Cryptlib/Include -I/shim-build/shim-16.1/gnu-efi/inc -I/shim-build/shim-16.1/gnu-efi/inc/aarch64 -I/shim-build/shim-16.1/gnu-efi/inc/protocol -I/shim-build/shim-16.1/Cryptlib/OpenSSL/crypto/asn1 -I/shim-build/shim-16.1/Cryptlib/OpenSSL/crypto/evp -I/shim-build/shim-16.1/Cryptlib/OpenSSL/crypto/modes -I/shim-build/shim-16.1/Cryptlib/OpenSSL/crypto/include -isystem /shim-build/shim-16.1/include/system -isystem /usr/lib/gcc-cross/aarch64-linux-gnu/11/include -DL_ENDIAN -D_CRT_SECURE_NO_DEPRECATE -D_CRT_NONSTDC_NO_DEPRECATE -DOPENSSL_SMALL_FOOTPRINT -DPEDANTIC -DMDE_CPU_AARCH64   -c -o crypto/x509/x509_att.o /shim-build/shim-16.1/Cryptlib/OpenSSL/crypto/x509/x509_att.c
#14 146.1 aarch64-linux-gnu-gcc -std=gnu11 -ggdb -gdwarf-4 -gstrict-dwarf -ffreestanding -fmacro-prefix-map=/shim-build/shim-16.1/= -fno-stack-protector -fno-strict-aliasing -fpic -fshort-wchar -nostdinc -Os -Wall -Wextra -Wno-missing-field-initializers -Wno-empty-body -Wno-implicit-fallthrough -Wno-old-style-declaration -Wno-unused-but-set-variable -Wno-unused-parameter -Werror -Wno-error=unused-but-set-variable -Wno-error=unused-parameter -I/shim-build/shim-16.1/Cryptlib/OpenSSL -I/shim-build/shim-16.1/Cryptlib -I/shim-build/shim-16.1/Cryptlib/OpenSSL/Include/ -I/shim-build/shim-16.1/Cryptlib/OpenSSL/crypto -I/shim-build/shim-16.1/Cryptlib/Include -I/shim-build/shim-16.1/gnu-efi/inc -I/shim-build/shim-16.1/gnu-efi/inc/aarch64 -I/shim-build/shim-16.1/gnu-efi/inc/protocol -I/shim-build/shim-16.1/Cryptlib/OpenSSL/crypto/asn1 -I/shim-build/shim-16.1/Cryptlib/OpenSSL/crypto/evp -I/shim-build/shim-16.1/Cryptlib/OpenSSL/crypto/modes -I/shim-build/shim-16.1/Cryptlib/OpenSSL/crypto/include -isystem /shim-build/shim-16.1/include/system -isystem /usr/lib/gcc-cross/aarch64-linux-gnu/11/include -DL_ENDIAN -D_CRT_SECURE_NO_DEPRECATE -D_CRT_NONSTDC_NO_DEPRECATE -DOPENSSL_SMALL_FOOTPRINT -DPEDANTIC -DMDE_CPU_AARCH64   -c -o crypto/x509/x509type.o /shim-build/shim-16.1/Cryptlib/OpenSSL/crypto/x509/x509type.c
#14 146.5 aarch64-linux-gnu-gcc -std=gnu11 -ggdb -gdwarf-4 -gstrict-dwarf -ffreestanding -fmacro-prefix-map=/shim-build/shim-16.1/= -fno-stack-protector -fno-strict-aliasing -fpic -fshort-wchar -nostdinc -Os -Wall -Wextra -Wno-missing-field-initializers -Wno-empty-body -Wno-implicit-fallthrough -Wno-old-style-declaration -Wno-unused-but-set-variable -Wno-unused-parameter -Werror -Wno-error=unused-but-set-variable -Wno-error=unused-parameter -I/shim-build/shim-16.1/Cryptlib/OpenSSL -I/shim-build/shim-16.1/Cryptlib -I/shim-build/shim-16.1/Cryptlib/OpenSSL/Include/ -I/shim-build/shim-16.1/Cryptlib/OpenSSL/crypto -I/shim-build/shim-16.1/Cryptlib/Include -I/shim-build/shim-16.1/gnu-efi/inc -I/shim-build/shim-16.1/gnu-efi/inc/aarch64 -I/shim-build/shim-16.1/gnu-efi/inc/protocol -I/shim-build/shim-16.1/Cryptlib/OpenSSL/crypto/asn1 -I/shim-build/shim-16.1/Cryptlib/OpenSSL/crypto/evp -I/shim-build/shim-16.1/Cryptlib/OpenSSL/crypto/modes -I/shim-build/shim-16.1/Cryptlib/OpenSSL/crypto/include -isystem /shim-build/shim-16.1/include/system -isystem /usr/lib/gcc-cross/aarch64-linux-gnu/11/include -DL_ENDIAN -D_CRT_SECURE_NO_DEPRECATE -D_CRT_NONSTDC_NO_DEPRECATE -DOPENSSL_SMALL_FOOTPRINT -DPEDANTIC -DMDE_CPU_AARCH64   -c -o crypto/x509/x509_lu.o /shim-build/shim-16.1/Cryptlib/OpenSSL/crypto/x509/x509_lu.c
#14 147.0 aarch64-linux-gnu-gcc -std=gnu11 -ggdb -gdwarf-4 -gstrict-dwarf -ffreestanding -fmacro-prefix-map=/shim-build/shim-16.1/= -fno-stack-protector -fno-strict-aliasing -fpic -fshort-wchar -nostdinc -Os -Wall -Wextra -Wno-missing-field-initializers -Wno-empty-body -Wno-implicit-fallthrough -Wno-old-style-declaration -Wno-unused-but-set-variable -Wno-unused-parameter -Werror -Wno-error=unused-but-set-variable -Wno-error=unused-parameter -I/shim-build/shim-16.1/Cryptlib/OpenSSL -I/shim-build/shim-16.1/Cryptlib -I/shim-build/shim-16.1/Cryptlib/OpenSSL/Include/ -I/shim-build/shim-16.1/Cryptlib/OpenSSL/crypto -I/shim-build/shim-16.1/Cryptlib/Include -I/shim-build/shim-16.1/gnu-efi/inc -I/shim-build/shim-16.1/gnu-efi/inc/aarch64 -I/shim-build/shim-16.1/gnu-efi/inc/protocol -I/shim-build/shim-16.1/Cryptlib/OpenSSL/crypto/asn1 -I/shim-build/shim-16.1/Cryptlib/OpenSSL/crypto/evp -I/shim-build/shim-16.1/Cryptlib/OpenSSL/crypto/modes -I/shim-build/shim-16.1/Cryptlib/OpenSSL/crypto/include -isystem /shim-build/shim-16.1/include/system -isystem /usr/lib/gcc-cross/aarch64-linux-gnu/11/include -DL_ENDIAN -D_CRT_SECURE_NO_DEPRECATE -D_CRT_NONSTDC_NO_DEPRECATE -DOPENSSL_SMALL_FOOTPRINT -DPEDANTIC -DMDE_CPU_AARCH64   -c -o crypto/x509/x_all.o /shim-build/shim-16.1/Cryptlib/OpenSSL/crypto/x509/x_all.c
#14 147.4 aarch64-linux-gnu-gcc -std=gnu11 -ggdb -gdwarf-4 -gstrict-dwarf -ffreestanding -fmacro-prefix-map=/shim-build/shim-16.1/= -fno-stack-protector -fno-strict-aliasing -fpic -fshort-wchar -nostdinc -Os -Wall -Wextra -Wno-missing-field-initializers -Wno-empty-body -Wno-implicit-fallthrough -Wno-old-style-declaration -Wno-unused-but-set-variable -Wno-unused-parameter -Werror -Wno-error=unused-but-set-variable -Wno-error=unused-parameter -I/shim-build/shim-16.1/Cryptlib/OpenSSL -I/shim-build/shim-16.1/Cryptlib -I/shim-build/shim-16.1/Cryptlib/OpenSSL/Include/ -I/shim-build/shim-16.1/Cryptlib/OpenSSL/crypto -I/shim-build/shim-16.1/Cryptlib/Include -I/shim-build/shim-16.1/gnu-efi/inc -I/shim-build/shim-16.1/gnu-efi/inc/aarch64 -I/shim-build/shim-16.1/gnu-efi/inc/protocol -I/shim-build/shim-16.1/Cryptlib/OpenSSL/crypto/asn1 -I/shim-build/shim-16.1/Cryptlib/OpenSSL/crypto/evp -I/shim-build/shim-16.1/Cryptlib/OpenSSL/crypto/modes -I/shim-build/shim-16.1/Cryptlib/OpenSSL/crypto/include -isystem /shim-build/shim-16.1/include/system -isystem /usr/lib/gcc-cross/aarch64-linux-gnu/11/include -DL_ENDIAN -D_CRT_SECURE_NO_DEPRECATE -D_CRT_NONSTDC_NO_DEPRECATE -DOPENSSL_SMALL_FOOTPRINT -DPEDANTIC -DMDE_CPU_AARCH64   -c -o crypto/x509/x509_txt.o /shim-build/shim-16.1/Cryptlib/OpenSSL/crypto/x509/x509_txt.c
#14 147.8 aarch64-linux-gnu-gcc -std=gnu11 -ggdb -gdwarf-4 -gstrict-dwarf -ffreestanding -fmacro-prefix-map=/shim-build/shim-16.1/= -fno-stack-protector -fno-strict-aliasing -fpic -fshort-wchar -nostdinc -Os -Wall -Wextra -Wno-missing-field-initializers -Wno-empty-body -Wno-implicit-fallthrough -Wno-old-style-declaration -Wno-unused-but-set-variable -Wno-unused-parameter -Werror -Wno-error=unused-but-set-variable -Wno-error=unused-parameter -I/shim-build/shim-16.1/Cryptlib/OpenSSL -I/shim-build/shim-16.1/Cryptlib -I/shim-build/shim-16.1/Cryptlib/OpenSSL/Include/ -I/shim-build/shim-16.1/Cryptlib/OpenSSL/crypto -I/shim-build/shim-16.1/Cryptlib/Include -I/shim-build/shim-16.1/gnu-efi/inc -I/shim-build/shim-16.1/gnu-efi/inc/aarch64 -I/shim-build/shim-16.1/gnu-efi/inc/protocol -I/shim-build/shim-16.1/Cryptlib/OpenSSL/crypto/asn1 -I/shim-build/shim-16.1/Cryptlib/OpenSSL/crypto/evp -I/shim-build/shim-16.1/Cryptlib/OpenSSL/crypto/modes -I/shim-build/shim-16.1/Cryptlib/OpenSSL/crypto/include -isystem /shim-build/shim-16.1/include/system -isystem /usr/lib/gcc-cross/aarch64-linux-gnu/11/include -DL_ENDIAN -D_CRT_SECURE_NO_DEPRECATE -D_CRT_NONSTDC_NO_DEPRECATE -DOPENSSL_SMALL_FOOTPRINT -DPEDANTIC -DMDE_CPU_AARCH64   -c -o crypto/x509/x509_trs.o /shim-build/shim-16.1/Cryptlib/OpenSSL/crypto/x509/x509_trs.c
#14 148.3 aarch64-linux-gnu-gcc -std=gnu11 -ggdb -gdwarf-4 -gstrict-dwarf -ffreestanding -fmacro-prefix-map=/shim-build/shim-16.1/= -fno-stack-protector -fno-strict-aliasing -fpic -fshort-wchar -nostdinc -Os -Wall -Wextra -Wno-missing-field-initializers -Wno-empty-body -Wno-implicit-fallthrough -Wno-old-style-declaration -Wno-unused-but-set-variable -Wno-unused-parameter -Werror -Wno-error=unused-but-set-variable -Wno-error=unused-parameter -I/shim-build/shim-16.1/Cryptlib/OpenSSL -I/shim-build/shim-16.1/Cryptlib -I/shim-build/shim-16.1/Cryptlib/OpenSSL/Include/ -I/shim-build/shim-16.1/Cryptlib/OpenSSL/crypto -I/shim-build/shim-16.1/Cryptlib/Include -I/shim-build/shim-16.1/gnu-efi/inc -I/shim-build/shim-16.1/gnu-efi/inc/aarch64 -I/shim-build/shim-16.1/gnu-efi/inc/protocol -I/shim-build/shim-16.1/Cryptlib/OpenSSL/crypto/asn1 -I/shim-build/shim-16.1/Cryptlib/OpenSSL/crypto/evp -I/shim-build/shim-16.1/Cryptlib/OpenSSL/crypto/modes -I/shim-build/shim-16.1/Cryptlib/OpenSSL/crypto/include -isystem /shim-build/shim-16.1/include/system -isystem /usr/lib/gcc-cross/aarch64-linux-gnu/11/include -DL_ENDIAN -D_CRT_SECURE_NO_DEPRECATE -D_CRT_NONSTDC_NO_DEPRECATE -DOPENSSL_SMALL_FOOTPRINT -DPEDANTIC -DMDE_CPU_AARCH64   -c -o crypto/x509/x509_vpm.o /shim-build/shim-16.1/Cryptlib/OpenSSL/crypto/x509/x509_vpm.c
#14 148.8 aarch64-linux-gnu-gcc -std=gnu11 -ggdb -gdwarf-4 -gstrict-dwarf -ffreestanding -fmacro-prefix-map=/shim-build/shim-16.1/= -fno-stack-protector -fno-strict-aliasing -fpic -fshort-wchar -nostdinc -Os -Wall -Wextra -Wno-missing-field-initializers -Wno-empty-body -Wno-implicit-fallthrough -Wno-old-style-declaration -Wno-unused-but-set-variable -Wno-unused-parameter -Werror -Wno-error=unused-but-set-variable -Wno-error=unused-parameter -I/shim-build/shim-16.1/Cryptlib/OpenSSL -I/shim-build/shim-16.1/Cryptlib -I/shim-build/shim-16.1/Cryptlib/OpenSSL/Include/ -I/shim-build/shim-16.1/Cryptlib/OpenSSL/crypto -I/shim-build/shim-16.1/Cryptlib/Include -I/shim-build/shim-16.1/gnu-efi/inc -I/shim-build/shim-16.1/gnu-efi/inc/aarch64 -I/shim-build/shim-16.1/gnu-efi/inc/protocol -I/shim-build/shim-16.1/Cryptlib/OpenSSL/crypto/asn1 -I/shim-build/shim-16.1/Cryptlib/OpenSSL/crypto/evp -I/shim-build/shim-16.1/Cryptlib/OpenSSL/crypto/modes -I/shim-build/shim-16.1/Cryptlib/OpenSSL/crypto/include -isystem /shim-build/shim-16.1/include/system -isystem /usr/lib/gcc-cross/aarch64-linux-gnu/11/include -DL_ENDIAN -D_CRT_SECURE_NO_DEPRECATE -D_CRT_NONSTDC_NO_DEPRECATE -DOPENSSL_SMALL_FOOTPRINT -DPEDANTIC -DMDE_CPU_AARCH64   -c -o crypto/x509v3/v3_bcons.o /shim-build/shim-16.1/Cryptlib/OpenSSL/crypto/x509v3/v3_bcons.c
#14 149.2 aarch64-linux-gnu-gcc -std=gnu11 -ggdb -gdwarf-4 -gstrict-dwarf -ffreestanding -fmacro-prefix-map=/shim-build/shim-16.1/= -fno-stack-protector -fno-strict-aliasing -fpic -fshort-wchar -nostdinc -Os -Wall -Wextra -Wno-missing-field-initializers -Wno-empty-body -Wno-implicit-fallthrough -Wno-old-style-declaration -Wno-unused-but-set-variable -Wno-unused-parameter -Werror -Wno-error=unused-but-set-variable -Wno-error=unused-parameter -I/shim-build/shim-16.1/Cryptlib/OpenSSL -I/shim-build/shim-16.1/Cryptlib -I/shim-build/shim-16.1/Cryptlib/OpenSSL/Include/ -I/shim-build/shim-16.1/Cryptlib/OpenSSL/crypto -I/shim-build/shim-16.1/Cryptlib/Include -I/shim-build/shim-16.1/gnu-efi/inc -I/shim-build/shim-16.1/gnu-efi/inc/aarch64 -I/shim-build/shim-16.1/gnu-efi/inc/protocol -I/shim-build/shim-16.1/Cryptlib/OpenSSL/crypto/asn1 -I/shim-build/shim-16.1/Cryptlib/OpenSSL/crypto/evp -I/shim-build/shim-16.1/Cryptlib/OpenSSL/crypto/modes -I/shim-build/shim-16.1/Cryptlib/OpenSSL/crypto/include -isystem /shim-build/shim-16.1/include/system -isystem /usr/lib/gcc-cross/aarch64-linux-gnu/11/include -DL_ENDIAN -D_CRT_SECURE_NO_DEPRECATE -D_CRT_NONSTDC_NO_DEPRECATE -DOPENSSL_SMALL_FOOTPRINT -DPEDANTIC -DMDE_CPU_AARCH64   -c -o crypto/x509v3/v3_bitst.o /shim-build/shim-16.1/Cryptlib/OpenSSL/crypto/x509v3/v3_bitst.c
#14 149.6 aarch64-linux-gnu-gcc -std=gnu11 -ggdb -gdwarf-4 -gstrict-dwarf -ffreestanding -fmacro-prefix-map=/shim-build/shim-16.1/= -fno-stack-protector -fno-strict-aliasing -fpic -fshort-wchar -nostdinc -Os -Wall -Wextra -Wno-missing-field-initializers -Wno-empty-body -Wno-implicit-fallthrough -Wno-old-style-declaration -Wno-unused-but-set-variable -Wno-unused-parameter -Werror -Wno-error=unused-but-set-variable -Wno-error=unused-parameter -I/shim-build/shim-16.1/Cryptlib/OpenSSL -I/shim-build/shim-16.1/Cryptlib -I/shim-build/shim-16.1/Cryptlib/OpenSSL/Include/ -I/shim-build/shim-16.1/Cryptlib/OpenSSL/crypto -I/shim-build/shim-16.1/Cryptlib/Include -I/shim-build/shim-16.1/gnu-efi/inc -I/shim-build/shim-16.1/gnu-efi/inc/aarch64 -I/shim-build/shim-16.1/gnu-efi/inc/protocol -I/shim-build/shim-16.1/Cryptlib/OpenSSL/crypto/asn1 -I/shim-build/shim-16.1/Cryptlib/OpenSSL/crypto/evp -I/shim-build/shim-16.1/Cryptlib/OpenSSL/crypto/modes -I/shim-build/shim-16.1/Cryptlib/OpenSSL/crypto/include -isystem /shim-build/shim-16.1/include/system -isystem /usr/lib/gcc-cross/aarch64-linux-gnu/11/include -DL_ENDIAN -D_CRT_SECURE_NO_DEPRECATE -D_CRT_NONSTDC_NO_DEPRECATE -DOPENSSL_SMALL_FOOTPRINT -DPEDANTIC -DMDE_CPU_AARCH64   -c -o crypto/x509v3/v3_conf.o /shim-build/shim-16.1/Cryptlib/OpenSSL/crypto/x509v3/v3_conf.c
#14 150.2 aarch64-linux-gnu-gcc -std=gnu11 -ggdb -gdwarf-4 -gstrict-dwarf -ffreestanding -fmacro-prefix-map=/shim-build/shim-16.1/= -fno-stack-protector -fno-strict-aliasing -fpic -fshort-wchar -nostdinc -Os -Wall -Wextra -Wno-missing-field-initializers -Wno-empty-body -Wno-implicit-fallthrough -Wno-old-style-declaration -Wno-unused-but-set-variable -Wno-unused-parameter -Werror -Wno-error=unused-but-set-variable -Wno-error=unused-parameter -I/shim-build/shim-16.1/Cryptlib/OpenSSL -I/shim-build/shim-16.1/Cryptlib -I/shim-build/shim-16.1/Cryptlib/OpenSSL/Include/ -I/shim-build/shim-16.1/Cryptlib/OpenSSL/crypto -I/shim-build/shim-16.1/Cryptlib/Include -I/shim-build/shim-16.1/gnu-efi/inc -I/shim-build/shim-16.1/gnu-efi/inc/aarch64 -I/shim-build/shim-16.1/gnu-efi/inc/protocol -I/shim-build/shim-16.1/Cryptlib/OpenSSL/crypto/asn1 -I/shim-build/shim-16.1/Cryptlib/OpenSSL/crypto/evp -I/shim-build/shim-16.1/Cryptlib/OpenSSL/crypto/modes -I/shim-build/shim-16.1/Cryptlib/OpenSSL/crypto/include -isystem /shim-build/shim-16.1/include/system -isystem /usr/lib/gcc-cross/aarch64-linux-gnu/11/include -DL_ENDIAN -D_CRT_SECURE_NO_DEPRECATE -D_CRT_NONSTDC_NO_DEPRECATE -DOPENSSL_SMALL_FOOTPRINT -DPEDANTIC -DMDE_CPU_AARCH64   -c -o crypto/x509v3/v3_extku.o /shim-build/shim-16.1/Cryptlib/OpenSSL/crypto/x509v3/v3_extku.c
#14 150.6 aarch64-linux-gnu-gcc -std=gnu11 -ggdb -gdwarf-4 -gstrict-dwarf -ffreestanding -fmacro-prefix-map=/shim-build/shim-16.1/= -fno-stack-protector -fno-strict-aliasing -fpic -fshort-wchar -nostdinc -Os -Wall -Wextra -Wno-missing-field-initializers -Wno-empty-body -Wno-implicit-fallthrough -Wno-old-style-declaration -Wno-unused-but-set-variable -Wno-unused-parameter -Werror -Wno-error=unused-but-set-variable -Wno-error=unused-parameter -I/shim-build/shim-16.1/Cryptlib/OpenSSL -I/shim-build/shim-16.1/Cryptlib -I/shim-build/shim-16.1/Cryptlib/OpenSSL/Include/ -I/shim-build/shim-16.1/Cryptlib/OpenSSL/crypto -I/shim-build/shim-16.1/Cryptlib/Include -I/shim-build/shim-16.1/gnu-efi/inc -I/shim-build/shim-16.1/gnu-efi/inc/aarch64 -I/shim-build/shim-16.1/gnu-efi/inc/protocol -I/shim-build/shim-16.1/Cryptlib/OpenSSL/crypto/asn1 -I/shim-build/shim-16.1/Cryptlib/OpenSSL/crypto/evp -I/shim-build/shim-16.1/Cryptlib/OpenSSL/crypto/modes -I/shim-build/shim-16.1/Cryptlib/OpenSSL/crypto/include -isystem /shim-build/shim-16.1/include/system -isystem /usr/lib/gcc-cross/aarch64-linux-gnu/11/include -DL_ENDIAN -D_CRT_SECURE_NO_DEPRECATE -D_CRT_NONSTDC_NO_DEPRECATE -DOPENSSL_SMALL_FOOTPRINT -DPEDANTIC -DMDE_CPU_AARCH64   -c -o crypto/x509v3/v3_ia5.o /shim-build/shim-16.1/Cryptlib/OpenSSL/crypto/x509v3/v3_ia5.c
#14 150.9 aarch64-linux-gnu-gcc -std=gnu11 -ggdb -gdwarf-4 -gstrict-dwarf -ffreestanding -fmacro-prefix-map=/shim-build/shim-16.1/= -fno-stack-protector -fno-strict-aliasing -fpic -fshort-wchar -nostdinc -Os -Wall -Wextra -Wno-missing-field-initializers -Wno-empty-body -Wno-implicit-fallthrough -Wno-old-style-declaration -Wno-unused-but-set-variable -Wno-unused-parameter -Werror -Wno-error=unused-but-set-variable -Wno-error=unused-parameter -I/shim-build/shim-16.1/Cryptlib/OpenSSL -I/shim-build/shim-16.1/Cryptlib -I/shim-build/shim-16.1/Cryptlib/OpenSSL/Include/ -I/shim-build/shim-16.1/Cryptlib/OpenSSL/crypto -I/shim-build/shim-16.1/Cryptlib/Include -I/shim-build/shim-16.1/gnu-efi/inc -I/shim-build/shim-16.1/gnu-efi/inc/aarch64 -I/shim-build/shim-16.1/gnu-efi/inc/protocol -I/shim-build/shim-16.1/Cryptlib/OpenSSL/crypto/asn1 -I/shim-build/shim-16.1/Cryptlib/OpenSSL/crypto/evp -I/shim-build/shim-16.1/Cryptlib/OpenSSL/crypto/modes -I/shim-build/shim-16.1/Cryptlib/OpenSSL/crypto/include -isystem /shim-build/shim-16.1/include/system -isystem /usr/lib/gcc-cross/aarch64-linux-gnu/11/include -DL_ENDIAN -D_CRT_SECURE_NO_DEPRECATE -D_CRT_NONSTDC_NO_DEPRECATE -DOPENSSL_SMALL_FOOTPRINT -DPEDANTIC -DMDE_CPU_AARCH64   -c -o crypto/x509v3/v3_lib.o /shim-build/shim-16.1/Cryptlib/OpenSSL/crypto/x509v3/v3_lib.c
#14 151.4 aarch64-linux-gnu-gcc -std=gnu11 -ggdb -gdwarf-4 -gstrict-dwarf -ffreestanding -fmacro-prefix-map=/shim-build/shim-16.1/= -fno-stack-protector -fno-strict-aliasing -fpic -fshort-wchar -nostdinc -Os -Wall -Wextra -Wno-missing-field-initializers -Wno-empty-body -Wno-implicit-fallthrough -Wno-old-style-declaration -Wno-unused-but-set-variable -Wno-unused-parameter -Werror -Wno-error=unused-but-set-variable -Wno-error=unused-parameter -I/shim-build/shim-16.1/Cryptlib/OpenSSL -I/shim-build/shim-16.1/Cryptlib -I/shim-build/shim-16.1/Cryptlib/OpenSSL/Include/ -I/shim-build/shim-16.1/Cryptlib/OpenSSL/crypto -I/shim-build/shim-16.1/Cryptlib/Include -I/shim-build/shim-16.1/gnu-efi/inc -I/shim-build/shim-16.1/gnu-efi/inc/aarch64 -I/shim-build/shim-16.1/gnu-efi/inc/protocol -I/shim-build/shim-16.1/Cryptlib/OpenSSL/crypto/asn1 -I/shim-build/shim-16.1/Cryptlib/OpenSSL/crypto/evp -I/shim-build/shim-16.1/Cryptlib/OpenSSL/crypto/modes -I/shim-build/shim-16.1/Cryptlib/OpenSSL/crypto/include -isystem /shim-build/shim-16.1/include/system -isystem /usr/lib/gcc-cross/aarch64-linux-gnu/11/include -DL_ENDIAN -D_CRT_SECURE_NO_DEPRECATE -D_CRT_NONSTDC_NO_DEPRECATE -DOPENSSL_SMALL_FOOTPRINT -DPEDANTIC -DMDE_CPU_AARCH64   -c -o crypto/x509v3/v3_prn.o /shim-build/shim-16.1/Cryptlib/OpenSSL/crypto/x509v3/v3_prn.c
#14 151.9 aarch64-linux-gnu-gcc -std=gnu11 -ggdb -gdwarf-4 -gstrict-dwarf -ffreestanding -fmacro-prefix-map=/shim-build/shim-16.1/= -fno-stack-protector -fno-strict-aliasing -fpic -fshort-wchar -nostdinc -Os -Wall -Wextra -Wno-missing-field-initializers -Wno-empty-body -Wno-implicit-fallthrough -Wno-old-style-declaration -Wno-unused-but-set-variable -Wno-unused-parameter -Werror -Wno-error=unused-but-set-variable -Wno-error=unused-parameter -I/shim-build/shim-16.1/Cryptlib/OpenSSL -I/shim-build/shim-16.1/Cryptlib -I/shim-build/shim-16.1/Cryptlib/OpenSSL/Include/ -I/shim-build/shim-16.1/Cryptlib/OpenSSL/crypto -I/shim-build/shim-16.1/Cryptlib/Include -I/shim-build/shim-16.1/gnu-efi/inc -I/shim-build/shim-16.1/gnu-efi/inc/aarch64 -I/shim-build/shim-16.1/gnu-efi/inc/protocol -I/shim-build/shim-16.1/Cryptlib/OpenSSL/crypto/asn1 -I/shim-build/shim-16.1/Cryptlib/OpenSSL/crypto/evp -I/shim-build/shim-16.1/Cryptlib/OpenSSL/crypto/modes -I/shim-build/shim-16.1/Cryptlib/OpenSSL/crypto/include -isystem /shim-build/shim-16.1/include/system -isystem /usr/lib/gcc-cross/aarch64-linux-gnu/11/include -DL_ENDIAN -D_CRT_SECURE_NO_DEPRECATE -D_CRT_NONSTDC_NO_DEPRECATE -DOPENSSL_SMALL_FOOTPRINT -DPEDANTIC -DMDE_CPU_AARCH64   -c -o crypto/x509v3/v3_utl.o /shim-build/shim-16.1/Cryptlib/OpenSSL/crypto/x509v3/v3_utl.c
#14 152.6 aarch64-linux-gnu-gcc -std=gnu11 -ggdb -gdwarf-4 -gstrict-dwarf -ffreestanding -fmacro-prefix-map=/shim-build/shim-16.1/= -fno-stack-protector -fno-strict-aliasing -fpic -fshort-wchar -nostdinc -Os -Wall -Wextra -Wno-missing-field-initializers -Wno-empty-body -Wno-implicit-fallthrough -Wno-old-style-declaration -Wno-unused-but-set-variable -Wno-unused-parameter -Werror -Wno-error=unused-but-set-variable -Wno-error=unused-parameter -I/shim-build/shim-16.1/Cryptlib/OpenSSL -I/shim-build/shim-16.1/Cryptlib -I/shim-build/shim-16.1/Cryptlib/OpenSSL/Include/ -I/shim-build/shim-16.1/Cryptlib/OpenSSL/crypto -I/shim-build/shim-16.1/Cryptlib/Include -I/shim-build/shim-16.1/gnu-efi/inc -I/shim-build/shim-16.1/gnu-efi/inc/aarch64 -I/shim-build/shim-16.1/gnu-efi/inc/protocol -I/shim-build/shim-16.1/Cryptlib/OpenSSL/crypto/asn1 -I/shim-build/shim-16.1/Cryptlib/OpenSSL/crypto/evp -I/shim-build/shim-16.1/Cryptlib/OpenSSL/crypto/modes -I/shim-build/shim-16.1/Cryptlib/OpenSSL/crypto/include -isystem /shim-build/shim-16.1/include/system -isystem /usr/lib/gcc-cross/aarch64-linux-gnu/11/include -DL_ENDIAN -D_CRT_SECURE_NO_DEPRECATE -D_CRT_NONSTDC_NO_DEPRECATE -DOPENSSL_SMALL_FOOTPRINT -DPEDANTIC -DMDE_CPU_AARCH64   -c -o crypto/x509v3/v3err.o /shim-build/shim-16.1/Cryptlib/OpenSSL/crypto/x509v3/v3err.c
#14 152.8 aarch64-linux-gnu-gcc -std=gnu11 -ggdb -gdwarf-4 -gstrict-dwarf -ffreestanding -fmacro-prefix-map=/shim-build/shim-16.1/= -fno-stack-protector -fno-strict-aliasing -fpic -fshort-wchar -nostdinc -Os -Wall -Wextra -Wno-missing-field-initializers -Wno-empty-body -Wno-implicit-fallthrough -Wno-old-style-declaration -Wno-unused-but-set-variable -Wno-unused-parameter -Werror -Wno-error=unused-but-set-variable -Wno-error=unused-parameter -I/shim-build/shim-16.1/Cryptlib/OpenSSL -I/shim-build/shim-16.1/Cryptlib -I/shim-build/shim-16.1/Cryptlib/OpenSSL/Include/ -I/shim-build/shim-16.1/Cryptlib/OpenSSL/crypto -I/shim-build/shim-16.1/Cryptlib/Include -I/shim-build/shim-16.1/gnu-efi/inc -I/shim-build/shim-16.1/gnu-efi/inc/aarch64 -I/shim-build/shim-16.1/gnu-efi/inc/protocol -I/shim-build/shim-16.1/Cryptlib/OpenSSL/crypto/asn1 -I/shim-build/shim-16.1/Cryptlib/OpenSSL/crypto/evp -I/shim-build/shim-16.1/Cryptlib/OpenSSL/crypto/modes -I/shim-build/shim-16.1/Cryptlib/OpenSSL/crypto/include -isystem /shim-build/shim-16.1/include/system -isystem /usr/lib/gcc-cross/aarch64-linux-gnu/11/include -DL_ENDIAN -D_CRT_SECURE_NO_DEPRECATE -D_CRT_NONSTDC_NO_DEPRECATE -DOPENSSL_SMALL_FOOTPRINT -DPEDANTIC -DMDE_CPU_AARCH64   -c -o crypto/x509v3/v3_genn.o /shim-build/shim-16.1/Cryptlib/OpenSSL/crypto/x509v3/v3_genn.c
#14 153.3 aarch64-linux-gnu-gcc -std=gnu11 -ggdb -gdwarf-4 -gstrict-dwarf -ffreestanding -fmacro-prefix-map=/shim-build/shim-16.1/= -fno-stack-protector -fno-strict-aliasing -fpic -fshort-wchar -nostdinc -Os -Wall -Wextra -Wno-missing-field-initializers -Wno-empty-body -Wno-implicit-fallthrough -Wno-old-style-declaration -Wno-unused-but-set-variable -Wno-unused-parameter -Werror -Wno-error=unused-but-set-variable -Wno-error=unused-parameter -I/shim-build/shim-16.1/Cryptlib/OpenSSL -I/shim-build/shim-16.1/Cryptlib -I/shim-build/shim-16.1/Cryptlib/OpenSSL/Include/ -I/shim-build/shim-16.1/Cryptlib/OpenSSL/crypto -I/shim-build/shim-16.1/Cryptlib/Include -I/shim-build/shim-16.1/gnu-efi/inc -I/shim-build/shim-16.1/gnu-efi/inc/aarch64 -I/shim-build/shim-16.1/gnu-efi/inc/protocol -I/shim-build/shim-16.1/Cryptlib/OpenSSL/crypto/asn1 -I/shim-build/shim-16.1/Cryptlib/OpenSSL/crypto/evp -I/shim-build/shim-16.1/Cryptlib/OpenSSL/crypto/modes -I/shim-build/shim-16.1/Cryptlib/OpenSSL/crypto/include -isystem /shim-build/shim-16.1/include/system -isystem /usr/lib/gcc-cross/aarch64-linux-gnu/11/include -DL_ENDIAN -D_CRT_SECURE_NO_DEPRECATE -D_CRT_NONSTDC_NO_DEPRECATE -DOPENSSL_SMALL_FOOTPRINT -DPEDANTIC -DMDE_CPU_AARCH64   -c -o crypto/x509v3/v3_alt.o /shim-build/shim-16.1/Cryptlib/OpenSSL/crypto/x509v3/v3_alt.c
#14 153.8 aarch64-linux-gnu-gcc -std=gnu11 -ggdb -gdwarf-4 -gstrict-dwarf -ffreestanding -fmacro-prefix-map=/shim-build/shim-16.1/= -fno-stack-protector -fno-strict-aliasing -fpic -fshort-wchar -nostdinc -Os -Wall -Wextra -Wno-missing-field-initializers -Wno-empty-body -Wno-implicit-fallthrough -Wno-old-style-declaration -Wno-unused-but-set-variable -Wno-unused-parameter -Werror -Wno-error=unused-but-set-variable -Wno-error=unused-parameter -I/shim-build/shim-16.1/Cryptlib/OpenSSL -I/shim-build/shim-16.1/Cryptlib -I/shim-build/shim-16.1/Cryptlib/OpenSSL/Include/ -I/shim-build/shim-16.1/Cryptlib/OpenSSL/crypto -I/shim-build/shim-16.1/Cryptlib/Include -I/shim-build/shim-16.1/gnu-efi/inc -I/shim-build/shim-16.1/gnu-efi/inc/aarch64 -I/shim-build/shim-16.1/gnu-efi/inc/protocol -I/shim-build/shim-16.1/Cryptlib/OpenSSL/crypto/asn1 -I/shim-build/shim-16.1/Cryptlib/OpenSSL/crypto/evp -I/shim-build/shim-16.1/Cryptlib/OpenSSL/crypto/modes -I/shim-build/shim-16.1/Cryptlib/OpenSSL/crypto/include -isystem /shim-build/shim-16.1/include/system -isystem /usr/lib/gcc-cross/aarch64-linux-gnu/11/include -DL_ENDIAN -D_CRT_SECURE_NO_DEPRECATE -D_CRT_NONSTDC_NO_DEPRECATE -DOPENSSL_SMALL_FOOTPRINT -DPEDANTIC -DMDE_CPU_AARCH64   -c -o crypto/x509v3/v3_skey.o /shim-build/shim-16.1/Cryptlib/OpenSSL/crypto/x509v3/v3_skey.c
#14 154.2 aarch64-linux-gnu-gcc -std=gnu11 -ggdb -gdwarf-4 -gstrict-dwarf -ffreestanding -fmacro-prefix-map=/shim-build/shim-16.1/= -fno-stack-protector -fno-strict-aliasing -fpic -fshort-wchar -nostdinc -Os -Wall -Wextra -Wno-missing-field-initializers -Wno-empty-body -Wno-implicit-fallthrough -Wno-old-style-declaration -Wno-unused-but-set-variable -Wno-unused-parameter -Werror -Wno-error=unused-but-set-variable -Wno-error=unused-parameter -I/shim-build/shim-16.1/Cryptlib/OpenSSL -I/shim-build/shim-16.1/Cryptlib -I/shim-build/shim-16.1/Cryptlib/OpenSSL/Include/ -I/shim-build/shim-16.1/Cryptlib/OpenSSL/crypto -I/shim-build/shim-16.1/Cryptlib/Include -I/shim-build/shim-16.1/gnu-efi/inc -I/shim-build/shim-16.1/gnu-efi/inc/aarch64 -I/shim-build/shim-16.1/gnu-efi/inc/protocol -I/shim-build/shim-16.1/Cryptlib/OpenSSL/crypto/asn1 -I/shim-build/shim-16.1/Cryptlib/OpenSSL/crypto/evp -I/shim-build/shim-16.1/Cryptlib/OpenSSL/crypto/modes -I/shim-build/shim-16.1/Cryptlib/OpenSSL/crypto/include -isystem /shim-build/shim-16.1/include/system -isystem /usr/lib/gcc-cross/aarch64-linux-gnu/11/include -DL_ENDIAN -D_CRT_SECURE_NO_DEPRECATE -D_CRT_NONSTDC_NO_DEPRECATE -DOPENSSL_SMALL_FOOTPRINT -DPEDANTIC -DMDE_CPU_AARCH64   -c -o crypto/x509v3/v3_akey.o /shim-build/shim-16.1/Cryptlib/OpenSSL/crypto/x509v3/v3_akey.c
#14 154.7 aarch64-linux-gnu-gcc -std=gnu11 -ggdb -gdwarf-4 -gstrict-dwarf -ffreestanding -fmacro-prefix-map=/shim-build/shim-16.1/= -fno-stack-protector -fno-strict-aliasing -fpic -fshort-wchar -nostdinc -Os -Wall -Wextra -Wno-missing-field-initializers -Wno-empty-body -Wno-implicit-fallthrough -Wno-old-style-declaration -Wno-unused-but-set-variable -Wno-unused-parameter -Werror -Wno-error=unused-but-set-variable -Wno-error=unused-parameter -I/shim-build/shim-16.1/Cryptlib/OpenSSL -I/shim-build/shim-16.1/Cryptlib -I/shim-build/shim-16.1/Cryptlib/OpenSSL/Include/ -I/shim-build/shim-16.1/Cryptlib/OpenSSL/crypto -I/shim-build/shim-16.1/Cryptlib/Include -I/shim-build/shim-16.1/gnu-efi/inc -I/shim-build/shim-16.1/gnu-efi/inc/aarch64 -I/shim-build/shim-16.1/gnu-efi/inc/protocol -I/shim-build/shim-16.1/Cryptlib/OpenSSL/crypto/asn1 -I/shim-build/shim-16.1/Cryptlib/OpenSSL/crypto/evp -I/shim-build/shim-16.1/Cryptlib/OpenSSL/crypto/modes -I/shim-build/shim-16.1/Cryptlib/OpenSSL/crypto/include -isystem /shim-build/shim-16.1/include/system -isystem /usr/lib/gcc-cross/aarch64-linux-gnu/11/include -DL_ENDIAN -D_CRT_SECURE_NO_DEPRECATE -D_CRT_NONSTDC_NO_DEPRECATE -DOPENSSL_SMALL_FOOTPRINT -DPEDANTIC -DMDE_CPU_AARCH64   -c -o crypto/x509v3/v3_pku.o /shim-build/shim-16.1/Cryptlib/OpenSSL/crypto/x509v3/v3_pku.c
#14 155.0 aarch64-linux-gnu-gcc -std=gnu11 -ggdb -gdwarf-4 -gstrict-dwarf -ffreestanding -fmacro-prefix-map=/shim-build/shim-16.1/= -fno-stack-protector -fno-strict-aliasing -fpic -fshort-wchar -nostdinc -Os -Wall -Wextra -Wno-missing-field-initializers -Wno-empty-body -Wno-implicit-fallthrough -Wno-old-style-declaration -Wno-unused-but-set-variable -Wno-unused-parameter -Werror -Wno-error=unused-but-set-variable -Wno-error=unused-parameter -I/shim-build/shim-16.1/Cryptlib/OpenSSL -I/shim-build/shim-16.1/Cryptlib -I/shim-build/shim-16.1/Cryptlib/OpenSSL/Include/ -I/shim-build/shim-16.1/Cryptlib/OpenSSL/crypto -I/shim-build/shim-16.1/Cryptlib/Include -I/shim-build/shim-16.1/gnu-efi/inc -I/shim-build/shim-16.1/gnu-efi/inc/aarch64 -I/shim-build/shim-16.1/gnu-efi/inc/protocol -I/shim-build/shim-16.1/Cryptlib/OpenSSL/crypto/asn1 -I/shim-build/shim-16.1/Cryptlib/OpenSSL/crypto/evp -I/shim-build/shim-16.1/Cryptlib/OpenSSL/crypto/modes -I/shim-build/shim-16.1/Cryptlib/OpenSSL/crypto/include -isystem /shim-build/shim-16.1/include/system -isystem /usr/lib/gcc-cross/aarch64-linux-gnu/11/include -DL_ENDIAN -D_CRT_SECURE_NO_DEPRECATE -D_CRT_NONSTDC_NO_DEPRECATE -DOPENSSL_SMALL_FOOTPRINT -DPEDANTIC -DMDE_CPU_AARCH64   -c -o crypto/x509v3/v3_int.o /shim-build/shim-16.1/Cryptlib/OpenSSL/crypto/x509v3/v3_int.c
#14 155.3 aarch64-linux-gnu-gcc -std=gnu11 -ggdb -gdwarf-4 -gstrict-dwarf -ffreestanding -fmacro-prefix-map=/shim-build/shim-16.1/= -fno-stack-protector -fno-strict-aliasing -fpic -fshort-wchar -nostdinc -Os -Wall -Wextra -Wno-missing-field-initializers -Wno-empty-body -Wno-implicit-fallthrough -Wno-old-style-declaration -Wno-unused-but-set-variable -Wno-unused-parameter -Werror -Wno-error=unused-but-set-variable -Wno-error=unused-parameter -I/shim-build/shim-16.1/Cryptlib/OpenSSL -I/shim-build/shim-16.1/Cryptlib -I/shim-build/shim-16.1/Cryptlib/OpenSSL/Include/ -I/shim-build/shim-16.1/Cryptlib/OpenSSL/crypto -I/shim-build/shim-16.1/Cryptlib/Include -I/shim-build/shim-16.1/gnu-efi/inc -I/shim-build/shim-16.1/gnu-efi/inc/aarch64 -I/shim-build/shim-16.1/gnu-efi/inc/protocol -I/shim-build/shim-16.1/Cryptlib/OpenSSL/crypto/asn1 -I/shim-build/shim-16.1/Cryptlib/OpenSSL/crypto/evp -I/shim-build/shim-16.1/Cryptlib/OpenSSL/crypto/modes -I/shim-build/shim-16.1/Cryptlib/OpenSSL/crypto/include -isystem /shim-build/shim-16.1/include/system -isystem /usr/lib/gcc-cross/aarch64-linux-gnu/11/include -DL_ENDIAN -D_CRT_SECURE_NO_DEPRECATE -D_CRT_NONSTDC_NO_DEPRECATE -DOPENSSL_SMALL_FOOTPRINT -DPEDANTIC -DMDE_CPU_AARCH64   -c -o crypto/x509v3/v3_enum.o /shim-build/shim-16.1/Cryptlib/OpenSSL/crypto/x509v3/v3_enum.c
#14 155.7 aarch64-linux-gnu-gcc -std=gnu11 -ggdb -gdwarf-4 -gstrict-dwarf -ffreestanding -fmacro-prefix-map=/shim-build/shim-16.1/= -fno-stack-protector -fno-strict-aliasing -fpic -fshort-wchar -nostdinc -Os -Wall -Wextra -Wno-missing-field-initializers -Wno-empty-body -Wno-implicit-fallthrough -Wno-old-style-declaration -Wno-unused-but-set-variable -Wno-unused-parameter -Werror -Wno-error=unused-but-set-variable -Wno-error=unused-parameter -I/shim-build/shim-16.1/Cryptlib/OpenSSL -I/shim-build/shim-16.1/Cryptlib -I/shim-build/shim-16.1/Cryptlib/OpenSSL/Include/ -I/shim-build/shim-16.1/Cryptlib/OpenSSL/crypto -I/shim-build/shim-16.1/Cryptlib/Include -I/shim-build/shim-16.1/gnu-efi/inc -I/shim-build/shim-16.1/gnu-efi/inc/aarch64 -I/shim-build/shim-16.1/gnu-efi/inc/protocol -I/shim-build/shim-16.1/Cryptlib/OpenSSL/crypto/asn1 -I/shim-build/shim-16.1/Cryptlib/OpenSSL/crypto/evp -I/shim-build/shim-16.1/Cryptlib/OpenSSL/crypto/modes -I/shim-build/shim-16.1/Cryptlib/OpenSSL/crypto/include -isystem /shim-build/shim-16.1/include/system -isystem /usr/lib/gcc-cross/aarch64-linux-gnu/11/include -DL_ENDIAN -D_CRT_SECURE_NO_DEPRECATE -D_CRT_NONSTDC_NO_DEPRECATE -DOPENSSL_SMALL_FOOTPRINT -DPEDANTIC -DMDE_CPU_AARCH64   -c -o crypto/x509v3/v3_sxnet.o /shim-build/shim-16.1/Cryptlib/OpenSSL/crypto/x509v3/v3_sxnet.c
#14 156.2 aarch64-linux-gnu-gcc -std=gnu11 -ggdb -gdwarf-4 -gstrict-dwarf -ffreestanding -fmacro-prefix-map=/shim-build/shim-16.1/= -fno-stack-protector -fno-strict-aliasing -fpic -fshort-wchar -nostdinc -Os -Wall -Wextra -Wno-missing-field-initializers -Wno-empty-body -Wno-implicit-fallthrough -Wno-old-style-declaration -Wno-unused-but-set-variable -Wno-unused-parameter -Werror -Wno-error=unused-but-set-variable -Wno-error=unused-parameter -I/shim-build/shim-16.1/Cryptlib/OpenSSL -I/shim-build/shim-16.1/Cryptlib -I/shim-build/shim-16.1/Cryptlib/OpenSSL/Include/ -I/shim-build/shim-16.1/Cryptlib/OpenSSL/crypto -I/shim-build/shim-16.1/Cryptlib/Include -I/shim-build/shim-16.1/gnu-efi/inc -I/shim-build/shim-16.1/gnu-efi/inc/aarch64 -I/shim-build/shim-16.1/gnu-efi/inc/protocol -I/shim-build/shim-16.1/Cryptlib/OpenSSL/crypto/asn1 -I/shim-build/shim-16.1/Cryptlib/OpenSSL/crypto/evp -I/shim-build/shim-16.1/Cryptlib/OpenSSL/crypto/modes -I/shim-build/shim-16.1/Cryptlib/OpenSSL/crypto/include -isystem /shim-build/shim-16.1/include/system -isystem /usr/lib/gcc-cross/aarch64-linux-gnu/11/include -DL_ENDIAN -D_CRT_SECURE_NO_DEPRECATE -D_CRT_NONSTDC_NO_DEPRECATE -DOPENSSL_SMALL_FOOTPRINT -DPEDANTIC -DMDE_CPU_AARCH64   -c -o crypto/x509v3/v3_cpols.o /shim-build/shim-16.1/Cryptlib/OpenSSL/crypto/x509v3/v3_cpols.c
#14 156.7 aarch64-linux-gnu-gcc -std=gnu11 -ggdb -gdwarf-4 -gstrict-dwarf -ffreestanding -fmacro-prefix-map=/shim-build/shim-16.1/= -fno-stack-protector -fno-strict-aliasing -fpic -fshort-wchar -nostdinc -Os -Wall -Wextra -Wno-missing-field-initializers -Wno-empty-body -Wno-implicit-fallthrough -Wno-old-style-declaration -Wno-unused-but-set-variable -Wno-unused-parameter -Werror -Wno-error=unused-but-set-variable -Wno-error=unused-parameter -I/shim-build/shim-16.1/Cryptlib/OpenSSL -I/shim-build/shim-16.1/Cryptlib -I/shim-build/shim-16.1/Cryptlib/OpenSSL/Include/ -I/shim-build/shim-16.1/Cryptlib/OpenSSL/crypto -I/shim-build/shim-16.1/Cryptlib/Include -I/shim-build/shim-16.1/gnu-efi/inc -I/shim-build/shim-16.1/gnu-efi/inc/aarch64 -I/shim-build/shim-16.1/gnu-efi/inc/protocol -I/shim-build/shim-16.1/Cryptlib/OpenSSL/crypto/asn1 -I/shim-build/shim-16.1/Cryptlib/OpenSSL/crypto/evp -I/shim-build/shim-16.1/Cryptlib/OpenSSL/crypto/modes -I/shim-build/shim-16.1/Cryptlib/OpenSSL/crypto/include -isystem /shim-build/shim-16.1/include/system -isystem /usr/lib/gcc-cross/aarch64-linux-gnu/11/include -DL_ENDIAN -D_CRT_SECURE_NO_DEPRECATE -D_CRT_NONSTDC_NO_DEPRECATE -DOPENSSL_SMALL_FOOTPRINT -DPEDANTIC -DMDE_CPU_AARCH64   -c -o crypto/x509v3/v3_crld.o /shim-build/shim-16.1/Cryptlib/OpenSSL/crypto/x509v3/v3_crld.c
#14 157.2 aarch64-linux-gnu-gcc -std=gnu11 -ggdb -gdwarf-4 -gstrict-dwarf -ffreestanding -fmacro-prefix-map=/shim-build/shim-16.1/= -fno-stack-protector -fno-strict-aliasing -fpic -fshort-wchar -nostdinc -Os -Wall -Wextra -Wno-missing-field-initializers -Wno-empty-body -Wno-implicit-fallthrough -Wno-old-style-declaration -Wno-unused-but-set-variable -Wno-unused-parameter -Werror -Wno-error=unused-but-set-variable -Wno-error=unused-parameter -I/shim-build/shim-16.1/Cryptlib/OpenSSL -I/shim-build/shim-16.1/Cryptlib -I/shim-build/shim-16.1/Cryptlib/OpenSSL/Include/ -I/shim-build/shim-16.1/Cryptlib/OpenSSL/crypto -I/shim-build/shim-16.1/Cryptlib/Include -I/shim-build/shim-16.1/gnu-efi/inc -I/shim-build/shim-16.1/gnu-efi/inc/aarch64 -I/shim-build/shim-16.1/gnu-efi/inc/protocol -I/shim-build/shim-16.1/Cryptlib/OpenSSL/crypto/asn1 -I/shim-build/shim-16.1/Cryptlib/OpenSSL/crypto/evp -I/shim-build/shim-16.1/Cryptlib/OpenSSL/crypto/modes -I/shim-build/shim-16.1/Cryptlib/OpenSSL/crypto/include -isystem /shim-build/shim-16.1/include/system -isystem /usr/lib/gcc-cross/aarch64-linux-gnu/11/include -DL_ENDIAN -D_CRT_SECURE_NO_DEPRECATE -D_CRT_NONSTDC_NO_DEPRECATE -DOPENSSL_SMALL_FOOTPRINT -DPEDANTIC -DMDE_CPU_AARCH64   -c -o crypto/x509v3/v3_purp.o /shim-build/shim-16.1/Cryptlib/OpenSSL/crypto/x509v3/v3_purp.c
#14 157.8 aarch64-linux-gnu-gcc -std=gnu11 -ggdb -gdwarf-4 -gstrict-dwarf -ffreestanding -fmacro-prefix-map=/shim-build/shim-16.1/= -fno-stack-protector -fno-strict-aliasing -fpic -fshort-wchar -nostdinc -Os -Wall -Wextra -Wno-missing-field-initializers -Wno-empty-body -Wno-implicit-fallthrough -Wno-old-style-declaration -Wno-unused-but-set-variable -Wno-unused-parameter -Werror -Wno-error=unused-but-set-variable -Wno-error=unused-parameter -I/shim-build/shim-16.1/Cryptlib/OpenSSL -I/shim-build/shim-16.1/Cryptlib -I/shim-build/shim-16.1/Cryptlib/OpenSSL/Include/ -I/shim-build/shim-16.1/Cryptlib/OpenSSL/crypto -I/shim-build/shim-16.1/Cryptlib/Include -I/shim-build/shim-16.1/gnu-efi/inc -I/shim-build/shim-16.1/gnu-efi/inc/aarch64 -I/shim-build/shim-16.1/gnu-efi/inc/protocol -I/shim-build/shim-16.1/Cryptlib/OpenSSL/crypto/asn1 -I/shim-build/shim-16.1/Cryptlib/OpenSSL/crypto/evp -I/shim-build/shim-16.1/Cryptlib/OpenSSL/crypto/modes -I/shim-build/shim-16.1/Cryptlib/OpenSSL/crypto/include -isystem /shim-build/shim-16.1/include/system -isystem /usr/lib/gcc-cross/aarch64-linux-gnu/11/include -DL_ENDIAN -D_CRT_SECURE_NO_DEPRECATE -D_CRT_NONSTDC_NO_DEPRECATE -DOPENSSL_SMALL_FOOTPRINT -DPEDANTIC -DMDE_CPU_AARCH64   -c -o crypto/x509v3/v3_info.o /shim-build/shim-16.1/Cryptlib/OpenSSL/crypto/x509v3/v3_info.c
#14 158.3 aarch64-linux-gnu-gcc -std=gnu11 -ggdb -gdwarf-4 -gstrict-dwarf -ffreestanding -fmacro-prefix-map=/shim-build/shim-16.1/= -fno-stack-protector -fno-strict-aliasing -fpic -fshort-wchar -nostdinc -Os -Wall -Wextra -Wno-missing-field-initializers -Wno-empty-body -Wno-implicit-fallthrough -Wno-old-style-declaration -Wno-unused-but-set-variable -Wno-unused-parameter -Werror -Wno-error=unused-but-set-variable -Wno-error=unused-parameter -I/shim-build/shim-16.1/Cryptlib/OpenSSL -I/shim-build/shim-16.1/Cryptlib -I/shim-build/shim-16.1/Cryptlib/OpenSSL/Include/ -I/shim-build/shim-16.1/Cryptlib/OpenSSL/crypto -I/shim-build/shim-16.1/Cryptlib/Include -I/shim-build/shim-16.1/gnu-efi/inc -I/shim-build/shim-16.1/gnu-efi/inc/aarch64 -I/shim-build/shim-16.1/gnu-efi/inc/protocol -I/shim-build/shim-16.1/Cryptlib/OpenSSL/crypto/asn1 -I/shim-build/shim-16.1/Cryptlib/OpenSSL/crypto/evp -I/shim-build/shim-16.1/Cryptlib/OpenSSL/crypto/modes -I/shim-build/shim-16.1/Cryptlib/OpenSSL/crypto/include -isystem /shim-build/shim-16.1/include/system -isystem /usr/lib/gcc-cross/aarch64-linux-gnu/11/include -DL_ENDIAN -D_CRT_SECURE_NO_DEPRECATE -D_CRT_NONSTDC_NO_DEPRECATE -DOPENSSL_SMALL_FOOTPRINT -DPEDANTIC -DMDE_CPU_AARCH64   -c -o crypto/x509v3/v3_ocsp.o /shim-build/shim-16.1/Cryptlib/OpenSSL/crypto/x509v3/v3_ocsp.c
#14 158.7 aarch64-linux-gnu-gcc -std=gnu11 -ggdb -gdwarf-4 -gstrict-dwarf -ffreestanding -fmacro-prefix-map=/shim-build/shim-16.1/= -fno-stack-protector -fno-strict-aliasing -fpic -fshort-wchar -nostdinc -Os -Wall -Wextra -Wno-missing-field-initializers -Wno-empty-body -Wno-implicit-fallthrough -Wno-old-style-declaration -Wno-unused-but-set-variable -Wno-unused-parameter -Werror -Wno-error=unused-but-set-variable -Wno-error=unused-parameter -I/shim-build/shim-16.1/Cryptlib/OpenSSL -I/shim-build/shim-16.1/Cryptlib -I/shim-build/shim-16.1/Cryptlib/OpenSSL/Include/ -I/shim-build/shim-16.1/Cryptlib/OpenSSL/crypto -I/shim-build/shim-16.1/Cryptlib/Include -I/shim-build/shim-16.1/gnu-efi/inc -I/shim-build/shim-16.1/gnu-efi/inc/aarch64 -I/shim-build/shim-16.1/gnu-efi/inc/protocol -I/shim-build/shim-16.1/Cryptlib/OpenSSL/crypto/asn1 -I/shim-build/shim-16.1/Cryptlib/OpenSSL/crypto/evp -I/shim-build/shim-16.1/Cryptlib/OpenSSL/crypto/modes -I/shim-build/shim-16.1/Cryptlib/OpenSSL/crypto/include -isystem /shim-build/shim-16.1/include/system -isystem /usr/lib/gcc-cross/aarch64-linux-gnu/11/include -DL_ENDIAN -D_CRT_SECURE_NO_DEPRECATE -D_CRT_NONSTDC_NO_DEPRECATE -DOPENSSL_SMALL_FOOTPRINT -DPEDANTIC -DMDE_CPU_AARCH64   -c -o crypto/x509v3/v3_akeya.o /shim-build/shim-16.1/Cryptlib/OpenSSL/crypto/x509v3/v3_akeya.c
#14 159.0 aarch64-linux-gnu-gcc -std=gnu11 -ggdb -gdwarf-4 -gstrict-dwarf -ffreestanding -fmacro-prefix-map=/shim-build/shim-16.1/= -fno-stack-protector -fno-strict-aliasing -fpic -fshort-wchar -nostdinc -Os -Wall -Wextra -Wno-missing-field-initializers -Wno-empty-body -Wno-implicit-fallthrough -Wno-old-style-declaration -Wno-unused-but-set-variable -Wno-unused-parameter -Werror -Wno-error=unused-but-set-variable -Wno-error=unused-parameter -I/shim-build/shim-16.1/Cryptlib/OpenSSL -I/shim-build/shim-16.1/Cryptlib -I/shim-build/shim-16.1/Cryptlib/OpenSSL/Include/ -I/shim-build/shim-16.1/Cryptlib/OpenSSL/crypto -I/shim-build/shim-16.1/Cryptlib/Include -I/shim-build/shim-16.1/gnu-efi/inc -I/shim-build/shim-16.1/gnu-efi/inc/aarch64 -I/shim-build/shim-16.1/gnu-efi/inc/protocol -I/shim-build/shim-16.1/Cryptlib/OpenSSL/crypto/asn1 -I/shim-build/shim-16.1/Cryptlib/OpenSSL/crypto/evp -I/shim-build/shim-16.1/Cryptlib/OpenSSL/crypto/modes -I/shim-build/shim-16.1/Cryptlib/OpenSSL/crypto/include -isystem /shim-build/shim-16.1/include/system -isystem /usr/lib/gcc-cross/aarch64-linux-gnu/11/include -DL_ENDIAN -D_CRT_SECURE_NO_DEPRECATE -D_CRT_NONSTDC_NO_DEPRECATE -DOPENSSL_SMALL_FOOTPRINT -DPEDANTIC -DMDE_CPU_AARCH64   -c -o crypto/x509v3/v3_pmaps.o /shim-build/shim-16.1/Cryptlib/OpenSSL/crypto/x509v3/v3_pmaps.c
#14 159.4 aarch64-linux-gnu-gcc -std=gnu11 -ggdb -gdwarf-4 -gstrict-dwarf -ffreestanding -fmacro-prefix-map=/shim-build/shim-16.1/= -fno-stack-protector -fno-strict-aliasing -fpic -fshort-wchar -nostdinc -Os -Wall -Wextra -Wno-missing-field-initializers -Wno-empty-body -Wno-implicit-fallthrough -Wno-old-style-declaration -Wno-unused-but-set-variable -Wno-unused-parameter -Werror -Wno-error=unused-but-set-variable -Wno-error=unused-parameter -I/shim-build/shim-16.1/Cryptlib/OpenSSL -I/shim-build/shim-16.1/Cryptlib -I/shim-build/shim-16.1/Cryptlib/OpenSSL/Include/ -I/shim-build/shim-16.1/Cryptlib/OpenSSL/crypto -I/shim-build/shim-16.1/Cryptlib/Include -I/shim-build/shim-16.1/gnu-efi/inc -I/shim-build/shim-16.1/gnu-efi/inc/aarch64 -I/shim-build/shim-16.1/gnu-efi/inc/protocol -I/shim-build/shim-16.1/Cryptlib/OpenSSL/crypto/asn1 -I/shim-build/shim-16.1/Cryptlib/OpenSSL/crypto/evp -I/shim-build/shim-16.1/Cryptlib/OpenSSL/crypto/modes -I/shim-build/shim-16.1/Cryptlib/OpenSSL/crypto/include -isystem /shim-build/shim-16.1/include/system -isystem /usr/lib/gcc-cross/aarch64-linux-gnu/11/include -DL_ENDIAN -D_CRT_SECURE_NO_DEPRECATE -D_CRT_NONSTDC_NO_DEPRECATE -DOPENSSL_SMALL_FOOTPRINT -DPEDANTIC -DMDE_CPU_AARCH64   -c -o crypto/x509v3/v3_pcons.o /shim-build/shim-16.1/Cryptlib/OpenSSL/crypto/x509v3/v3_pcons.c
#14 159.8 aarch64-linux-gnu-gcc -std=gnu11 -ggdb -gdwarf-4 -gstrict-dwarf -ffreestanding -fmacro-prefix-map=/shim-build/shim-16.1/= -fno-stack-protector -fno-strict-aliasing -fpic -fshort-wchar -nostdinc -Os -Wall -Wextra -Wno-missing-field-initializers -Wno-empty-body -Wno-implicit-fallthrough -Wno-old-style-declaration -Wno-unused-but-set-variable -Wno-unused-parameter -Werror -Wno-error=unused-but-set-variable -Wno-error=unused-parameter -I/shim-build/shim-16.1/Cryptlib/OpenSSL -I/shim-build/shim-16.1/Cryptlib -I/shim-build/shim-16.1/Cryptlib/OpenSSL/Include/ -I/shim-build/shim-16.1/Cryptlib/OpenSSL/crypto -I/shim-build/shim-16.1/Cryptlib/Include -I/shim-build/shim-16.1/gnu-efi/inc -I/shim-build/shim-16.1/gnu-efi/inc/aarch64 -I/shim-build/shim-16.1/gnu-efi/inc/protocol -I/shim-build/shim-16.1/Cryptlib/OpenSSL/crypto/asn1 -I/shim-build/shim-16.1/Cryptlib/OpenSSL/crypto/evp -I/shim-build/shim-16.1/Cryptlib/OpenSSL/crypto/modes -I/shim-build/shim-16.1/Cryptlib/OpenSSL/crypto/include -isystem /shim-build/shim-16.1/include/system -isystem /usr/lib/gcc-cross/aarch64-linux-gnu/11/include -DL_ENDIAN -D_CRT_SECURE_NO_DEPRECATE -D_CRT_NONSTDC_NO_DEPRECATE -DOPENSSL_SMALL_FOOTPRINT -DPEDANTIC -DMDE_CPU_AARCH64   -c -o crypto/x509v3/v3_ncons.o /shim-build/shim-16.1/Cryptlib/OpenSSL/crypto/x509v3/v3_ncons.c
#14 160.4 aarch64-linux-gnu-gcc -std=gnu11 -ggdb -gdwarf-4 -gstrict-dwarf -ffreestanding -fmacro-prefix-map=/shim-build/shim-16.1/= -fno-stack-protector -fno-strict-aliasing -fpic -fshort-wchar -nostdinc -Os -Wall -Wextra -Wno-missing-field-initializers -Wno-empty-body -Wno-implicit-fallthrough -Wno-old-style-declaration -Wno-unused-but-set-variable -Wno-unused-parameter -Werror -Wno-error=unused-but-set-variable -Wno-error=unused-parameter -I/shim-build/shim-16.1/Cryptlib/OpenSSL -I/shim-build/shim-16.1/Cryptlib -I/shim-build/shim-16.1/Cryptlib/OpenSSL/Include/ -I/shim-build/shim-16.1/Cryptlib/OpenSSL/crypto -I/shim-build/shim-16.1/Cryptlib/Include -I/shim-build/shim-16.1/gnu-efi/inc -I/shim-build/shim-16.1/gnu-efi/inc/aarch64 -I/shim-build/shim-16.1/gnu-efi/inc/protocol -I/shim-build/shim-16.1/Cryptlib/OpenSSL/crypto/asn1 -I/shim-build/shim-16.1/Cryptlib/OpenSSL/crypto/evp -I/shim-build/shim-16.1/Cryptlib/OpenSSL/crypto/modes -I/shim-build/shim-16.1/Cryptlib/OpenSSL/crypto/include -isystem /shim-build/shim-16.1/include/system -isystem /usr/lib/gcc-cross/aarch64-linux-gnu/11/include -DL_ENDIAN -D_CRT_SECURE_NO_DEPRECATE -D_CRT_NONSTDC_NO_DEPRECATE -DOPENSSL_SMALL_FOOTPRINT -DPEDANTIC -DMDE_CPU_AARCH64   -c -o crypto/x509v3/v3_pcia.o /shim-build/shim-16.1/Cryptlib/OpenSSL/crypto/x509v3/v3_pcia.c
#14 160.7 aarch64-linux-gnu-gcc -std=gnu11 -ggdb -gdwarf-4 -gstrict-dwarf -ffreestanding -fmacro-prefix-map=/shim-build/shim-16.1/= -fno-stack-protector -fno-strict-aliasing -fpic -fshort-wchar -nostdinc -Os -Wall -Wextra -Wno-missing-field-initializers -Wno-empty-body -Wno-implicit-fallthrough -Wno-old-style-declaration -Wno-unused-but-set-variable -Wno-unused-parameter -Werror -Wno-error=unused-but-set-variable -Wno-error=unused-parameter -I/shim-build/shim-16.1/Cryptlib/OpenSSL -I/shim-build/shim-16.1/Cryptlib -I/shim-build/shim-16.1/Cryptlib/OpenSSL/Include/ -I/shim-build/shim-16.1/Cryptlib/OpenSSL/crypto -I/shim-build/shim-16.1/Cryptlib/Include -I/shim-build/shim-16.1/gnu-efi/inc -I/shim-build/shim-16.1/gnu-efi/inc/aarch64 -I/shim-build/shim-16.1/gnu-efi/inc/protocol -I/shim-build/shim-16.1/Cryptlib/OpenSSL/crypto/asn1 -I/shim-build/shim-16.1/Cryptlib/OpenSSL/crypto/evp -I/shim-build/shim-16.1/Cryptlib/OpenSSL/crypto/modes -I/shim-build/shim-16.1/Cryptlib/OpenSSL/crypto/include -isystem /shim-build/shim-16.1/include/system -isystem /usr/lib/gcc-cross/aarch64-linux-gnu/11/include -DL_ENDIAN -D_CRT_SECURE_NO_DEPRECATE -D_CRT_NONSTDC_NO_DEPRECATE -DOPENSSL_SMALL_FOOTPRINT -DPEDANTIC -DMDE_CPU_AARCH64   -c -o crypto/x509v3/v3_pci.o /shim-build/shim-16.1/Cryptlib/OpenSSL/crypto/x509v3/v3_pci.c
#14 161.2 aarch64-linux-gnu-gcc -std=gnu11 -ggdb -gdwarf-4 -gstrict-dwarf -ffreestanding -fmacro-prefix-map=/shim-build/shim-16.1/= -fno-stack-protector -fno-strict-aliasing -fpic -fshort-wchar -nostdinc -Os -Wall -Wextra -Wno-missing-field-initializers -Wno-empty-body -Wno-implicit-fallthrough -Wno-old-style-declaration -Wno-unused-but-set-variable -Wno-unused-parameter -Werror -Wno-error=unused-but-set-variable -Wno-error=unused-parameter -I/shim-build/shim-16.1/Cryptlib/OpenSSL -I/shim-build/shim-16.1/Cryptlib -I/shim-build/shim-16.1/Cryptlib/OpenSSL/Include/ -I/shim-build/shim-16.1/Cryptlib/OpenSSL/crypto -I/shim-build/shim-16.1/Cryptlib/Include -I/shim-build/shim-16.1/gnu-efi/inc -I/shim-build/shim-16.1/gnu-efi/inc/aarch64 -I/shim-build/shim-16.1/gnu-efi/inc/protocol -I/shim-build/shim-16.1/Cryptlib/OpenSSL/crypto/asn1 -I/shim-build/shim-16.1/Cryptlib/OpenSSL/crypto/evp -I/shim-build/shim-16.1/Cryptlib/OpenSSL/crypto/modes -I/shim-build/shim-16.1/Cryptlib/OpenSSL/crypto/include -isystem /shim-build/shim-16.1/include/system -isystem /usr/lib/gcc-cross/aarch64-linux-gnu/11/include -DL_ENDIAN -D_CRT_SECURE_NO_DEPRECATE -D_CRT_NONSTDC_NO_DEPRECATE -DOPENSSL_SMALL_FOOTPRINT -DPEDANTIC -DMDE_CPU_AARCH64   -c -o crypto/x509v3/pcy_cache.o /shim-build/shim-16.1/Cryptlib/OpenSSL/crypto/x509v3/pcy_cache.c
#14 161.6 aarch64-linux-gnu-gcc -std=gnu11 -ggdb -gdwarf-4 -gstrict-dwarf -ffreestanding -fmacro-prefix-map=/shim-build/shim-16.1/= -fno-stack-protector -fno-strict-aliasing -fpic -fshort-wchar -nostdinc -Os -Wall -Wextra -Wno-missing-field-initializers -Wno-empty-body -Wno-implicit-fallthrough -Wno-old-style-declaration -Wno-unused-but-set-variable -Wno-unused-parameter -Werror -Wno-error=unused-but-set-variable -Wno-error=unused-parameter -I/shim-build/shim-16.1/Cryptlib/OpenSSL -I/shim-build/shim-16.1/Cryptlib -I/shim-build/shim-16.1/Cryptlib/OpenSSL/Include/ -I/shim-build/shim-16.1/Cryptlib/OpenSSL/crypto -I/shim-build/shim-16.1/Cryptlib/Include -I/shim-build/shim-16.1/gnu-efi/inc -I/shim-build/shim-16.1/gnu-efi/inc/aarch64 -I/shim-build/shim-16.1/gnu-efi/inc/protocol -I/shim-build/shim-16.1/Cryptlib/OpenSSL/crypto/asn1 -I/shim-build/shim-16.1/Cryptlib/OpenSSL/crypto/evp -I/shim-build/shim-16.1/Cryptlib/OpenSSL/crypto/modes -I/shim-build/shim-16.1/Cryptlib/OpenSSL/crypto/include -isystem /shim-build/shim-16.1/include/system -isystem /usr/lib/gcc-cross/aarch64-linux-gnu/11/include -DL_ENDIAN -D_CRT_SECURE_NO_DEPRECATE -D_CRT_NONSTDC_NO_DEPRECATE -DOPENSSL_SMALL_FOOTPRINT -DPEDANTIC -DMDE_CPU_AARCH64   -c -o crypto/x509v3/pcy_node.o /shim-build/shim-16.1/Cryptlib/OpenSSL/crypto/x509v3/pcy_node.c
#14 162.0 aarch64-linux-gnu-gcc -std=gnu11 -ggdb -gdwarf-4 -gstrict-dwarf -ffreestanding -fmacro-prefix-map=/shim-build/shim-16.1/= -fno-stack-protector -fno-strict-aliasing -fpic -fshort-wchar -nostdinc -Os -Wall -Wextra -Wno-missing-field-initializers -Wno-empty-body -Wno-implicit-fallthrough -Wno-old-style-declaration -Wno-unused-but-set-variable -Wno-unused-parameter -Werror -Wno-error=unused-but-set-variable -Wno-error=unused-parameter -I/shim-build/shim-16.1/Cryptlib/OpenSSL -I/shim-build/shim-16.1/Cryptlib -I/shim-build/shim-16.1/Cryptlib/OpenSSL/Include/ -I/shim-build/shim-16.1/Cryptlib/OpenSSL/crypto -I/shim-build/shim-16.1/Cryptlib/Include -I/shim-build/shim-16.1/gnu-efi/inc -I/shim-build/shim-16.1/gnu-efi/inc/aarch64 -I/shim-build/shim-16.1/gnu-efi/inc/protocol -I/shim-build/shim-16.1/Cryptlib/OpenSSL/crypto/asn1 -I/shim-build/shim-16.1/Cryptlib/OpenSSL/crypto/evp -I/shim-build/shim-16.1/Cryptlib/OpenSSL/crypto/modes -I/shim-build/shim-16.1/Cryptlib/OpenSSL/crypto/include -isystem /shim-build/shim-16.1/include/system -isystem /usr/lib/gcc-cross/aarch64-linux-gnu/11/include -DL_ENDIAN -D_CRT_SECURE_NO_DEPRECATE -D_CRT_NONSTDC_NO_DEPRECATE -DOPENSSL_SMALL_FOOTPRINT -DPEDANTIC -DMDE_CPU_AARCH64   -c -o crypto/x509v3/pcy_data.o /shim-build/shim-16.1/Cryptlib/OpenSSL/crypto/x509v3/pcy_data.c
#14 162.4 aarch64-linux-gnu-gcc -std=gnu11 -ggdb -gdwarf-4 -gstrict-dwarf -ffreestanding -fmacro-prefix-map=/shim-build/shim-16.1/= -fno-stack-protector -fno-strict-aliasing -fpic -fshort-wchar -nostdinc -Os -Wall -Wextra -Wno-missing-field-initializers -Wno-empty-body -Wno-implicit-fallthrough -Wno-old-style-declaration -Wno-unused-but-set-variable -Wno-unused-parameter -Werror -Wno-error=unused-but-set-variable -Wno-error=unused-parameter -I/shim-build/shim-16.1/Cryptlib/OpenSSL -I/shim-build/shim-16.1/Cryptlib -I/shim-build/shim-16.1/Cryptlib/OpenSSL/Include/ -I/shim-build/shim-16.1/Cryptlib/OpenSSL/crypto -I/shim-build/shim-16.1/Cryptlib/Include -I/shim-build/shim-16.1/gnu-efi/inc -I/shim-build/shim-16.1/gnu-efi/inc/aarch64 -I/shim-build/shim-16.1/gnu-efi/inc/protocol -I/shim-build/shim-16.1/Cryptlib/OpenSSL/crypto/asn1 -I/shim-build/shim-16.1/Cryptlib/OpenSSL/crypto/evp -I/shim-build/shim-16.1/Cryptlib/OpenSSL/crypto/modes -I/shim-build/shim-16.1/Cryptlib/OpenSSL/crypto/include -isystem /shim-build/shim-16.1/include/system -isystem /usr/lib/gcc-cross/aarch64-linux-gnu/11/include -DL_ENDIAN -D_CRT_SECURE_NO_DEPRECATE -D_CRT_NONSTDC_NO_DEPRECATE -DOPENSSL_SMALL_FOOTPRINT -DPEDANTIC -DMDE_CPU_AARCH64   -c -o crypto/x509v3/pcy_map.o /shim-build/shim-16.1/Cryptlib/OpenSSL/crypto/x509v3/pcy_map.c
#14 162.8 aarch64-linux-gnu-gcc -std=gnu11 -ggdb -gdwarf-4 -gstrict-dwarf -ffreestanding -fmacro-prefix-map=/shim-build/shim-16.1/= -fno-stack-protector -fno-strict-aliasing -fpic -fshort-wchar -nostdinc -Os -Wall -Wextra -Wno-missing-field-initializers -Wno-empty-body -Wno-implicit-fallthrough -Wno-old-style-declaration -Wno-unused-but-set-variable -Wno-unused-parameter -Werror -Wno-error=unused-but-set-variable -Wno-error=unused-parameter -I/shim-build/shim-16.1/Cryptlib/OpenSSL -I/shim-build/shim-16.1/Cryptlib -I/shim-build/shim-16.1/Cryptlib/OpenSSL/Include/ -I/shim-build/shim-16.1/Cryptlib/OpenSSL/crypto -I/shim-build/shim-16.1/Cryptlib/Include -I/shim-build/shim-16.1/gnu-efi/inc -I/shim-build/shim-16.1/gnu-efi/inc/aarch64 -I/shim-build/shim-16.1/gnu-efi/inc/protocol -I/shim-build/shim-16.1/Cryptlib/OpenSSL/crypto/asn1 -I/shim-build/shim-16.1/Cryptlib/OpenSSL/crypto/evp -I/shim-build/shim-16.1/Cryptlib/OpenSSL/crypto/modes -I/shim-build/shim-16.1/Cryptlib/OpenSSL/crypto/include -isystem /shim-build/shim-16.1/include/system -isystem /usr/lib/gcc-cross/aarch64-linux-gnu/11/include -DL_ENDIAN -D_CRT_SECURE_NO_DEPRECATE -D_CRT_NONSTDC_NO_DEPRECATE -DOPENSSL_SMALL_FOOTPRINT -DPEDANTIC -DMDE_CPU_AARCH64   -c -o crypto/x509v3/pcy_tree.o /shim-build/shim-16.1/Cryptlib/OpenSSL/crypto/x509v3/pcy_tree.c
#14 163.5 aarch64-linux-gnu-gcc -std=gnu11 -ggdb -gdwarf-4 -gstrict-dwarf -ffreestanding -fmacro-prefix-map=/shim-build/shim-16.1/= -fno-stack-protector -fno-strict-aliasing -fpic -fshort-wchar -nostdinc -Os -Wall -Wextra -Wno-missing-field-initializers -Wno-empty-body -Wno-implicit-fallthrough -Wno-old-style-declaration -Wno-unused-but-set-variable -Wno-unused-parameter -Werror -Wno-error=unused-but-set-variable -Wno-error=unused-parameter -I/shim-build/shim-16.1/Cryptlib/OpenSSL -I/shim-build/shim-16.1/Cryptlib -I/shim-build/shim-16.1/Cryptlib/OpenSSL/Include/ -I/shim-build/shim-16.1/Cryptlib/OpenSSL/crypto -I/shim-build/shim-16.1/Cryptlib/Include -I/shim-build/shim-16.1/gnu-efi/inc -I/shim-build/shim-16.1/gnu-efi/inc/aarch64 -I/shim-build/shim-16.1/gnu-efi/inc/protocol -I/shim-build/shim-16.1/Cryptlib/OpenSSL/crypto/asn1 -I/shim-build/shim-16.1/Cryptlib/OpenSSL/crypto/evp -I/shim-build/shim-16.1/Cryptlib/OpenSSL/crypto/modes -I/shim-build/shim-16.1/Cryptlib/OpenSSL/crypto/include -isystem /shim-build/shim-16.1/include/system -isystem /usr/lib/gcc-cross/aarch64-linux-gnu/11/include -DL_ENDIAN -D_CRT_SECURE_NO_DEPRECATE -D_CRT_NONSTDC_NO_DEPRECATE -DOPENSSL_SMALL_FOOTPRINT -DPEDANTIC -DMDE_CPU_AARCH64   -c -o crypto/x509v3/pcy_lib.o /shim-build/shim-16.1/Cryptlib/OpenSSL/crypto/x509v3/pcy_lib.c
#14 163.9 aarch64-linux-gnu-gcc -std=gnu11 -ggdb -gdwarf-4 -gstrict-dwarf -ffreestanding -fmacro-prefix-map=/shim-build/shim-16.1/= -fno-stack-protector -fno-strict-aliasing -fpic -fshort-wchar -nostdinc -Os -Wall -Wextra -Wno-missing-field-initializers -Wno-empty-body -Wno-implicit-fallthrough -Wno-old-style-declaration -Wno-unused-but-set-variable -Wno-unused-parameter -Werror -Wno-error=unused-but-set-variable -Wno-error=unused-parameter -I/shim-build/shim-16.1/Cryptlib/OpenSSL -I/shim-build/shim-16.1/Cryptlib -I/shim-build/shim-16.1/Cryptlib/OpenSSL/Include/ -I/shim-build/shim-16.1/Cryptlib/OpenSSL/crypto -I/shim-build/shim-16.1/Cryptlib/Include -I/shim-build/shim-16.1/gnu-efi/inc -I/shim-build/shim-16.1/gnu-efi/inc/aarch64 -I/shim-build/shim-16.1/gnu-efi/inc/protocol -I/shim-build/shim-16.1/Cryptlib/OpenSSL/crypto/asn1 -I/shim-build/shim-16.1/Cryptlib/OpenSSL/crypto/evp -I/shim-build/shim-16.1/Cryptlib/OpenSSL/crypto/modes -I/shim-build/shim-16.1/Cryptlib/OpenSSL/crypto/include -isystem /shim-build/shim-16.1/include/system -isystem /usr/lib/gcc-cross/aarch64-linux-gnu/11/include -DL_ENDIAN -D_CRT_SECURE_NO_DEPRECATE -D_CRT_NONSTDC_NO_DEPRECATE -DOPENSSL_SMALL_FOOTPRINT -DPEDANTIC -DMDE_CPU_AARCH64   -c -o crypto/x509v3/v3_asid.o /shim-build/shim-16.1/Cryptlib/OpenSSL/crypto/x509v3/v3_asid.c
#14 164.1 aarch64-linux-gnu-gcc -std=gnu11 -ggdb -gdwarf-4 -gstrict-dwarf -ffreestanding -fmacro-prefix-map=/shim-build/shim-16.1/= -fno-stack-protector -fno-strict-aliasing -fpic -fshort-wchar -nostdinc -Os -Wall -Wextra -Wno-missing-field-initializers -Wno-empty-body -Wno-implicit-fallthrough -Wno-old-style-declaration -Wno-unused-but-set-variable -Wno-unused-parameter -Werror -Wno-error=unused-but-set-variable -Wno-error=unused-parameter -I/shim-build/shim-16.1/Cryptlib/OpenSSL -I/shim-build/shim-16.1/Cryptlib -I/shim-build/shim-16.1/Cryptlib/OpenSSL/Include/ -I/shim-build/shim-16.1/Cryptlib/OpenSSL/crypto -I/shim-build/shim-16.1/Cryptlib/Include -I/shim-build/shim-16.1/gnu-efi/inc -I/shim-build/shim-16.1/gnu-efi/inc/aarch64 -I/shim-build/shim-16.1/gnu-efi/inc/protocol -I/shim-build/shim-16.1/Cryptlib/OpenSSL/crypto/asn1 -I/shim-build/shim-16.1/Cryptlib/OpenSSL/crypto/evp -I/shim-build/shim-16.1/Cryptlib/OpenSSL/crypto/modes -I/shim-build/shim-16.1/Cryptlib/OpenSSL/crypto/include -isystem /shim-build/shim-16.1/include/system -isystem /usr/lib/gcc-cross/aarch64-linux-gnu/11/include -DL_ENDIAN -D_CRT_SECURE_NO_DEPRECATE -D_CRT_NONSTDC_NO_DEPRECATE -DOPENSSL_SMALL_FOOTPRINT -DPEDANTIC -DMDE_CPU_AARCH64   -c -o crypto/x509v3/v3_addr.o /shim-build/shim-16.1/Cryptlib/OpenSSL/crypto/x509v3/v3_addr.c
#14 164.2 aarch64-linux-gnu-gcc -std=gnu11 -ggdb -gdwarf-4 -gstrict-dwarf -ffreestanding -fmacro-prefix-map=/shim-build/shim-16.1/= -fno-stack-protector -fno-strict-aliasing -fpic -fshort-wchar -nostdinc -Os -Wall -Wextra -Wno-missing-field-initializers -Wno-empty-body -Wno-implicit-fallthrough -Wno-old-style-declaration -Wno-unused-but-set-variable -Wno-unused-parameter -Werror -Wno-error=unused-but-set-variable -Wno-error=unused-parameter -I/shim-build/shim-16.1/Cryptlib/OpenSSL -I/shim-build/shim-16.1/Cryptlib -I/shim-build/shim-16.1/Cryptlib/OpenSSL/Include/ -I/shim-build/shim-16.1/Cryptlib/OpenSSL/crypto -I/shim-build/shim-16.1/Cryptlib/Include -I/shim-build/shim-16.1/gnu-efi/inc -I/shim-build/shim-16.1/gnu-efi/inc/aarch64 -I/shim-build/shim-16.1/gnu-efi/inc/protocol -I/shim-build/shim-16.1/Cryptlib/OpenSSL/crypto/asn1 -I/shim-build/shim-16.1/Cryptlib/OpenSSL/crypto/evp -I/shim-build/shim-16.1/Cryptlib/OpenSSL/crypto/modes -I/shim-build/shim-16.1/Cryptlib/OpenSSL/crypto/include -isystem /shim-build/shim-16.1/include/system -isystem /usr/lib/gcc-cross/aarch64-linux-gnu/11/include -DL_ENDIAN -D_CRT_SECURE_NO_DEPRECATE -D_CRT_NONSTDC_NO_DEPRECATE -DOPENSSL_SMALL_FOOTPRINT -DPEDANTIC -DMDE_CPU_AARCH64   -c -o crypto/conf/conf_err.o /shim-build/shim-16.1/Cryptlib/OpenSSL/crypto/conf/conf_err.c
#14 164.5 aarch64-linux-gnu-gcc -std=gnu11 -ggdb -gdwarf-4 -gstrict-dwarf -ffreestanding -fmacro-prefix-map=/shim-build/shim-16.1/= -fno-stack-protector -fno-strict-aliasing -fpic -fshort-wchar -nostdinc -Os -Wall -Wextra -Wno-missing-field-initializers -Wno-empty-body -Wno-implicit-fallthrough -Wno-old-style-declaration -Wno-unused-but-set-variable -Wno-unused-parameter -Werror -Wno-error=unused-but-set-variable -Wno-error=unused-parameter -I/shim-build/shim-16.1/Cryptlib/OpenSSL -I/shim-build/shim-16.1/Cryptlib -I/shim-build/shim-16.1/Cryptlib/OpenSSL/Include/ -I/shim-build/shim-16.1/Cryptlib/OpenSSL/crypto -I/shim-build/shim-16.1/Cryptlib/Include -I/shim-build/shim-16.1/gnu-efi/inc -I/shim-build/shim-16.1/gnu-efi/inc/aarch64 -I/shim-build/shim-16.1/gnu-efi/inc/protocol -I/shim-build/shim-16.1/Cryptlib/OpenSSL/crypto/asn1 -I/shim-build/shim-16.1/Cryptlib/OpenSSL/crypto/evp -I/shim-build/shim-16.1/Cryptlib/OpenSSL/crypto/modes -I/shim-build/shim-16.1/Cryptlib/OpenSSL/crypto/include -isystem /shim-build/shim-16.1/include/system -isystem /usr/lib/gcc-cross/aarch64-linux-gnu/11/include -DL_ENDIAN -D_CRT_SECURE_NO_DEPRECATE -D_CRT_NONSTDC_NO_DEPRECATE -DOPENSSL_SMALL_FOOTPRINT -DPEDANTIC -DMDE_CPU_AARCH64   -c -o crypto/conf/conf_lib.o /shim-build/shim-16.1/Cryptlib/OpenSSL/crypto/conf/conf_lib.c
#14 164.9 aarch64-linux-gnu-gcc -std=gnu11 -ggdb -gdwarf-4 -gstrict-dwarf -ffreestanding -fmacro-prefix-map=/shim-build/shim-16.1/= -fno-stack-protector -fno-strict-aliasing -fpic -fshort-wchar -nostdinc -Os -Wall -Wextra -Wno-missing-field-initializers -Wno-empty-body -Wno-implicit-fallthrough -Wno-old-style-declaration -Wno-unused-but-set-variable -Wno-unused-parameter -Werror -Wno-error=unused-but-set-variable -Wno-error=unused-parameter -I/shim-build/shim-16.1/Cryptlib/OpenSSL -I/shim-build/shim-16.1/Cryptlib -I/shim-build/shim-16.1/Cryptlib/OpenSSL/Include/ -I/shim-build/shim-16.1/Cryptlib/OpenSSL/crypto -I/shim-build/shim-16.1/Cryptlib/Include -I/shim-build/shim-16.1/gnu-efi/inc -I/shim-build/shim-16.1/gnu-efi/inc/aarch64 -I/shim-build/shim-16.1/gnu-efi/inc/protocol -I/shim-build/shim-16.1/Cryptlib/OpenSSL/crypto/asn1 -I/shim-build/shim-16.1/Cryptlib/OpenSSL/crypto/evp -I/shim-build/shim-16.1/Cryptlib/OpenSSL/crypto/modes -I/shim-build/shim-16.1/Cryptlib/OpenSSL/crypto/include -isystem /shim-build/shim-16.1/include/system -isystem /usr/lib/gcc-cross/aarch64-linux-gnu/11/include -DL_ENDIAN -D_CRT_SECURE_NO_DEPRECATE -D_CRT_NONSTDC_NO_DEPRECATE -DOPENSSL_SMALL_FOOTPRINT -DPEDANTIC -DMDE_CPU_AARCH64   -c -o crypto/conf/conf_api.o /shim-build/shim-16.1/Cryptlib/OpenSSL/crypto/conf/conf_api.c
#14 165.4 aarch64-linux-gnu-gcc -std=gnu11 -ggdb -gdwarf-4 -gstrict-dwarf -ffreestanding -fmacro-prefix-map=/shim-build/shim-16.1/= -fno-stack-protector -fno-strict-aliasing -fpic -fshort-wchar -nostdinc -Os -Wall -Wextra -Wno-missing-field-initializers -Wno-empty-body -Wno-implicit-fallthrough -Wno-old-style-declaration -Wno-unused-but-set-variable -Wno-unused-parameter -Werror -Wno-error=unused-but-set-variable -Wno-error=unused-parameter -I/shim-build/shim-16.1/Cryptlib/OpenSSL -I/shim-build/shim-16.1/Cryptlib -I/shim-build/shim-16.1/Cryptlib/OpenSSL/Include/ -I/shim-build/shim-16.1/Cryptlib/OpenSSL/crypto -I/shim-build/shim-16.1/Cryptlib/Include -I/shim-build/shim-16.1/gnu-efi/inc -I/shim-build/shim-16.1/gnu-efi/inc/aarch64 -I/shim-build/shim-16.1/gnu-efi/inc/protocol -I/shim-build/shim-16.1/Cryptlib/OpenSSL/crypto/asn1 -I/shim-build/shim-16.1/Cryptlib/OpenSSL/crypto/evp -I/shim-build/shim-16.1/Cryptlib/OpenSSL/crypto/modes -I/shim-build/shim-16.1/Cryptlib/OpenSSL/crypto/include -isystem /shim-build/shim-16.1/include/system -isystem /usr/lib/gcc-cross/aarch64-linux-gnu/11/include -DL_ENDIAN -D_CRT_SECURE_NO_DEPRECATE -D_CRT_NONSTDC_NO_DEPRECATE -DOPENSSL_SMALL_FOOTPRINT -DPEDANTIC -DMDE_CPU_AARCH64   -c -o crypto/conf/conf_def.o /shim-build/shim-16.1/Cryptlib/OpenSSL/crypto/conf/conf_def.c
#14 166.0 aarch64-linux-gnu-gcc -std=gnu11 -ggdb -gdwarf-4 -gstrict-dwarf -ffreestanding -fmacro-prefix-map=/shim-build/shim-16.1/= -fno-stack-protector -fno-strict-aliasing -fpic -fshort-wchar -nostdinc -Os -Wall -Wextra -Wno-missing-field-initializers -Wno-empty-body -Wno-implicit-fallthrough -Wno-old-style-declaration -Wno-unused-but-set-variable -Wno-unused-parameter -Werror -Wno-error=unused-but-set-variable -Wno-error=unused-parameter -I/shim-build/shim-16.1/Cryptlib/OpenSSL -I/shim-build/shim-16.1/Cryptlib -I/shim-build/shim-16.1/Cryptlib/OpenSSL/Include/ -I/shim-build/shim-16.1/Cryptlib/OpenSSL/crypto -I/shim-build/shim-16.1/Cryptlib/Include -I/shim-build/shim-16.1/gnu-efi/inc -I/shim-build/shim-16.1/gnu-efi/inc/aarch64 -I/shim-build/shim-16.1/gnu-efi/inc/protocol -I/shim-build/shim-16.1/Cryptlib/OpenSSL/crypto/asn1 -I/shim-build/shim-16.1/Cryptlib/OpenSSL/crypto/evp -I/shim-build/shim-16.1/Cryptlib/OpenSSL/crypto/modes -I/shim-build/shim-16.1/Cryptlib/OpenSSL/crypto/include -isystem /shim-build/shim-16.1/include/system -isystem /usr/lib/gcc-cross/aarch64-linux-gnu/11/include -DL_ENDIAN -D_CRT_SECURE_NO_DEPRECATE -D_CRT_NONSTDC_NO_DEPRECATE -DOPENSSL_SMALL_FOOTPRINT -DPEDANTIC -DMDE_CPU_AARCH64   -c -o crypto/conf/conf_mod.o /shim-build/shim-16.1/Cryptlib/OpenSSL/crypto/conf/conf_mod.c
#14 166.5 aarch64-linux-gnu-gcc -std=gnu11 -ggdb -gdwarf-4 -gstrict-dwarf -ffreestanding -fmacro-prefix-map=/shim-build/shim-16.1/= -fno-stack-protector -fno-strict-aliasing -fpic -fshort-wchar -nostdinc -Os -Wall -Wextra -Wno-missing-field-initializers -Wno-empty-body -Wno-implicit-fallthrough -Wno-old-style-declaration -Wno-unused-but-set-variable -Wno-unused-parameter -Werror -Wno-error=unused-but-set-variable -Wno-error=unused-parameter -I/shim-build/shim-16.1/Cryptlib/OpenSSL -I/shim-build/shim-16.1/Cryptlib -I/shim-build/shim-16.1/Cryptlib/OpenSSL/Include/ -I/shim-build/shim-16.1/Cryptlib/OpenSSL/crypto -I/shim-build/shim-16.1/Cryptlib/Include -I/shim-build/shim-16.1/gnu-efi/inc -I/shim-build/shim-16.1/gnu-efi/inc/aarch64 -I/shim-build/shim-16.1/gnu-efi/inc/protocol -I/shim-build/shim-16.1/Cryptlib/OpenSSL/crypto/asn1 -I/shim-build/shim-16.1/Cryptlib/OpenSSL/crypto/evp -I/shim-build/shim-16.1/Cryptlib/OpenSSL/crypto/modes -I/shim-build/shim-16.1/Cryptlib/OpenSSL/crypto/include -isystem /shim-build/shim-16.1/include/system -isystem /usr/lib/gcc-cross/aarch64-linux-gnu/11/include -DL_ENDIAN -D_CRT_SECURE_NO_DEPRECATE -D_CRT_NONSTDC_NO_DEPRECATE -DOPENSSL_SMALL_FOOTPRINT -DPEDANTIC -DMDE_CPU_AARCH64   -c -o crypto/conf/conf_mall.o /shim-build/shim-16.1/Cryptlib/OpenSSL/crypto/conf/conf_mall.c
#14 166.8 aarch64-linux-gnu-gcc -std=gnu11 -ggdb -gdwarf-4 -gstrict-dwarf -ffreestanding -fmacro-prefix-map=/shim-build/shim-16.1/= -fno-stack-protector -fno-strict-aliasing -fpic -fshort-wchar -nostdinc -Os -Wall -Wextra -Wno-missing-field-initializers -Wno-empty-body -Wno-implicit-fallthrough -Wno-old-style-declaration -Wno-unused-but-set-variable -Wno-unused-parameter -Werror -Wno-error=unused-but-set-variable -Wno-error=unused-parameter -I/shim-build/shim-16.1/Cryptlib/OpenSSL -I/shim-build/shim-16.1/Cryptlib -I/shim-build/shim-16.1/Cryptlib/OpenSSL/Include/ -I/shim-build/shim-16.1/Cryptlib/OpenSSL/crypto -I/shim-build/shim-16.1/Cryptlib/Include -I/shim-build/shim-16.1/gnu-efi/inc -I/shim-build/shim-16.1/gnu-efi/inc/aarch64 -I/shim-build/shim-16.1/gnu-efi/inc/protocol -I/shim-build/shim-16.1/Cryptlib/OpenSSL/crypto/asn1 -I/shim-build/shim-16.1/Cryptlib/OpenSSL/crypto/evp -I/shim-build/shim-16.1/Cryptlib/OpenSSL/crypto/modes -I/shim-build/shim-16.1/Cryptlib/OpenSSL/crypto/include -isystem /shim-build/shim-16.1/include/system -isystem /usr/lib/gcc-cross/aarch64-linux-gnu/11/include -DL_ENDIAN -D_CRT_SECURE_NO_DEPRECATE -D_CRT_NONSTDC_NO_DEPRECATE -DOPENSSL_SMALL_FOOTPRINT -DPEDANTIC -DMDE_CPU_AARCH64   -c -o crypto/conf/conf_sap.o /shim-build/shim-16.1/Cryptlib/OpenSSL/crypto/conf/conf_sap.c
#14 167.1 aarch64-linux-gnu-gcc -std=gnu11 -ggdb -gdwarf-4 -gstrict-dwarf -ffreestanding -fmacro-prefix-map=/shim-build/shim-16.1/= -fno-stack-protector -fno-strict-aliasing -fpic -fshort-wchar -nostdinc -Os -Wall -Wextra -Wno-missing-field-initializers -Wno-empty-body -Wno-implicit-fallthrough -Wno-old-style-declaration -Wno-unused-but-set-variable -Wno-unused-parameter -Werror -Wno-error=unused-but-set-variable -Wno-error=unused-parameter -I/shim-build/shim-16.1/Cryptlib/OpenSSL -I/shim-build/shim-16.1/Cryptlib -I/shim-build/shim-16.1/Cryptlib/OpenSSL/Include/ -I/shim-build/shim-16.1/Cryptlib/OpenSSL/crypto -I/shim-build/shim-16.1/Cryptlib/Include -I/shim-build/shim-16.1/gnu-efi/inc -I/shim-build/shim-16.1/gnu-efi/inc/aarch64 -I/shim-build/shim-16.1/gnu-efi/inc/protocol -I/shim-build/shim-16.1/Cryptlib/OpenSSL/crypto/asn1 -I/shim-build/shim-16.1/Cryptlib/OpenSSL/crypto/evp -I/shim-build/shim-16.1/Cryptlib/OpenSSL/crypto/modes -I/shim-build/shim-16.1/Cryptlib/OpenSSL/crypto/include -isystem /shim-build/shim-16.1/include/system -isystem /usr/lib/gcc-cross/aarch64-linux-gnu/11/include -DL_ENDIAN -D_CRT_SECURE_NO_DEPRECATE -D_CRT_NONSTDC_NO_DEPRECATE -DOPENSSL_SMALL_FOOTPRINT -DPEDANTIC -DMDE_CPU_AARCH64   -c -o crypto/txt_db/txt_db.o /shim-build/shim-16.1/Cryptlib/OpenSSL/crypto/txt_db/txt_db.c
#14 167.7 aarch64-linux-gnu-gcc -std=gnu11 -ggdb -gdwarf-4 -gstrict-dwarf -ffreestanding -fmacro-prefix-map=/shim-build/shim-16.1/= -fno-stack-protector -fno-strict-aliasing -fpic -fshort-wchar -nostdinc -Os -Wall -Wextra -Wno-missing-field-initializers -Wno-empty-body -Wno-implicit-fallthrough -Wno-old-style-declaration -Wno-unused-but-set-variable -Wno-unused-parameter -Werror -Wno-error=unused-but-set-variable -Wno-error=unused-parameter -I/shim-build/shim-16.1/Cryptlib/OpenSSL -I/shim-build/shim-16.1/Cryptlib -I/shim-build/shim-16.1/Cryptlib/OpenSSL/Include/ -I/shim-build/shim-16.1/Cryptlib/OpenSSL/crypto -I/shim-build/shim-16.1/Cryptlib/Include -I/shim-build/shim-16.1/gnu-efi/inc -I/shim-build/shim-16.1/gnu-efi/inc/aarch64 -I/shim-build/shim-16.1/gnu-efi/inc/protocol -I/shim-build/shim-16.1/Cryptlib/OpenSSL/crypto/asn1 -I/shim-build/shim-16.1/Cryptlib/OpenSSL/crypto/evp -I/shim-build/shim-16.1/Cryptlib/OpenSSL/crypto/modes -I/shim-build/shim-16.1/Cryptlib/OpenSSL/crypto/include -isystem /shim-build/shim-16.1/include/system -isystem /usr/lib/gcc-cross/aarch64-linux-gnu/11/include -DL_ENDIAN -D_CRT_SECURE_NO_DEPRECATE -D_CRT_NONSTDC_NO_DEPRECATE -DOPENSSL_SMALL_FOOTPRINT -DPEDANTIC -DMDE_CPU_AARCH64   -c -o crypto/pkcs7/pk7_asn1.o /shim-build/shim-16.1/Cryptlib/OpenSSL/crypto/pkcs7/pk7_asn1.c
#14 168.1 aarch64-linux-gnu-gcc -std=gnu11 -ggdb -gdwarf-4 -gstrict-dwarf -ffreestanding -fmacro-prefix-map=/shim-build/shim-16.1/= -fno-stack-protector -fno-strict-aliasing -fpic -fshort-wchar -nostdinc -Os -Wall -Wextra -Wno-missing-field-initializers -Wno-empty-body -Wno-implicit-fallthrough -Wno-old-style-declaration -Wno-unused-but-set-variable -Wno-unused-parameter -Werror -Wno-error=unused-but-set-variable -Wno-error=unused-parameter -I/shim-build/shim-16.1/Cryptlib/OpenSSL -I/shim-build/shim-16.1/Cryptlib -I/shim-build/shim-16.1/Cryptlib/OpenSSL/Include/ -I/shim-build/shim-16.1/Cryptlib/OpenSSL/crypto -I/shim-build/shim-16.1/Cryptlib/Include -I/shim-build/shim-16.1/gnu-efi/inc -I/shim-build/shim-16.1/gnu-efi/inc/aarch64 -I/shim-build/shim-16.1/gnu-efi/inc/protocol -I/shim-build/shim-16.1/Cryptlib/OpenSSL/crypto/asn1 -I/shim-build/shim-16.1/Cryptlib/OpenSSL/crypto/evp -I/shim-build/shim-16.1/Cryptlib/OpenSSL/crypto/modes -I/shim-build/shim-16.1/Cryptlib/OpenSSL/crypto/include -isystem /shim-build/shim-16.1/include/system -isystem /usr/lib/gcc-cross/aarch64-linux-gnu/11/include -DL_ENDIAN -D_CRT_SECURE_NO_DEPRECATE -D_CRT_NONSTDC_NO_DEPRECATE -DOPENSSL_SMALL_FOOTPRINT -DPEDANTIC -DMDE_CPU_AARCH64   -c -o crypto/pkcs7/pk7_lib.o /shim-build/shim-16.1/Cryptlib/OpenSSL/crypto/pkcs7/pk7_lib.c
#14 168.6 aarch64-linux-gnu-gcc -std=gnu11 -ggdb -gdwarf-4 -gstrict-dwarf -ffreestanding -fmacro-prefix-map=/shim-build/shim-16.1/= -fno-stack-protector -fno-strict-aliasing -fpic -fshort-wchar -nostdinc -Os -Wall -Wextra -Wno-missing-field-initializers -Wno-empty-body -Wno-implicit-fallthrough -Wno-old-style-declaration -Wno-unused-but-set-variable -Wno-unused-parameter -Werror -Wno-error=unused-but-set-variable -Wno-error=unused-parameter -I/shim-build/shim-16.1/Cryptlib/OpenSSL -I/shim-build/shim-16.1/Cryptlib -I/shim-build/shim-16.1/Cryptlib/OpenSSL/Include/ -I/shim-build/shim-16.1/Cryptlib/OpenSSL/crypto -I/shim-build/shim-16.1/Cryptlib/Include -I/shim-build/shim-16.1/gnu-efi/inc -I/shim-build/shim-16.1/gnu-efi/inc/aarch64 -I/shim-build/shim-16.1/gnu-efi/inc/protocol -I/shim-build/shim-16.1/Cryptlib/OpenSSL/crypto/asn1 -I/shim-build/shim-16.1/Cryptlib/OpenSSL/crypto/evp -I/shim-build/shim-16.1/Cryptlib/OpenSSL/crypto/modes -I/shim-build/shim-16.1/Cryptlib/OpenSSL/crypto/include -isystem /shim-build/shim-16.1/include/system -isystem /usr/lib/gcc-cross/aarch64-linux-gnu/11/include -DL_ENDIAN -D_CRT_SECURE_NO_DEPRECATE -D_CRT_NONSTDC_NO_DEPRECATE -DOPENSSL_SMALL_FOOTPRINT -DPEDANTIC -DMDE_CPU_AARCH64   -c -o crypto/pkcs7/pkcs7err.o /shim-build/shim-16.1/Cryptlib/OpenSSL/crypto/pkcs7/pkcs7err.c
#14 168.8 aarch64-linux-gnu-gcc -std=gnu11 -ggdb -gdwarf-4 -gstrict-dwarf -ffreestanding -fmacro-prefix-map=/shim-build/shim-16.1/= -fno-stack-protector -fno-strict-aliasing -fpic -fshort-wchar -nostdinc -Os -Wall -Wextra -Wno-missing-field-initializers -Wno-empty-body -Wno-implicit-fallthrough -Wno-old-style-declaration -Wno-unused-but-set-variable -Wno-unused-parameter -Werror -Wno-error=unused-but-set-variable -Wno-error=unused-parameter -I/shim-build/shim-16.1/Cryptlib/OpenSSL -I/shim-build/shim-16.1/Cryptlib -I/shim-build/shim-16.1/Cryptlib/OpenSSL/Include/ -I/shim-build/shim-16.1/Cryptlib/OpenSSL/crypto -I/shim-build/shim-16.1/Cryptlib/Include -I/shim-build/shim-16.1/gnu-efi/inc -I/shim-build/shim-16.1/gnu-efi/inc/aarch64 -I/shim-build/shim-16.1/gnu-efi/inc/protocol -I/shim-build/shim-16.1/Cryptlib/OpenSSL/crypto/asn1 -I/shim-build/shim-16.1/Cryptlib/OpenSSL/crypto/evp -I/shim-build/shim-16.1/Cryptlib/OpenSSL/crypto/modes -I/shim-build/shim-16.1/Cryptlib/OpenSSL/crypto/include -isystem /shim-build/shim-16.1/include/system -isystem /usr/lib/gcc-cross/aarch64-linux-gnu/11/include -DL_ENDIAN -D_CRT_SECURE_NO_DEPRECATE -D_CRT_NONSTDC_NO_DEPRECATE -DOPENSSL_SMALL_FOOTPRINT -DPEDANTIC -DMDE_CPU_AARCH64   -c -o crypto/pkcs7/pk7_doit.o /shim-build/shim-16.1/Cryptlib/OpenSSL/crypto/pkcs7/pk7_doit.c
#14 169.5 aarch64-linux-gnu-gcc -std=gnu11 -ggdb -gdwarf-4 -gstrict-dwarf -ffreestanding -fmacro-prefix-map=/shim-build/shim-16.1/= -fno-stack-protector -fno-strict-aliasing -fpic -fshort-wchar -nostdinc -Os -Wall -Wextra -Wno-missing-field-initializers -Wno-empty-body -Wno-implicit-fallthrough -Wno-old-style-declaration -Wno-unused-but-set-variable -Wno-unused-parameter -Werror -Wno-error=unused-but-set-variable -Wno-error=unused-parameter -I/shim-build/shim-16.1/Cryptlib/OpenSSL -I/shim-build/shim-16.1/Cryptlib -I/shim-build/shim-16.1/Cryptlib/OpenSSL/Include/ -I/shim-build/shim-16.1/Cryptlib/OpenSSL/crypto -I/shim-build/shim-16.1/Cryptlib/Include -I/shim-build/shim-16.1/gnu-efi/inc -I/shim-build/shim-16.1/gnu-efi/inc/aarch64 -I/shim-build/shim-16.1/gnu-efi/inc/protocol -I/shim-build/shim-16.1/Cryptlib/OpenSSL/crypto/asn1 -I/shim-build/shim-16.1/Cryptlib/OpenSSL/crypto/evp -I/shim-build/shim-16.1/Cryptlib/OpenSSL/crypto/modes -I/shim-build/shim-16.1/Cryptlib/OpenSSL/crypto/include -isystem /shim-build/shim-16.1/include/system -isystem /usr/lib/gcc-cross/aarch64-linux-gnu/11/include -DL_ENDIAN -D_CRT_SECURE_NO_DEPRECATE -D_CRT_NONSTDC_NO_DEPRECATE -DOPENSSL_SMALL_FOOTPRINT -DPEDANTIC -DMDE_CPU_AARCH64   -c -o crypto/pkcs7/pk7_smime.o /shim-build/shim-16.1/Cryptlib/OpenSSL/crypto/pkcs7/pk7_smime.c
#14 170.0 aarch64-linux-gnu-gcc -std=gnu11 -ggdb -gdwarf-4 -gstrict-dwarf -ffreestanding -fmacro-prefix-map=/shim-build/shim-16.1/= -fno-stack-protector -fno-strict-aliasing -fpic -fshort-wchar -nostdinc -Os -Wall -Wextra -Wno-missing-field-initializers -Wno-empty-body -Wno-implicit-fallthrough -Wno-old-style-declaration -Wno-unused-but-set-variable -Wno-unused-parameter -Werror -Wno-error=unused-but-set-variable -Wno-error=unused-parameter -I/shim-build/shim-16.1/Cryptlib/OpenSSL -I/shim-build/shim-16.1/Cryptlib -I/shim-build/shim-16.1/Cryptlib/OpenSSL/Include/ -I/shim-build/shim-16.1/Cryptlib/OpenSSL/crypto -I/shim-build/shim-16.1/Cryptlib/Include -I/shim-build/shim-16.1/gnu-efi/inc -I/shim-build/shim-16.1/gnu-efi/inc/aarch64 -I/shim-build/shim-16.1/gnu-efi/inc/protocol -I/shim-build/shim-16.1/Cryptlib/OpenSSL/crypto/asn1 -I/shim-build/shim-16.1/Cryptlib/OpenSSL/crypto/evp -I/shim-build/shim-16.1/Cryptlib/OpenSSL/crypto/modes -I/shim-build/shim-16.1/Cryptlib/OpenSSL/crypto/include -isystem /shim-build/shim-16.1/include/system -isystem /usr/lib/gcc-cross/aarch64-linux-gnu/11/include -DL_ENDIAN -D_CRT_SECURE_NO_DEPRECATE -D_CRT_NONSTDC_NO_DEPRECATE -DOPENSSL_SMALL_FOOTPRINT -DPEDANTIC -DMDE_CPU_AARCH64   -c -o crypto/pkcs7/pk7_attr.o /shim-build/shim-16.1/Cryptlib/OpenSSL/crypto/pkcs7/pk7_attr.c
#14 170.4 aarch64-linux-gnu-gcc -std=gnu11 -ggdb -gdwarf-4 -gstrict-dwarf -ffreestanding -fmacro-prefix-map=/shim-build/shim-16.1/= -fno-stack-protector -fno-strict-aliasing -fpic -fshort-wchar -nostdinc -Os -Wall -Wextra -Wno-missing-field-initializers -Wno-empty-body -Wno-implicit-fallthrough -Wno-old-style-declaration -Wno-unused-but-set-variable -Wno-unused-parameter -Werror -Wno-error=unused-but-set-variable -Wno-error=unused-parameter -I/shim-build/shim-16.1/Cryptlib/OpenSSL -I/shim-build/shim-16.1/Cryptlib -I/shim-build/shim-16.1/Cryptlib/OpenSSL/Include/ -I/shim-build/shim-16.1/Cryptlib/OpenSSL/crypto -I/shim-build/shim-16.1/Cryptlib/Include -I/shim-build/shim-16.1/gnu-efi/inc -I/shim-build/shim-16.1/gnu-efi/inc/aarch64 -I/shim-build/shim-16.1/gnu-efi/inc/protocol -I/shim-build/shim-16.1/Cryptlib/OpenSSL/crypto/asn1 -I/shim-build/shim-16.1/Cryptlib/OpenSSL/crypto/evp -I/shim-build/shim-16.1/Cryptlib/OpenSSL/crypto/modes -I/shim-build/shim-16.1/Cryptlib/OpenSSL/crypto/include -isystem /shim-build/shim-16.1/include/system -isystem /usr/lib/gcc-cross/aarch64-linux-gnu/11/include -DL_ENDIAN -D_CRT_SECURE_NO_DEPRECATE -D_CRT_NONSTDC_NO_DEPRECATE -DOPENSSL_SMALL_FOOTPRINT -DPEDANTIC -DMDE_CPU_AARCH64   -c -o crypto/pkcs7/pk7_mime.o /shim-build/shim-16.1/Cryptlib/OpenSSL/crypto/pkcs7/pk7_mime.c
#14 170.7 aarch64-linux-gnu-gcc -std=gnu11 -ggdb -gdwarf-4 -gstrict-dwarf -ffreestanding -fmacro-prefix-map=/shim-build/shim-16.1/= -fno-stack-protector -fno-strict-aliasing -fpic -fshort-wchar -nostdinc -Os -Wall -Wextra -Wno-missing-field-initializers -Wno-empty-body -Wno-implicit-fallthrough -Wno-old-style-declaration -Wno-unused-but-set-variable -Wno-unused-parameter -Werror -Wno-error=unused-but-set-variable -Wno-error=unused-parameter -I/shim-build/shim-16.1/Cryptlib/OpenSSL -I/shim-build/shim-16.1/Cryptlib -I/shim-build/shim-16.1/Cryptlib/OpenSSL/Include/ -I/shim-build/shim-16.1/Cryptlib/OpenSSL/crypto -I/shim-build/shim-16.1/Cryptlib/Include -I/shim-build/shim-16.1/gnu-efi/inc -I/shim-build/shim-16.1/gnu-efi/inc/aarch64 -I/shim-build/shim-16.1/gnu-efi/inc/protocol -I/shim-build/shim-16.1/Cryptlib/OpenSSL/crypto/asn1 -I/shim-build/shim-16.1/Cryptlib/OpenSSL/crypto/evp -I/shim-build/shim-16.1/Cryptlib/OpenSSL/crypto/modes -I/shim-build/shim-16.1/Cryptlib/OpenSSL/crypto/include -isystem /shim-build/shim-16.1/include/system -isystem /usr/lib/gcc-cross/aarch64-linux-gnu/11/include -DL_ENDIAN -D_CRT_SECURE_NO_DEPRECATE -D_CRT_NONSTDC_NO_DEPRECATE -DOPENSSL_SMALL_FOOTPRINT -DPEDANTIC -DMDE_CPU_AARCH64   -c -o crypto/pkcs7/bio_pk7.o /shim-build/shim-16.1/Cryptlib/OpenSSL/crypto/pkcs7/bio_pk7.c
#14 171.0 aarch64-linux-gnu-gcc -std=gnu11 -ggdb -gdwarf-4 -gstrict-dwarf -ffreestanding -fmacro-prefix-map=/shim-build/shim-16.1/= -fno-stack-protector -fno-strict-aliasing -fpic -fshort-wchar -nostdinc -Os -Wall -Wextra -Wno-missing-field-initializers -Wno-empty-body -Wno-implicit-fallthrough -Wno-old-style-declaration -Wno-unused-but-set-variable -Wno-unused-parameter -Werror -Wno-error=unused-but-set-variable -Wno-error=unused-parameter -I/shim-build/shim-16.1/Cryptlib/OpenSSL -I/shim-build/shim-16.1/Cryptlib -I/shim-build/shim-16.1/Cryptlib/OpenSSL/Include/ -I/shim-build/shim-16.1/Cryptlib/OpenSSL/crypto -I/shim-build/shim-16.1/Cryptlib/Include -I/shim-build/shim-16.1/gnu-efi/inc -I/shim-build/shim-16.1/gnu-efi/inc/aarch64 -I/shim-build/shim-16.1/gnu-efi/inc/protocol -I/shim-build/shim-16.1/Cryptlib/OpenSSL/crypto/asn1 -I/shim-build/shim-16.1/Cryptlib/OpenSSL/crypto/evp -I/shim-build/shim-16.1/Cryptlib/OpenSSL/crypto/modes -I/shim-build/shim-16.1/Cryptlib/OpenSSL/crypto/include -isystem /shim-build/shim-16.1/include/system -isystem /usr/lib/gcc-cross/aarch64-linux-gnu/11/include -DL_ENDIAN -D_CRT_SECURE_NO_DEPRECATE -D_CRT_NONSTDC_NO_DEPRECATE -DOPENSSL_SMALL_FOOTPRINT -DPEDANTIC -DMDE_CPU_AARCH64   -c -o crypto/pkcs12/p12_add.o /shim-build/shim-16.1/Cryptlib/OpenSSL/crypto/pkcs12/p12_add.c
#14 171.4 aarch64-linux-gnu-gcc -std=gnu11 -ggdb -gdwarf-4 -gstrict-dwarf -ffreestanding -fmacro-prefix-map=/shim-build/shim-16.1/= -fno-stack-protector -fno-strict-aliasing -fpic -fshort-wchar -nostdinc -Os -Wall -Wextra -Wno-missing-field-initializers -Wno-empty-body -Wno-implicit-fallthrough -Wno-old-style-declaration -Wno-unused-but-set-variable -Wno-unused-parameter -Werror -Wno-error=unused-but-set-variable -Wno-error=unused-parameter -I/shim-build/shim-16.1/Cryptlib/OpenSSL -I/shim-build/shim-16.1/Cryptlib -I/shim-build/shim-16.1/Cryptlib/OpenSSL/Include/ -I/shim-build/shim-16.1/Cryptlib/OpenSSL/crypto -I/shim-build/shim-16.1/Cryptlib/Include -I/shim-build/shim-16.1/gnu-efi/inc -I/shim-build/shim-16.1/gnu-efi/inc/aarch64 -I/shim-build/shim-16.1/gnu-efi/inc/protocol -I/shim-build/shim-16.1/Cryptlib/OpenSSL/crypto/asn1 -I/shim-build/shim-16.1/Cryptlib/OpenSSL/crypto/evp -I/shim-build/shim-16.1/Cryptlib/OpenSSL/crypto/modes -I/shim-build/shim-16.1/Cryptlib/OpenSSL/crypto/include -isystem /shim-build/shim-16.1/include/system -isystem /usr/lib/gcc-cross/aarch64-linux-gnu/11/include -DL_ENDIAN -D_CRT_SECURE_NO_DEPRECATE -D_CRT_NONSTDC_NO_DEPRECATE -DOPENSSL_SMALL_FOOTPRINT -DPEDANTIC -DMDE_CPU_AARCH64   -c -o crypto/pkcs12/p12_asn.o /shim-build/shim-16.1/Cryptlib/OpenSSL/crypto/pkcs12/p12_asn.c
#14 171.7 aarch64-linux-gnu-gcc -std=gnu11 -ggdb -gdwarf-4 -gstrict-dwarf -ffreestanding -fmacro-prefix-map=/shim-build/shim-16.1/= -fno-stack-protector -fno-strict-aliasing -fpic -fshort-wchar -nostdinc -Os -Wall -Wextra -Wno-missing-field-initializers -Wno-empty-body -Wno-implicit-fallthrough -Wno-old-style-declaration -Wno-unused-but-set-variable -Wno-unused-parameter -Werror -Wno-error=unused-but-set-variable -Wno-error=unused-parameter -I/shim-build/shim-16.1/Cryptlib/OpenSSL -I/shim-build/shim-16.1/Cryptlib -I/shim-build/shim-16.1/Cryptlib/OpenSSL/Include/ -I/shim-build/shim-16.1/Cryptlib/OpenSSL/crypto -I/shim-build/shim-16.1/Cryptlib/Include -I/shim-build/shim-16.1/gnu-efi/inc -I/shim-build/shim-16.1/gnu-efi/inc/aarch64 -I/shim-build/shim-16.1/gnu-efi/inc/protocol -I/shim-build/shim-16.1/Cryptlib/OpenSSL/crypto/asn1 -I/shim-build/shim-16.1/Cryptlib/OpenSSL/crypto/evp -I/shim-build/shim-16.1/Cryptlib/OpenSSL/crypto/modes -I/shim-build/shim-16.1/Cryptlib/OpenSSL/crypto/include -isystem /shim-build/shim-16.1/include/system -isystem /usr/lib/gcc-cross/aarch64-linux-gnu/11/include -DL_ENDIAN -D_CRT_SECURE_NO_DEPRECATE -D_CRT_NONSTDC_NO_DEPRECATE -DOPENSSL_SMALL_FOOTPRINT -DPEDANTIC -DMDE_CPU_AARCH64   -c -o crypto/pkcs12/p12_attr.o /shim-build/shim-16.1/Cryptlib/OpenSSL/crypto/pkcs12/p12_attr.c
#14 172.2 aarch64-linux-gnu-gcc -std=gnu11 -ggdb -gdwarf-4 -gstrict-dwarf -ffreestanding -fmacro-prefix-map=/shim-build/shim-16.1/= -fno-stack-protector -fno-strict-aliasing -fpic -fshort-wchar -nostdinc -Os -Wall -Wextra -Wno-missing-field-initializers -Wno-empty-body -Wno-implicit-fallthrough -Wno-old-style-declaration -Wno-unused-but-set-variable -Wno-unused-parameter -Werror -Wno-error=unused-but-set-variable -Wno-error=unused-parameter -I/shim-build/shim-16.1/Cryptlib/OpenSSL -I/shim-build/shim-16.1/Cryptlib -I/shim-build/shim-16.1/Cryptlib/OpenSSL/Include/ -I/shim-build/shim-16.1/Cryptlib/OpenSSL/crypto -I/shim-build/shim-16.1/Cryptlib/Include -I/shim-build/shim-16.1/gnu-efi/inc -I/shim-build/shim-16.1/gnu-efi/inc/aarch64 -I/shim-build/shim-16.1/gnu-efi/inc/protocol -I/shim-build/shim-16.1/Cryptlib/OpenSSL/crypto/asn1 -I/shim-build/shim-16.1/Cryptlib/OpenSSL/crypto/evp -I/shim-build/shim-16.1/Cryptlib/OpenSSL/crypto/modes -I/shim-build/shim-16.1/Cryptlib/OpenSSL/crypto/include -isystem /shim-build/shim-16.1/include/system -isystem /usr/lib/gcc-cross/aarch64-linux-gnu/11/include -DL_ENDIAN -D_CRT_SECURE_NO_DEPRECATE -D_CRT_NONSTDC_NO_DEPRECATE -DOPENSSL_SMALL_FOOTPRINT -DPEDANTIC -DMDE_CPU_AARCH64   -c -o crypto/pkcs12/p12_crpt.o /shim-build/shim-16.1/Cryptlib/OpenSSL/crypto/pkcs12/p12_crpt.c
#14 172.5 aarch64-linux-gnu-gcc -std=gnu11 -ggdb -gdwarf-4 -gstrict-dwarf -ffreestanding -fmacro-prefix-map=/shim-build/shim-16.1/= -fno-stack-protector -fno-strict-aliasing -fpic -fshort-wchar -nostdinc -Os -Wall -Wextra -Wno-missing-field-initializers -Wno-empty-body -Wno-implicit-fallthrough -Wno-old-style-declaration -Wno-unused-but-set-variable -Wno-unused-parameter -Werror -Wno-error=unused-but-set-variable -Wno-error=unused-parameter -I/shim-build/shim-16.1/Cryptlib/OpenSSL -I/shim-build/shim-16.1/Cryptlib -I/shim-build/shim-16.1/Cryptlib/OpenSSL/Include/ -I/shim-build/shim-16.1/Cryptlib/OpenSSL/crypto -I/shim-build/shim-16.1/Cryptlib/Include -I/shim-build/shim-16.1/gnu-efi/inc -I/shim-build/shim-16.1/gnu-efi/inc/aarch64 -I/shim-build/shim-16.1/gnu-efi/inc/protocol -I/shim-build/shim-16.1/Cryptlib/OpenSSL/crypto/asn1 -I/shim-build/shim-16.1/Cryptlib/OpenSSL/crypto/evp -I/shim-build/shim-16.1/Cryptlib/OpenSSL/crypto/modes -I/shim-build/shim-16.1/Cryptlib/OpenSSL/crypto/include -isystem /shim-build/shim-16.1/include/system -isystem /usr/lib/gcc-cross/aarch64-linux-gnu/11/include -DL_ENDIAN -D_CRT_SECURE_NO_DEPRECATE -D_CRT_NONSTDC_NO_DEPRECATE -DOPENSSL_SMALL_FOOTPRINT -DPEDANTIC -DMDE_CPU_AARCH64   -c -o crypto/pkcs12/p12_crt.o /shim-build/shim-16.1/Cryptlib/OpenSSL/crypto/pkcs12/p12_crt.c
#14 173.0 aarch64-linux-gnu-gcc -std=gnu11 -ggdb -gdwarf-4 -gstrict-dwarf -ffreestanding -fmacro-prefix-map=/shim-build/shim-16.1/= -fno-stack-protector -fno-strict-aliasing -fpic -fshort-wchar -nostdinc -Os -Wall -Wextra -Wno-missing-field-initializers -Wno-empty-body -Wno-implicit-fallthrough -Wno-old-style-declaration -Wno-unused-but-set-variable -Wno-unused-parameter -Werror -Wno-error=unused-but-set-variable -Wno-error=unused-parameter -I/shim-build/shim-16.1/Cryptlib/OpenSSL -I/shim-build/shim-16.1/Cryptlib -I/shim-build/shim-16.1/Cryptlib/OpenSSL/Include/ -I/shim-build/shim-16.1/Cryptlib/OpenSSL/crypto -I/shim-build/shim-16.1/Cryptlib/Include -I/shim-build/shim-16.1/gnu-efi/inc -I/shim-build/shim-16.1/gnu-efi/inc/aarch64 -I/shim-build/shim-16.1/gnu-efi/inc/protocol -I/shim-build/shim-16.1/Cryptlib/OpenSSL/crypto/asn1 -I/shim-build/shim-16.1/Cryptlib/OpenSSL/crypto/evp -I/shim-build/shim-16.1/Cryptlib/OpenSSL/crypto/modes -I/shim-build/shim-16.1/Cryptlib/OpenSSL/crypto/include -isystem /shim-build/shim-16.1/include/system -isystem /usr/lib/gcc-cross/aarch64-linux-gnu/11/include -DL_ENDIAN -D_CRT_SECURE_NO_DEPRECATE -D_CRT_NONSTDC_NO_DEPRECATE -DOPENSSL_SMALL_FOOTPRINT -DPEDANTIC -DMDE_CPU_AARCH64   -c -o crypto/pkcs12/p12_decr.o /shim-build/shim-16.1/Cryptlib/OpenSSL/crypto/pkcs12/p12_decr.c
#14 173.4 aarch64-linux-gnu-gcc -std=gnu11 -ggdb -gdwarf-4 -gstrict-dwarf -ffreestanding -fmacro-prefix-map=/shim-build/shim-16.1/= -fno-stack-protector -fno-strict-aliasing -fpic -fshort-wchar -nostdinc -Os -Wall -Wextra -Wno-missing-field-initializers -Wno-empty-body -Wno-implicit-fallthrough -Wno-old-style-declaration -Wno-unused-but-set-variable -Wno-unused-parameter -Werror -Wno-error=unused-but-set-variable -Wno-error=unused-parameter -I/shim-build/shim-16.1/Cryptlib/OpenSSL -I/shim-build/shim-16.1/Cryptlib -I/shim-build/shim-16.1/Cryptlib/OpenSSL/Include/ -I/shim-build/shim-16.1/Cryptlib/OpenSSL/crypto -I/shim-build/shim-16.1/Cryptlib/Include -I/shim-build/shim-16.1/gnu-efi/inc -I/shim-build/shim-16.1/gnu-efi/inc/aarch64 -I/shim-build/shim-16.1/gnu-efi/inc/protocol -I/shim-build/shim-16.1/Cryptlib/OpenSSL/crypto/asn1 -I/shim-build/shim-16.1/Cryptlib/OpenSSL/crypto/evp -I/shim-build/shim-16.1/Cryptlib/OpenSSL/crypto/modes -I/shim-build/shim-16.1/Cryptlib/OpenSSL/crypto/include -isystem /shim-build/shim-16.1/include/system -isystem /usr/lib/gcc-cross/aarch64-linux-gnu/11/include -DL_ENDIAN -D_CRT_SECURE_NO_DEPRECATE -D_CRT_NONSTDC_NO_DEPRECATE -DOPENSSL_SMALL_FOOTPRINT -DPEDANTIC -DMDE_CPU_AARCH64   -c -o crypto/pkcs12/p12_init.o /shim-build/shim-16.1/Cryptlib/OpenSSL/crypto/pkcs12/p12_init.c
#14 173.7 aarch64-linux-gnu-gcc -std=gnu11 -ggdb -gdwarf-4 -gstrict-dwarf -ffreestanding -fmacro-prefix-map=/shim-build/shim-16.1/= -fno-stack-protector -fno-strict-aliasing -fpic -fshort-wchar -nostdinc -Os -Wall -Wextra -Wno-missing-field-initializers -Wno-empty-body -Wno-implicit-fallthrough -Wno-old-style-declaration -Wno-unused-but-set-variable -Wno-unused-parameter -Werror -Wno-error=unused-but-set-variable -Wno-error=unused-parameter -I/shim-build/shim-16.1/Cryptlib/OpenSSL -I/shim-build/shim-16.1/Cryptlib -I/shim-build/shim-16.1/Cryptlib/OpenSSL/Include/ -I/shim-build/shim-16.1/Cryptlib/OpenSSL/crypto -I/shim-build/shim-16.1/Cryptlib/Include -I/shim-build/shim-16.1/gnu-efi/inc -I/shim-build/shim-16.1/gnu-efi/inc/aarch64 -I/shim-build/shim-16.1/gnu-efi/inc/protocol -I/shim-build/shim-16.1/Cryptlib/OpenSSL/crypto/asn1 -I/shim-build/shim-16.1/Cryptlib/OpenSSL/crypto/evp -I/shim-build/shim-16.1/Cryptlib/OpenSSL/crypto/modes -I/shim-build/shim-16.1/Cryptlib/OpenSSL/crypto/include -isystem /shim-build/shim-16.1/include/system -isystem /usr/lib/gcc-cross/aarch64-linux-gnu/11/include -DL_ENDIAN -D_CRT_SECURE_NO_DEPRECATE -D_CRT_NONSTDC_NO_DEPRECATE -DOPENSSL_SMALL_FOOTPRINT -DPEDANTIC -DMDE_CPU_AARCH64   -c -o crypto/pkcs12/p12_key.o /shim-build/shim-16.1/Cryptlib/OpenSSL/crypto/pkcs12/p12_key.c
#14 174.2 aarch64-linux-gnu-gcc -std=gnu11 -ggdb -gdwarf-4 -gstrict-dwarf -ffreestanding -fmacro-prefix-map=/shim-build/shim-16.1/= -fno-stack-protector -fno-strict-aliasing -fpic -fshort-wchar -nostdinc -Os -Wall -Wextra -Wno-missing-field-initializers -Wno-empty-body -Wno-implicit-fallthrough -Wno-old-style-declaration -Wno-unused-but-set-variable -Wno-unused-parameter -Werror -Wno-error=unused-but-set-variable -Wno-error=unused-parameter -I/shim-build/shim-16.1/Cryptlib/OpenSSL -I/shim-build/shim-16.1/Cryptlib -I/shim-build/shim-16.1/Cryptlib/OpenSSL/Include/ -I/shim-build/shim-16.1/Cryptlib/OpenSSL/crypto -I/shim-build/shim-16.1/Cryptlib/Include -I/shim-build/shim-16.1/gnu-efi/inc -I/shim-build/shim-16.1/gnu-efi/inc/aarch64 -I/shim-build/shim-16.1/gnu-efi/inc/protocol -I/shim-build/shim-16.1/Cryptlib/OpenSSL/crypto/asn1 -I/shim-build/shim-16.1/Cryptlib/OpenSSL/crypto/evp -I/shim-build/shim-16.1/Cryptlib/OpenSSL/crypto/modes -I/shim-build/shim-16.1/Cryptlib/OpenSSL/crypto/include -isystem /shim-build/shim-16.1/include/system -isystem /usr/lib/gcc-cross/aarch64-linux-gnu/11/include -DL_ENDIAN -D_CRT_SECURE_NO_DEPRECATE -D_CRT_NONSTDC_NO_DEPRECATE -DOPENSSL_SMALL_FOOTPRINT -DPEDANTIC -DMDE_CPU_AARCH64   -c -o crypto/pkcs12/p12_kiss.o /shim-build/shim-16.1/Cryptlib/OpenSSL/crypto/pkcs12/p12_kiss.c
#14 174.7 aarch64-linux-gnu-gcc -std=gnu11 -ggdb -gdwarf-4 -gstrict-dwarf -ffreestanding -fmacro-prefix-map=/shim-build/shim-16.1/= -fno-stack-protector -fno-strict-aliasing -fpic -fshort-wchar -nostdinc -Os -Wall -Wextra -Wno-missing-field-initializers -Wno-empty-body -Wno-implicit-fallthrough -Wno-old-style-declaration -Wno-unused-but-set-variable -Wno-unused-parameter -Werror -Wno-error=unused-but-set-variable -Wno-error=unused-parameter -I/shim-build/shim-16.1/Cryptlib/OpenSSL -I/shim-build/shim-16.1/Cryptlib -I/shim-build/shim-16.1/Cryptlib/OpenSSL/Include/ -I/shim-build/shim-16.1/Cryptlib/OpenSSL/crypto -I/shim-build/shim-16.1/Cryptlib/Include -I/shim-build/shim-16.1/gnu-efi/inc -I/shim-build/shim-16.1/gnu-efi/inc/aarch64 -I/shim-build/shim-16.1/gnu-efi/inc/protocol -I/shim-build/shim-16.1/Cryptlib/OpenSSL/crypto/asn1 -I/shim-build/shim-16.1/Cryptlib/OpenSSL/crypto/evp -I/shim-build/shim-16.1/Cryptlib/OpenSSL/crypto/modes -I/shim-build/shim-16.1/Cryptlib/OpenSSL/crypto/include -isystem /shim-build/shim-16.1/include/system -isystem /usr/lib/gcc-cross/aarch64-linux-gnu/11/include -DL_ENDIAN -D_CRT_SECURE_NO_DEPRECATE -D_CRT_NONSTDC_NO_DEPRECATE -DOPENSSL_SMALL_FOOTPRINT -DPEDANTIC -DMDE_CPU_AARCH64   -c -o crypto/pkcs12/p12_mutl.o /shim-build/shim-16.1/Cryptlib/OpenSSL/crypto/pkcs12/p12_mutl.c
#14 175.1 aarch64-linux-gnu-gcc -std=gnu11 -ggdb -gdwarf-4 -gstrict-dwarf -ffreestanding -fmacro-prefix-map=/shim-build/shim-16.1/= -fno-stack-protector -fno-strict-aliasing -fpic -fshort-wchar -nostdinc -Os -Wall -Wextra -Wno-missing-field-initializers -Wno-empty-body -Wno-implicit-fallthrough -Wno-old-style-declaration -Wno-unused-but-set-variable -Wno-unused-parameter -Werror -Wno-error=unused-but-set-variable -Wno-error=unused-parameter -I/shim-build/shim-16.1/Cryptlib/OpenSSL -I/shim-build/shim-16.1/Cryptlib -I/shim-build/shim-16.1/Cryptlib/OpenSSL/Include/ -I/shim-build/shim-16.1/Cryptlib/OpenSSL/crypto -I/shim-build/shim-16.1/Cryptlib/Include -I/shim-build/shim-16.1/gnu-efi/inc -I/shim-build/shim-16.1/gnu-efi/inc/aarch64 -I/shim-build/shim-16.1/gnu-efi/inc/protocol -I/shim-build/shim-16.1/Cryptlib/OpenSSL/crypto/asn1 -I/shim-build/shim-16.1/Cryptlib/OpenSSL/crypto/evp -I/shim-build/shim-16.1/Cryptlib/OpenSSL/crypto/modes -I/shim-build/shim-16.1/Cryptlib/OpenSSL/crypto/include -isystem /shim-build/shim-16.1/include/system -isystem /usr/lib/gcc-cross/aarch64-linux-gnu/11/include -DL_ENDIAN -D_CRT_SECURE_NO_DEPRECATE -D_CRT_NONSTDC_NO_DEPRECATE -DOPENSSL_SMALL_FOOTPRINT -DPEDANTIC -DMDE_CPU_AARCH64   -c -o crypto/pkcs12/p12_utl.o /shim-build/shim-16.1/Cryptlib/OpenSSL/crypto/pkcs12/p12_utl.c
#14 175.5 aarch64-linux-gnu-gcc -std=gnu11 -ggdb -gdwarf-4 -gstrict-dwarf -ffreestanding -fmacro-prefix-map=/shim-build/shim-16.1/= -fno-stack-protector -fno-strict-aliasing -fpic -fshort-wchar -nostdinc -Os -Wall -Wextra -Wno-missing-field-initializers -Wno-empty-body -Wno-implicit-fallthrough -Wno-old-style-declaration -Wno-unused-but-set-variable -Wno-unused-parameter -Werror -Wno-error=unused-but-set-variable -Wno-error=unused-parameter -I/shim-build/shim-16.1/Cryptlib/OpenSSL -I/shim-build/shim-16.1/Cryptlib -I/shim-build/shim-16.1/Cryptlib/OpenSSL/Include/ -I/shim-build/shim-16.1/Cryptlib/OpenSSL/crypto -I/shim-build/shim-16.1/Cryptlib/Include -I/shim-build/shim-16.1/gnu-efi/inc -I/shim-build/shim-16.1/gnu-efi/inc/aarch64 -I/shim-build/shim-16.1/gnu-efi/inc/protocol -I/shim-build/shim-16.1/Cryptlib/OpenSSL/crypto/asn1 -I/shim-build/shim-16.1/Cryptlib/OpenSSL/crypto/evp -I/shim-build/shim-16.1/Cryptlib/OpenSSL/crypto/modes -I/shim-build/shim-16.1/Cryptlib/OpenSSL/crypto/include -isystem /shim-build/shim-16.1/include/system -isystem /usr/lib/gcc-cross/aarch64-linux-gnu/11/include -DL_ENDIAN -D_CRT_SECURE_NO_DEPRECATE -D_CRT_NONSTDC_NO_DEPRECATE -DOPENSSL_SMALL_FOOTPRINT -DPEDANTIC -DMDE_CPU_AARCH64   -c -o crypto/pkcs12/p12_npas.o /shim-build/shim-16.1/Cryptlib/OpenSSL/crypto/pkcs12/p12_npas.c
#14 176.0 aarch64-linux-gnu-gcc -std=gnu11 -ggdb -gdwarf-4 -gstrict-dwarf -ffreestanding -fmacro-prefix-map=/shim-build/shim-16.1/= -fno-stack-protector -fno-strict-aliasing -fpic -fshort-wchar -nostdinc -Os -Wall -Wextra -Wno-missing-field-initializers -Wno-empty-body -Wno-implicit-fallthrough -Wno-old-style-declaration -Wno-unused-but-set-variable -Wno-unused-parameter -Werror -Wno-error=unused-but-set-variable -Wno-error=unused-parameter -I/shim-build/shim-16.1/Cryptlib/OpenSSL -I/shim-build/shim-16.1/Cryptlib -I/shim-build/shim-16.1/Cryptlib/OpenSSL/Include/ -I/shim-build/shim-16.1/Cryptlib/OpenSSL/crypto -I/shim-build/shim-16.1/Cryptlib/Include -I/shim-build/shim-16.1/gnu-efi/inc -I/shim-build/shim-16.1/gnu-efi/inc/aarch64 -I/shim-build/shim-16.1/gnu-efi/inc/protocol -I/shim-build/shim-16.1/Cryptlib/OpenSSL/crypto/asn1 -I/shim-build/shim-16.1/Cryptlib/OpenSSL/crypto/evp -I/shim-build/shim-16.1/Cryptlib/OpenSSL/crypto/modes -I/shim-build/shim-16.1/Cryptlib/OpenSSL/crypto/include -isystem /shim-build/shim-16.1/include/system -isystem /usr/lib/gcc-cross/aarch64-linux-gnu/11/include -DL_ENDIAN -D_CRT_SECURE_NO_DEPRECATE -D_CRT_NONSTDC_NO_DEPRECATE -DOPENSSL_SMALL_FOOTPRINT -DPEDANTIC -DMDE_CPU_AARCH64   -c -o crypto/pkcs12/pk12err.o /shim-build/shim-16.1/Cryptlib/OpenSSL/crypto/pkcs12/pk12err.c
#14 176.2 aarch64-linux-gnu-gcc -std=gnu11 -ggdb -gdwarf-4 -gstrict-dwarf -ffreestanding -fmacro-prefix-map=/shim-build/shim-16.1/= -fno-stack-protector -fno-strict-aliasing -fpic -fshort-wchar -nostdinc -Os -Wall -Wextra -Wno-missing-field-initializers -Wno-empty-body -Wno-implicit-fallthrough -Wno-old-style-declaration -Wno-unused-but-set-variable -Wno-unused-parameter -Werror -Wno-error=unused-but-set-variable -Wno-error=unused-parameter -I/shim-build/shim-16.1/Cryptlib/OpenSSL -I/shim-build/shim-16.1/Cryptlib -I/shim-build/shim-16.1/Cryptlib/OpenSSL/Include/ -I/shim-build/shim-16.1/Cryptlib/OpenSSL/crypto -I/shim-build/shim-16.1/Cryptlib/Include -I/shim-build/shim-16.1/gnu-efi/inc -I/shim-build/shim-16.1/gnu-efi/inc/aarch64 -I/shim-build/shim-16.1/gnu-efi/inc/protocol -I/shim-build/shim-16.1/Cryptlib/OpenSSL/crypto/asn1 -I/shim-build/shim-16.1/Cryptlib/OpenSSL/crypto/evp -I/shim-build/shim-16.1/Cryptlib/OpenSSL/crypto/modes -I/shim-build/shim-16.1/Cryptlib/OpenSSL/crypto/include -isystem /shim-build/shim-16.1/include/system -isystem /usr/lib/gcc-cross/aarch64-linux-gnu/11/include -DL_ENDIAN -D_CRT_SECURE_NO_DEPRECATE -D_CRT_NONSTDC_NO_DEPRECATE -DOPENSSL_SMALL_FOOTPRINT -DPEDANTIC -DMDE_CPU_AARCH64   -c -o crypto/pkcs12/p12_p8d.o /shim-build/shim-16.1/Cryptlib/OpenSSL/crypto/pkcs12/p12_p8d.c
#14 176.5 aarch64-linux-gnu-gcc -std=gnu11 -ggdb -gdwarf-4 -gstrict-dwarf -ffreestanding -fmacro-prefix-map=/shim-build/shim-16.1/= -fno-stack-protector -fno-strict-aliasing -fpic -fshort-wchar -nostdinc -Os -Wall -Wextra -Wno-missing-field-initializers -Wno-empty-body -Wno-implicit-fallthrough -Wno-old-style-declaration -Wno-unused-but-set-variable -Wno-unused-parameter -Werror -Wno-error=unused-but-set-variable -Wno-error=unused-parameter -I/shim-build/shim-16.1/Cryptlib/OpenSSL -I/shim-build/shim-16.1/Cryptlib -I/shim-build/shim-16.1/Cryptlib/OpenSSL/Include/ -I/shim-build/shim-16.1/Cryptlib/OpenSSL/crypto -I/shim-build/shim-16.1/Cryptlib/Include -I/shim-build/shim-16.1/gnu-efi/inc -I/shim-build/shim-16.1/gnu-efi/inc/aarch64 -I/shim-build/shim-16.1/gnu-efi/inc/protocol -I/shim-build/shim-16.1/Cryptlib/OpenSSL/crypto/asn1 -I/shim-build/shim-16.1/Cryptlib/OpenSSL/crypto/evp -I/shim-build/shim-16.1/Cryptlib/OpenSSL/crypto/modes -I/shim-build/shim-16.1/Cryptlib/OpenSSL/crypto/include -isystem /shim-build/shim-16.1/include/system -isystem /usr/lib/gcc-cross/aarch64-linux-gnu/11/include -DL_ENDIAN -D_CRT_SECURE_NO_DEPRECATE -D_CRT_NONSTDC_NO_DEPRECATE -DOPENSSL_SMALL_FOOTPRINT -DPEDANTIC -DMDE_CPU_AARCH64   -c -o crypto/pkcs12/p12_p8e.o /shim-build/shim-16.1/Cryptlib/OpenSSL/crypto/pkcs12/p12_p8e.c
#14 176.9 aarch64-linux-gnu-gcc -std=gnu11 -ggdb -gdwarf-4 -gstrict-dwarf -ffreestanding -fmacro-prefix-map=/shim-build/shim-16.1/= -fno-stack-protector -fno-strict-aliasing -fpic -fshort-wchar -nostdinc -Os -Wall -Wextra -Wno-missing-field-initializers -Wno-empty-body -Wno-implicit-fallthrough -Wno-old-style-declaration -Wno-unused-but-set-variable -Wno-unused-parameter -Werror -Wno-error=unused-but-set-variable -Wno-error=unused-parameter -I/shim-build/shim-16.1/Cryptlib/OpenSSL -I/shim-build/shim-16.1/Cryptlib -I/shim-build/shim-16.1/Cryptlib/OpenSSL/Include/ -I/shim-build/shim-16.1/Cryptlib/OpenSSL/crypto -I/shim-build/shim-16.1/Cryptlib/Include -I/shim-build/shim-16.1/gnu-efi/inc -I/shim-build/shim-16.1/gnu-efi/inc/aarch64 -I/shim-build/shim-16.1/gnu-efi/inc/protocol -I/shim-build/shim-16.1/Cryptlib/OpenSSL/crypto/asn1 -I/shim-build/shim-16.1/Cryptlib/OpenSSL/crypto/evp -I/shim-build/shim-16.1/Cryptlib/OpenSSL/crypto/modes -I/shim-build/shim-16.1/Cryptlib/OpenSSL/crypto/include -isystem /shim-build/shim-16.1/include/system -isystem /usr/lib/gcc-cross/aarch64-linux-gnu/11/include -DL_ENDIAN -D_CRT_SECURE_NO_DEPRECATE -D_CRT_NONSTDC_NO_DEPRECATE -DOPENSSL_SMALL_FOOTPRINT -DPEDANTIC -DMDE_CPU_AARCH64   -c -o crypto/comp/comp_lib.o /shim-build/shim-16.1/Cryptlib/OpenSSL/crypto/comp/comp_lib.c
#14 177.3 aarch64-linux-gnu-gcc -std=gnu11 -ggdb -gdwarf-4 -gstrict-dwarf -ffreestanding -fmacro-prefix-map=/shim-build/shim-16.1/= -fno-stack-protector -fno-strict-aliasing -fpic -fshort-wchar -nostdinc -Os -Wall -Wextra -Wno-missing-field-initializers -Wno-empty-body -Wno-implicit-fallthrough -Wno-old-style-declaration -Wno-unused-but-set-variable -Wno-unused-parameter -Werror -Wno-error=unused-but-set-variable -Wno-error=unused-parameter -I/shim-build/shim-16.1/Cryptlib/OpenSSL -I/shim-build/shim-16.1/Cryptlib -I/shim-build/shim-16.1/Cryptlib/OpenSSL/Include/ -I/shim-build/shim-16.1/Cryptlib/OpenSSL/crypto -I/shim-build/shim-16.1/Cryptlib/Include -I/shim-build/shim-16.1/gnu-efi/inc -I/shim-build/shim-16.1/gnu-efi/inc/aarch64 -I/shim-build/shim-16.1/gnu-efi/inc/protocol -I/shim-build/shim-16.1/Cryptlib/OpenSSL/crypto/asn1 -I/shim-build/shim-16.1/Cryptlib/OpenSSL/crypto/evp -I/shim-build/shim-16.1/Cryptlib/OpenSSL/crypto/modes -I/shim-build/shim-16.1/Cryptlib/OpenSSL/crypto/include -isystem /shim-build/shim-16.1/include/system -isystem /usr/lib/gcc-cross/aarch64-linux-gnu/11/include -DL_ENDIAN -D_CRT_SECURE_NO_DEPRECATE -D_CRT_NONSTDC_NO_DEPRECATE -DOPENSSL_SMALL_FOOTPRINT -DPEDANTIC -DMDE_CPU_AARCH64   -c -o crypto/comp/comp_err.o /shim-build/shim-16.1/Cryptlib/OpenSSL/crypto/comp/comp_err.c
#14 177.5 aarch64-linux-gnu-gcc -std=gnu11 -ggdb -gdwarf-4 -gstrict-dwarf -ffreestanding -fmacro-prefix-map=/shim-build/shim-16.1/= -fno-stack-protector -fno-strict-aliasing -fpic -fshort-wchar -nostdinc -Os -Wall -Wextra -Wno-missing-field-initializers -Wno-empty-body -Wno-implicit-fallthrough -Wno-old-style-declaration -Wno-unused-but-set-variable -Wno-unused-parameter -Werror -Wno-error=unused-but-set-variable -Wno-error=unused-parameter -I/shim-build/shim-16.1/Cryptlib/OpenSSL -I/shim-build/shim-16.1/Cryptlib -I/shim-build/shim-16.1/Cryptlib/OpenSSL/Include/ -I/shim-build/shim-16.1/Cryptlib/OpenSSL/crypto -I/shim-build/shim-16.1/Cryptlib/Include -I/shim-build/shim-16.1/gnu-efi/inc -I/shim-build/shim-16.1/gnu-efi/inc/aarch64 -I/shim-build/shim-16.1/gnu-efi/inc/protocol -I/shim-build/shim-16.1/Cryptlib/OpenSSL/crypto/asn1 -I/shim-build/shim-16.1/Cryptlib/OpenSSL/crypto/evp -I/shim-build/shim-16.1/Cryptlib/OpenSSL/crypto/modes -I/shim-build/shim-16.1/Cryptlib/OpenSSL/crypto/include -isystem /shim-build/shim-16.1/include/system -isystem /usr/lib/gcc-cross/aarch64-linux-gnu/11/include -DL_ENDIAN -D_CRT_SECURE_NO_DEPRECATE -D_CRT_NONSTDC_NO_DEPRECATE -DOPENSSL_SMALL_FOOTPRINT -DPEDANTIC -DMDE_CPU_AARCH64   -c -o crypto/comp/c_rle.o /shim-build/shim-16.1/Cryptlib/OpenSSL/crypto/comp/c_rle.c
#14 177.9 aarch64-linux-gnu-gcc -std=gnu11 -ggdb -gdwarf-4 -gstrict-dwarf -ffreestanding -fmacro-prefix-map=/shim-build/shim-16.1/= -fno-stack-protector -fno-strict-aliasing -fpic -fshort-wchar -nostdinc -Os -Wall -Wextra -Wno-missing-field-initializers -Wno-empty-body -Wno-implicit-fallthrough -Wno-old-style-declaration -Wno-unused-but-set-variable -Wno-unused-parameter -Werror -Wno-error=unused-but-set-variable -Wno-error=unused-parameter -I/shim-build/shim-16.1/Cryptlib/OpenSSL -I/shim-build/shim-16.1/Cryptlib -I/shim-build/shim-16.1/Cryptlib/OpenSSL/Include/ -I/shim-build/shim-16.1/Cryptlib/OpenSSL/crypto -I/shim-build/shim-16.1/Cryptlib/Include -I/shim-build/shim-16.1/gnu-efi/inc -I/shim-build/shim-16.1/gnu-efi/inc/aarch64 -I/shim-build/shim-16.1/gnu-efi/inc/protocol -I/shim-build/shim-16.1/Cryptlib/OpenSSL/crypto/asn1 -I/shim-build/shim-16.1/Cryptlib/OpenSSL/crypto/evp -I/shim-build/shim-16.1/Cryptlib/OpenSSL/crypto/modes -I/shim-build/shim-16.1/Cryptlib/OpenSSL/crypto/include -isystem /shim-build/shim-16.1/include/system -isystem /usr/lib/gcc-cross/aarch64-linux-gnu/11/include -DL_ENDIAN -D_CRT_SECURE_NO_DEPRECATE -D_CRT_NONSTDC_NO_DEPRECATE -DOPENSSL_SMALL_FOOTPRINT -DPEDANTIC -DMDE_CPU_AARCH64   -c -o crypto/comp/c_zlib.o /shim-build/shim-16.1/Cryptlib/OpenSSL/crypto/comp/c_zlib.c
#14 178.2 aarch64-linux-gnu-gcc -std=gnu11 -ggdb -gdwarf-4 -gstrict-dwarf -ffreestanding -fmacro-prefix-map=/shim-build/shim-16.1/= -fno-stack-protector -fno-strict-aliasing -fpic -fshort-wchar -nostdinc -Os -Wall -Wextra -Wno-missing-field-initializers -Wno-empty-body -Wno-implicit-fallthrough -Wno-old-style-declaration -Wno-unused-but-set-variable -Wno-unused-parameter -Werror -Wno-error=unused-but-set-variable -Wno-error=unused-parameter -I/shim-build/shim-16.1/Cryptlib/OpenSSL -I/shim-build/shim-16.1/Cryptlib -I/shim-build/shim-16.1/Cryptlib/OpenSSL/Include/ -I/shim-build/shim-16.1/Cryptlib/OpenSSL/crypto -I/shim-build/shim-16.1/Cryptlib/Include -I/shim-build/shim-16.1/gnu-efi/inc -I/shim-build/shim-16.1/gnu-efi/inc/aarch64 -I/shim-build/shim-16.1/gnu-efi/inc/protocol -I/shim-build/shim-16.1/Cryptlib/OpenSSL/crypto/asn1 -I/shim-build/shim-16.1/Cryptlib/OpenSSL/crypto/evp -I/shim-build/shim-16.1/Cryptlib/OpenSSL/crypto/modes -I/shim-build/shim-16.1/Cryptlib/OpenSSL/crypto/include -isystem /shim-build/shim-16.1/include/system -isystem /usr/lib/gcc-cross/aarch64-linux-gnu/11/include -DL_ENDIAN -D_CRT_SECURE_NO_DEPRECATE -D_CRT_NONSTDC_NO_DEPRECATE -DOPENSSL_SMALL_FOOTPRINT -DPEDANTIC -DMDE_CPU_AARCH64   -c -o crypto/ocsp/ocsp_asn.o /shim-build/shim-16.1/Cryptlib/OpenSSL/crypto/ocsp/ocsp_asn.c
#14 178.5 aarch64-linux-gnu-gcc -std=gnu11 -ggdb -gdwarf-4 -gstrict-dwarf -ffreestanding -fmacro-prefix-map=/shim-build/shim-16.1/= -fno-stack-protector -fno-strict-aliasing -fpic -fshort-wchar -nostdinc -Os -Wall -Wextra -Wno-missing-field-initializers -Wno-empty-body -Wno-implicit-fallthrough -Wno-old-style-declaration -Wno-unused-but-set-variable -Wno-unused-parameter -Werror -Wno-error=unused-but-set-variable -Wno-error=unused-parameter -I/shim-build/shim-16.1/Cryptlib/OpenSSL -I/shim-build/shim-16.1/Cryptlib -I/shim-build/shim-16.1/Cryptlib/OpenSSL/Include/ -I/shim-build/shim-16.1/Cryptlib/OpenSSL/crypto -I/shim-build/shim-16.1/Cryptlib/Include -I/shim-build/shim-16.1/gnu-efi/inc -I/shim-build/shim-16.1/gnu-efi/inc/aarch64 -I/shim-build/shim-16.1/gnu-efi/inc/protocol -I/shim-build/shim-16.1/Cryptlib/OpenSSL/crypto/asn1 -I/shim-build/shim-16.1/Cryptlib/OpenSSL/crypto/evp -I/shim-build/shim-16.1/Cryptlib/OpenSSL/crypto/modes -I/shim-build/shim-16.1/Cryptlib/OpenSSL/crypto/include -isystem /shim-build/shim-16.1/include/system -isystem /usr/lib/gcc-cross/aarch64-linux-gnu/11/include -DL_ENDIAN -D_CRT_SECURE_NO_DEPRECATE -D_CRT_NONSTDC_NO_DEPRECATE -DOPENSSL_SMALL_FOOTPRINT -DPEDANTIC -DMDE_CPU_AARCH64   -c -o crypto/ocsp/ocsp_ext.o /shim-build/shim-16.1/Cryptlib/OpenSSL/crypto/ocsp/ocsp_ext.c
#14 179.0 aarch64-linux-gnu-gcc -std=gnu11 -ggdb -gdwarf-4 -gstrict-dwarf -ffreestanding -fmacro-prefix-map=/shim-build/shim-16.1/= -fno-stack-protector -fno-strict-aliasing -fpic -fshort-wchar -nostdinc -Os -Wall -Wextra -Wno-missing-field-initializers -Wno-empty-body -Wno-implicit-fallthrough -Wno-old-style-declaration -Wno-unused-but-set-variable -Wno-unused-parameter -Werror -Wno-error=unused-but-set-variable -Wno-error=unused-parameter -I/shim-build/shim-16.1/Cryptlib/OpenSSL -I/shim-build/shim-16.1/Cryptlib -I/shim-build/shim-16.1/Cryptlib/OpenSSL/Include/ -I/shim-build/shim-16.1/Cryptlib/OpenSSL/crypto -I/shim-build/shim-16.1/Cryptlib/Include -I/shim-build/shim-16.1/gnu-efi/inc -I/shim-build/shim-16.1/gnu-efi/inc/aarch64 -I/shim-build/shim-16.1/gnu-efi/inc/protocol -I/shim-build/shim-16.1/Cryptlib/OpenSSL/crypto/asn1 -I/shim-build/shim-16.1/Cryptlib/OpenSSL/crypto/evp -I/shim-build/shim-16.1/Cryptlib/OpenSSL/crypto/modes -I/shim-build/shim-16.1/Cryptlib/OpenSSL/crypto/include -isystem /shim-build/shim-16.1/include/system -isystem /usr/lib/gcc-cross/aarch64-linux-gnu/11/include -DL_ENDIAN -D_CRT_SECURE_NO_DEPRECATE -D_CRT_NONSTDC_NO_DEPRECATE -DOPENSSL_SMALL_FOOTPRINT -DPEDANTIC -DMDE_CPU_AARCH64   -c -o crypto/ocsp/ocsp_ht.o /shim-build/shim-16.1/Cryptlib/OpenSSL/crypto/ocsp/ocsp_ht.c
#14 179.5 aarch64-linux-gnu-gcc -std=gnu11 -ggdb -gdwarf-4 -gstrict-dwarf -ffreestanding -fmacro-prefix-map=/shim-build/shim-16.1/= -fno-stack-protector -fno-strict-aliasing -fpic -fshort-wchar -nostdinc -Os -Wall -Wextra -Wno-missing-field-initializers -Wno-empty-body -Wno-implicit-fallthrough -Wno-old-style-declaration -Wno-unused-but-set-variable -Wno-unused-parameter -Werror -Wno-error=unused-but-set-variable -Wno-error=unused-parameter -I/shim-build/shim-16.1/Cryptlib/OpenSSL -I/shim-build/shim-16.1/Cryptlib -I/shim-build/shim-16.1/Cryptlib/OpenSSL/Include/ -I/shim-build/shim-16.1/Cryptlib/OpenSSL/crypto -I/shim-build/shim-16.1/Cryptlib/Include -I/shim-build/shim-16.1/gnu-efi/inc -I/shim-build/shim-16.1/gnu-efi/inc/aarch64 -I/shim-build/shim-16.1/gnu-efi/inc/protocol -I/shim-build/shim-16.1/Cryptlib/OpenSSL/crypto/asn1 -I/shim-build/shim-16.1/Cryptlib/OpenSSL/crypto/evp -I/shim-build/shim-16.1/Cryptlib/OpenSSL/crypto/modes -I/shim-build/shim-16.1/Cryptlib/OpenSSL/crypto/include -isystem /shim-build/shim-16.1/include/system -isystem /usr/lib/gcc-cross/aarch64-linux-gnu/11/include -DL_ENDIAN -D_CRT_SECURE_NO_DEPRECATE -D_CRT_NONSTDC_NO_DEPRECATE -DOPENSSL_SMALL_FOOTPRINT -DPEDANTIC -DMDE_CPU_AARCH64   -c -o crypto/ocsp/ocsp_lib.o /shim-build/shim-16.1/Cryptlib/OpenSSL/crypto/ocsp/ocsp_lib.c
#14 180.0 aarch64-linux-gnu-gcc -std=gnu11 -ggdb -gdwarf-4 -gstrict-dwarf -ffreestanding -fmacro-prefix-map=/shim-build/shim-16.1/= -fno-stack-protector -fno-strict-aliasing -fpic -fshort-wchar -nostdinc -Os -Wall -Wextra -Wno-missing-field-initializers -Wno-empty-body -Wno-implicit-fallthrough -Wno-old-style-declaration -Wno-unused-but-set-variable -Wno-unused-parameter -Werror -Wno-error=unused-but-set-variable -Wno-error=unused-parameter -I/shim-build/shim-16.1/Cryptlib/OpenSSL -I/shim-build/shim-16.1/Cryptlib -I/shim-build/shim-16.1/Cryptlib/OpenSSL/Include/ -I/shim-build/shim-16.1/Cryptlib/OpenSSL/crypto -I/shim-build/shim-16.1/Cryptlib/Include -I/shim-build/shim-16.1/gnu-efi/inc -I/shim-build/shim-16.1/gnu-efi/inc/aarch64 -I/shim-build/shim-16.1/gnu-efi/inc/protocol -I/shim-build/shim-16.1/Cryptlib/OpenSSL/crypto/asn1 -I/shim-build/shim-16.1/Cryptlib/OpenSSL/crypto/evp -I/shim-build/shim-16.1/Cryptlib/OpenSSL/crypto/modes -I/shim-build/shim-16.1/Cryptlib/OpenSSL/crypto/include -isystem /shim-build/shim-16.1/include/system -isystem /usr/lib/gcc-cross/aarch64-linux-gnu/11/include -DL_ENDIAN -D_CRT_SECURE_NO_DEPRECATE -D_CRT_NONSTDC_NO_DEPRECATE -DOPENSSL_SMALL_FOOTPRINT -DPEDANTIC -DMDE_CPU_AARCH64   -c -o crypto/ocsp/ocsp_cl.o /shim-build/shim-16.1/Cryptlib/OpenSSL/crypto/ocsp/ocsp_cl.c
#14 180.4 aarch64-linux-gnu-gcc -std=gnu11 -ggdb -gdwarf-4 -gstrict-dwarf -ffreestanding -fmacro-prefix-map=/shim-build/shim-16.1/= -fno-stack-protector -fno-strict-aliasing -fpic -fshort-wchar -nostdinc -Os -Wall -Wextra -Wno-missing-field-initializers -Wno-empty-body -Wno-implicit-fallthrough -Wno-old-style-declaration -Wno-unused-but-set-variable -Wno-unused-parameter -Werror -Wno-error=unused-but-set-variable -Wno-error=unused-parameter -I/shim-build/shim-16.1/Cryptlib/OpenSSL -I/shim-build/shim-16.1/Cryptlib -I/shim-build/shim-16.1/Cryptlib/OpenSSL/Include/ -I/shim-build/shim-16.1/Cryptlib/OpenSSL/crypto -I/shim-build/shim-16.1/Cryptlib/Include -I/shim-build/shim-16.1/gnu-efi/inc -I/shim-build/shim-16.1/gnu-efi/inc/aarch64 -I/shim-build/shim-16.1/gnu-efi/inc/protocol -I/shim-build/shim-16.1/Cryptlib/OpenSSL/crypto/asn1 -I/shim-build/shim-16.1/Cryptlib/OpenSSL/crypto/evp -I/shim-build/shim-16.1/Cryptlib/OpenSSL/crypto/modes -I/shim-build/shim-16.1/Cryptlib/OpenSSL/crypto/include -isystem /shim-build/shim-16.1/include/system -isystem /usr/lib/gcc-cross/aarch64-linux-gnu/11/include -DL_ENDIAN -D_CRT_SECURE_NO_DEPRECATE -D_CRT_NONSTDC_NO_DEPRECATE -DOPENSSL_SMALL_FOOTPRINT -DPEDANTIC -DMDE_CPU_AARCH64   -c -o crypto/ocsp/ocsp_srv.o /shim-build/shim-16.1/Cryptlib/OpenSSL/crypto/ocsp/ocsp_srv.c
#14 180.9 aarch64-linux-gnu-gcc -std=gnu11 -ggdb -gdwarf-4 -gstrict-dwarf -ffreestanding -fmacro-prefix-map=/shim-build/shim-16.1/= -fno-stack-protector -fno-strict-aliasing -fpic -fshort-wchar -nostdinc -Os -Wall -Wextra -Wno-missing-field-initializers -Wno-empty-body -Wno-implicit-fallthrough -Wno-old-style-declaration -Wno-unused-but-set-variable -Wno-unused-parameter -Werror -Wno-error=unused-but-set-variable -Wno-error=unused-parameter -I/shim-build/shim-16.1/Cryptlib/OpenSSL -I/shim-build/shim-16.1/Cryptlib -I/shim-build/shim-16.1/Cryptlib/OpenSSL/Include/ -I/shim-build/shim-16.1/Cryptlib/OpenSSL/crypto -I/shim-build/shim-16.1/Cryptlib/Include -I/shim-build/shim-16.1/gnu-efi/inc -I/shim-build/shim-16.1/gnu-efi/inc/aarch64 -I/shim-build/shim-16.1/gnu-efi/inc/protocol -I/shim-build/shim-16.1/Cryptlib/OpenSSL/crypto/asn1 -I/shim-build/shim-16.1/Cryptlib/OpenSSL/crypto/evp -I/shim-build/shim-16.1/Cryptlib/OpenSSL/crypto/modes -I/shim-build/shim-16.1/Cryptlib/OpenSSL/crypto/include -isystem /shim-build/shim-16.1/include/system -isystem /usr/lib/gcc-cross/aarch64-linux-gnu/11/include -DL_ENDIAN -D_CRT_SECURE_NO_DEPRECATE -D_CRT_NONSTDC_NO_DEPRECATE -DOPENSSL_SMALL_FOOTPRINT -DPEDANTIC -DMDE_CPU_AARCH64   -c -o crypto/ocsp/ocsp_prn.o /shim-build/shim-16.1/Cryptlib/OpenSSL/crypto/ocsp/ocsp_prn.c
#14 181.3 aarch64-linux-gnu-gcc -std=gnu11 -ggdb -gdwarf-4 -gstrict-dwarf -ffreestanding -fmacro-prefix-map=/shim-build/shim-16.1/= -fno-stack-protector -fno-strict-aliasing -fpic -fshort-wchar -nostdinc -Os -Wall -Wextra -Wno-missing-field-initializers -Wno-empty-body -Wno-implicit-fallthrough -Wno-old-style-declaration -Wno-unused-but-set-variable -Wno-unused-parameter -Werror -Wno-error=unused-but-set-variable -Wno-error=unused-parameter -I/shim-build/shim-16.1/Cryptlib/OpenSSL -I/shim-build/shim-16.1/Cryptlib -I/shim-build/shim-16.1/Cryptlib/OpenSSL/Include/ -I/shim-build/shim-16.1/Cryptlib/OpenSSL/crypto -I/shim-build/shim-16.1/Cryptlib/Include -I/shim-build/shim-16.1/gnu-efi/inc -I/shim-build/shim-16.1/gnu-efi/inc/aarch64 -I/shim-build/shim-16.1/gnu-efi/inc/protocol -I/shim-build/shim-16.1/Cryptlib/OpenSSL/crypto/asn1 -I/shim-build/shim-16.1/Cryptlib/OpenSSL/crypto/evp -I/shim-build/shim-16.1/Cryptlib/OpenSSL/crypto/modes -I/shim-build/shim-16.1/Cryptlib/OpenSSL/crypto/include -isystem /shim-build/shim-16.1/include/system -isystem /usr/lib/gcc-cross/aarch64-linux-gnu/11/include -DL_ENDIAN -D_CRT_SECURE_NO_DEPRECATE -D_CRT_NONSTDC_NO_DEPRECATE -DOPENSSL_SMALL_FOOTPRINT -DPEDANTIC -DMDE_CPU_AARCH64   -c -o crypto/ocsp/ocsp_vfy.o /shim-build/shim-16.1/Cryptlib/OpenSSL/crypto/ocsp/ocsp_vfy.c
#14 181.8 aarch64-linux-gnu-gcc -std=gnu11 -ggdb -gdwarf-4 -gstrict-dwarf -ffreestanding -fmacro-prefix-map=/shim-build/shim-16.1/= -fno-stack-protector -fno-strict-aliasing -fpic -fshort-wchar -nostdinc -Os -Wall -Wextra -Wno-missing-field-initializers -Wno-empty-body -Wno-implicit-fallthrough -Wno-old-style-declaration -Wno-unused-but-set-variable -Wno-unused-parameter -Werror -Wno-error=unused-but-set-variable -Wno-error=unused-parameter -I/shim-build/shim-16.1/Cryptlib/OpenSSL -I/shim-build/shim-16.1/Cryptlib -I/shim-build/shim-16.1/Cryptlib/OpenSSL/Include/ -I/shim-build/shim-16.1/Cryptlib/OpenSSL/crypto -I/shim-build/shim-16.1/Cryptlib/Include -I/shim-build/shim-16.1/gnu-efi/inc -I/shim-build/shim-16.1/gnu-efi/inc/aarch64 -I/shim-build/shim-16.1/gnu-efi/inc/protocol -I/shim-build/shim-16.1/Cryptlib/OpenSSL/crypto/asn1 -I/shim-build/shim-16.1/Cryptlib/OpenSSL/crypto/evp -I/shim-build/shim-16.1/Cryptlib/OpenSSL/crypto/modes -I/shim-build/shim-16.1/Cryptlib/OpenSSL/crypto/include -isystem /shim-build/shim-16.1/include/system -isystem /usr/lib/gcc-cross/aarch64-linux-gnu/11/include -DL_ENDIAN -D_CRT_SECURE_NO_DEPRECATE -D_CRT_NONSTDC_NO_DEPRECATE -DOPENSSL_SMALL_FOOTPRINT -DPEDANTIC -DMDE_CPU_AARCH64   -c -o crypto/ocsp/ocsp_err.o /shim-build/shim-16.1/Cryptlib/OpenSSL/crypto/ocsp/ocsp_err.c
#14 182.1 aarch64-linux-gnu-gcc -std=gnu11 -ggdb -gdwarf-4 -gstrict-dwarf -ffreestanding -fmacro-prefix-map=/shim-build/shim-16.1/= -fno-stack-protector -fno-strict-aliasing -fpic -fshort-wchar -nostdinc -Os -Wall -Wextra -Wno-missing-field-initializers -Wno-empty-body -Wno-implicit-fallthrough -Wno-old-style-declaration -Wno-unused-but-set-variable -Wno-unused-parameter -Werror -Wno-error=unused-but-set-variable -Wno-error=unused-parameter -I/shim-build/shim-16.1/Cryptlib/OpenSSL -I/shim-build/shim-16.1/Cryptlib -I/shim-build/shim-16.1/Cryptlib/OpenSSL/Include/ -I/shim-build/shim-16.1/Cryptlib/OpenSSL/crypto -I/shim-build/shim-16.1/Cryptlib/Include -I/shim-build/shim-16.1/gnu-efi/inc -I/shim-build/shim-16.1/gnu-efi/inc/aarch64 -I/shim-build/shim-16.1/gnu-efi/inc/protocol -I/shim-build/shim-16.1/Cryptlib/OpenSSL/crypto/asn1 -I/shim-build/shim-16.1/Cryptlib/OpenSSL/crypto/evp -I/shim-build/shim-16.1/Cryptlib/OpenSSL/crypto/modes -I/shim-build/shim-16.1/Cryptlib/OpenSSL/crypto/include -isystem /shim-build/shim-16.1/include/system -isystem /usr/lib/gcc-cross/aarch64-linux-gnu/11/include -DL_ENDIAN -D_CRT_SECURE_NO_DEPRECATE -D_CRT_NONSTDC_NO_DEPRECATE -DOPENSSL_SMALL_FOOTPRINT -DPEDANTIC -DMDE_CPU_AARCH64   -c -o crypto/cmac/cmac.o /shim-build/shim-16.1/Cryptlib/OpenSSL/crypto/cmac/cmac.c
#14 182.6 aarch64-linux-gnu-gcc -std=gnu11 -ggdb -gdwarf-4 -gstrict-dwarf -ffreestanding -fmacro-prefix-map=/shim-build/shim-16.1/= -fno-stack-protector -fno-strict-aliasing -fpic -fshort-wchar -nostdinc -Os -Wall -Wextra -Wno-missing-field-initializers -Wno-empty-body -Wno-implicit-fallthrough -Wno-old-style-declaration -Wno-unused-but-set-variable -Wno-unused-parameter -Werror -Wno-error=unused-but-set-variable -Wno-error=unused-parameter -I/shim-build/shim-16.1/Cryptlib/OpenSSL -I/shim-build/shim-16.1/Cryptlib -I/shim-build/shim-16.1/Cryptlib/OpenSSL/Include/ -I/shim-build/shim-16.1/Cryptlib/OpenSSL/crypto -I/shim-build/shim-16.1/Cryptlib/Include -I/shim-build/shim-16.1/gnu-efi/inc -I/shim-build/shim-16.1/gnu-efi/inc/aarch64 -I/shim-build/shim-16.1/gnu-efi/inc/protocol -I/shim-build/shim-16.1/Cryptlib/OpenSSL/crypto/asn1 -I/shim-build/shim-16.1/Cryptlib/OpenSSL/crypto/evp -I/shim-build/shim-16.1/Cryptlib/OpenSSL/crypto/modes -I/shim-build/shim-16.1/Cryptlib/OpenSSL/crypto/include -isystem /shim-build/shim-16.1/include/system -isystem /usr/lib/gcc-cross/aarch64-linux-gnu/11/include -DL_ENDIAN -D_CRT_SECURE_NO_DEPRECATE -D_CRT_NONSTDC_NO_DEPRECATE -DOPENSSL_SMALL_FOOTPRINT -DPEDANTIC -DMDE_CPU_AARCH64   -c -o crypto/cmac/cm_ameth.o /shim-build/shim-16.1/Cryptlib/OpenSSL/crypto/cmac/cm_ameth.c
#14 182.9 aarch64-linux-gnu-gcc -std=gnu11 -ggdb -gdwarf-4 -gstrict-dwarf -ffreestanding -fmacro-prefix-map=/shim-build/shim-16.1/= -fno-stack-protector -fno-strict-aliasing -fpic -fshort-wchar -nostdinc -Os -Wall -Wextra -Wno-missing-field-initializers -Wno-empty-body -Wno-implicit-fallthrough -Wno-old-style-declaration -Wno-unused-but-set-variable -Wno-unused-parameter -Werror -Wno-error=unused-but-set-variable -Wno-error=unused-parameter -I/shim-build/shim-16.1/Cryptlib/OpenSSL -I/shim-build/shim-16.1/Cryptlib -I/shim-build/shim-16.1/Cryptlib/OpenSSL/Include/ -I/shim-build/shim-16.1/Cryptlib/OpenSSL/crypto -I/shim-build/shim-16.1/Cryptlib/Include -I/shim-build/shim-16.1/gnu-efi/inc -I/shim-build/shim-16.1/gnu-efi/inc/aarch64 -I/shim-build/shim-16.1/gnu-efi/inc/protocol -I/shim-build/shim-16.1/Cryptlib/OpenSSL/crypto/asn1 -I/shim-build/shim-16.1/Cryptlib/OpenSSL/crypto/evp -I/shim-build/shim-16.1/Cryptlib/OpenSSL/crypto/modes -I/shim-build/shim-16.1/Cryptlib/OpenSSL/crypto/include -isystem /shim-build/shim-16.1/include/system -isystem /usr/lib/gcc-cross/aarch64-linux-gnu/11/include -DL_ENDIAN -D_CRT_SECURE_NO_DEPRECATE -D_CRT_NONSTDC_NO_DEPRECATE -DOPENSSL_SMALL_FOOTPRINT -DPEDANTIC -DMDE_CPU_AARCH64   -c -o crypto/cmac/cm_pmeth.o /shim-build/shim-16.1/Cryptlib/OpenSSL/crypto/cmac/cm_pmeth.c
#14 183.3 ar rcs libopenssl.a crypto/cryptlib.o crypto/mem.o crypto/mem_clr.o crypto/mem_dbg.o crypto/cversion.o crypto/ex_data.o crypto/cpt_err.o crypto/ebcdic.o crypto/uid.o crypto/o_time.o crypto/o_str.o crypto/o_dir.o crypto/o_fips.o crypto/o_init.o crypto/fips_ers.o crypto/md5/md5_dgst.o crypto/md5/md5_one.o crypto/sha/sha_dgst.o crypto/sha/sha1dgst.o crypto/sha/sha_one.o crypto/sha/sha1_one.o crypto/sha/sha256.o crypto/sha/sha512.o crypto/hmac/hmac.o crypto/hmac/hm_ameth.o crypto/hmac/hm_pmeth.o crypto/rc4/rc4_enc.o crypto/rc4/rc4_skey.o crypto/rc4/rc4_utl.o crypto/aes/aes_misc.o crypto/aes/aes_ecb.o crypto/aes/aes_cfb.o crypto/aes/aes_ofb.o crypto/aes/aes_ctr.o crypto/aes/aes_ige.o crypto/aes/aes_wrap.o crypto/aes/aes_core.o crypto/aes/aes_cbc.o crypto/modes/cbc128.o crypto/modes/ctr128.o crypto/modes/cts128.o crypto/modes/cfb128.o crypto/modes/ofb128.o crypto/modes/gcm128.o crypto/modes/ccm128.o crypto/modes/xts128.o crypto/modes/wrap128.o crypto/bn/bn_add.o crypto/bn/bn_div.o crypto/bn/bn_exp.o crypto/bn/bn_lib.o crypto/bn/bn_ctx.o crypto/bn/bn_mul.o crypto/bn/bn_mod.o crypto/bn/bn_print.o crypto/bn/bn_rand.o crypto/bn/bn_shift.o crypto/bn/bn_word.o crypto/bn/bn_blind.o crypto/bn/bn_kron.o crypto/bn/bn_sqrt.o crypto/bn/bn_gcd.o crypto/bn/bn_prime.o crypto/bn/bn_err.o crypto/bn/bn_sqr.o crypto/bn/bn_asm.o crypto/bn/bn_recp.o crypto/bn/bn_mont.o crypto/bn/bn_mpi.o crypto/bn/bn_exp2.o crypto/bn/bn_gf2m.o crypto/bn/bn_nist.o crypto/bn/bn_depr.o crypto/bn/bn_x931p.o crypto/bn/bn_const.o crypto/rsa/rsa_eay.o crypto/rsa/rsa_gen.o crypto/rsa/rsa_lib.o crypto/rsa/rsa_sign.o crypto/rsa/rsa_saos.o crypto/rsa/rsa_err.o crypto/rsa/rsa_pk1.o crypto/rsa/rsa_ssl.o crypto/rsa/rsa_none.o crypto/rsa/rsa_oaep.o crypto/rsa/rsa_chk.o crypto/rsa/rsa_null.o crypto/rsa/rsa_pss.o crypto/rsa/rsa_x931.o crypto/rsa/rsa_asn1.o crypto/rsa/rsa_depr.o crypto/rsa/rsa_ameth.o crypto/rsa/rsa_prn.o crypto/rsa/rsa_pmeth.o crypto/rsa/rsa_crpt.o crypto/dso/dso_dl.o crypto/dso/dso_dlfcn.o crypto/dso/dso_err.o crypto/dso/dso_lib.o crypto/dso/dso_null.o crypto/dso/dso_openssl.o crypto/dso/dso_win32.o crypto/dso/dso_vms.o crypto/dso/dso_beos.o crypto/dh/dh_asn1.o crypto/dh/dh_gen.o crypto/dh/dh_key.o crypto/dh/dh_lib.o crypto/dh/dh_check.o crypto/dh/dh_err.o crypto/dh/dh_depr.o crypto/dh/dh_ameth.o crypto/dh/dh_pmeth.o crypto/dh/dh_prn.o crypto/dh/dh_rfc5114.o crypto/buffer/buffer.o crypto/buffer/buf_str.o crypto/buffer/buf_err.o crypto/bio/bio_lib.o crypto/bio/bio_cb.o crypto/bio/bio_err.o crypto/bio/bss_mem.o crypto/bio/bss_null.o crypto/bio/bss_fd.o crypto/bio/bss_file.o crypto/bio/bss_sock.o crypto/bio/bss_conn.o crypto/bio/bf_null.o crypto/bio/bf_buff.o crypto/bio/b_dump.o crypto/bio/b_print.o crypto/bio/b_sock.o crypto/bio/bss_acpt.o crypto/bio/bf_nbio.o crypto/bio/bss_log.o crypto/bio/bss_bio.o crypto/bio/bss_dgram.o crypto/stack/stack.o crypto/lhash/lhash.o crypto/lhash/lh_stats.o crypto/rand/md_rand.o crypto/rand/randfile.o crypto/rand/rand_lib.o crypto/rand/rand_err.o crypto/rand/rand_unix.o crypto/err/err.o crypto/err/err_all.o crypto/err/err_prn.o crypto/objects/o_names.o crypto/objects/obj_dat.o crypto/objects/obj_lib.o crypto/objects/obj_err.o crypto/objects/obj_xref.o crypto/evp/encode.o crypto/evp/digest.o crypto/evp/evp_enc.o crypto/evp/evp_key.o crypto/evp/evp_acnf.o crypto/evp/evp_cnf.o crypto/evp/e_des.o crypto/evp/e_bf.o crypto/evp/e_idea.o crypto/evp/e_des3.o crypto/evp/e_camellia.o crypto/evp/e_rc4.o crypto/evp/e_aes.o crypto/evp/names.o crypto/evp/e_seed.o crypto/evp/e_xcbc_d.o crypto/evp/e_rc2.o crypto/evp/e_cast.o crypto/evp/e_rc5.o crypto/evp/m_null.o crypto/evp/m_md2.o crypto/evp/m_md4.o crypto/evp/m_md5.o crypto/evp/m_sha.o crypto/evp/m_sha1.o crypto/evp/m_wp.o crypto/evp/m_dss.o crypto/evp/m_dss1.o crypto/evp/m_mdc2.o crypto/evp/m_ripemd.o crypto/evp/m_ecdsa.o crypto/evp/p_open.o crypto/evp/p_seal.o crypto/evp/p_sign.o crypto/evp/p_verify.o crypto/evp/p_lib.o crypto/evp/p_enc.o crypto/evp/p_dec.o crypto/evp/bio_md.o crypto/evp/bio_b64.o crypto/evp/bio_enc.o crypto/evp/evp_err.o crypto/evp/e_null.o crypto/evp/c_all.o crypto/evp/c_allc.o crypto/evp/c_alld.o crypto/evp/evp_lib.o crypto/evp/bio_ok.o crypto/evp/evp_pkey.o crypto/evp/evp_pbe.o crypto/evp/p5_crpt.o crypto/evp/p5_crpt2.o crypto/evp/e_old.o crypto/evp/pmeth_lib.o crypto/evp/pmeth_fn.o crypto/evp/pmeth_gn.o crypto/evp/m_sigver.o crypto/evp/e_aes_cbc_hmac_sha1.o crypto/evp/e_aes_cbc_hmac_sha256.o crypto/evp/e_rc4_hmac_md5.o crypto/asn1/a_object.o crypto/asn1/a_bitstr.o crypto/asn1/a_utctm.o crypto/asn1/a_gentm.o crypto/asn1/a_time.o crypto/asn1/a_int.o crypto/asn1/a_octet.o crypto/asn1/a_print.o crypto/asn1/a_type.o crypto/asn1/a_set.o crypto/asn1/a_dup.o crypto/asn1/a_d2i_fp.o crypto/asn1/a_i2d_fp.o crypto/asn1/a_enum.o crypto/asn1/a_utf8.o crypto/asn1/a_sign.o crypto/asn1/a_digest.o crypto/asn1/a_verify.o crypto/asn1/a_mbstr.o crypto/asn1/a_strex.o crypto/asn1/x_algor.o crypto/asn1/x_val.o crypto/asn1/x_pubkey.o crypto/asn1/x_sig.o crypto/asn1/x_req.o crypto/asn1/x_attrib.o crypto/asn1/x_bignum.o crypto/asn1/x_long.o crypto/asn1/x_name.o crypto/asn1/x_x509.o crypto/asn1/x_x509a.o crypto/asn1/x_crl.o crypto/asn1/x_info.o crypto/asn1/x_spki.o crypto/asn1/nsseq.o crypto/asn1/x_nx509.o crypto/asn1/d2i_pu.o crypto/asn1/d2i_pr.o crypto/asn1/i2d_pu.o crypto/asn1/i2d_pr.o crypto/asn1/t_req.o crypto/asn1/t_x509.o crypto/asn1/t_x509a.o crypto/asn1/t_crl.o crypto/asn1/t_pkey.o crypto/asn1/t_spki.o crypto/asn1/t_bitst.o crypto/asn1/tasn_new.o crypto/asn1/tasn_fre.o crypto/asn1/tasn_enc.o crypto/asn1/tasn_dec.o crypto/asn1/tasn_utl.o crypto/asn1/tasn_typ.o crypto/asn1/tasn_prn.o crypto/asn1/ameth_lib.o crypto/asn1/f_int.o crypto/asn1/f_string.o crypto/asn1/n_pkey.o crypto/asn1/f_enum.o crypto/asn1/x_pkey.o crypto/asn1/a_bool.o crypto/asn1/x_exten.o crypto/asn1/bio_asn1.o crypto/asn1/bio_ndef.o crypto/asn1/asn_mime.o crypto/asn1/asn1_gen.o crypto/asn1/asn1_par.o crypto/asn1/asn1_lib.o crypto/asn1/asn1_err.o crypto/asn1/a_bytes.o crypto/asn1/a_strnid.o crypto/asn1/evp_asn1.o crypto/asn1/asn_pack.o crypto/asn1/p5_pbe.o crypto/asn1/p5_pbev2.o crypto/asn1/p8_pkey.o crypto/asn1/asn_moid.o crypto/pem/pem_sign.o crypto/pem/pem_seal.o crypto/pem/pem_info.o crypto/pem/pem_lib.o crypto/pem/pem_all.o crypto/pem/pem_err.o crypto/pem/pem_x509.o crypto/pem/pem_xaux.o crypto/pem/pem_oth.o crypto/pem/pem_pk8.o crypto/pem/pem_pkey.o crypto/pem/pvkfmt.o crypto/x509/x509_def.o crypto/x509/x509_d2.o crypto/x509/x509_r2x.o crypto/x509/x509_cmp.o crypto/x509/x509_obj.o crypto/x509/x509_req.o crypto/x509/x509spki.o crypto/x509/x509_vfy.o crypto/x509/x509_set.o crypto/x509/x509cset.o crypto/x509/x509rset.o crypto/x509/x509_err.o crypto/x509/x509name.o crypto/x509/x509_v3.o crypto/x509/x509_ext.o crypto/x509/x509_att.o crypto/x509/x509type.o crypto/x509/x509_lu.o crypto/x509/x_all.o crypto/x509/x509_txt.o crypto/x509/x509_trs.o crypto/x509/x509_vpm.o crypto/x509v3/v3_bcons.o crypto/x509v3/v3_bitst.o crypto/x509v3/v3_conf.o crypto/x509v3/v3_extku.o crypto/x509v3/v3_ia5.o crypto/x509v3/v3_lib.o crypto/x509v3/v3_prn.o crypto/x509v3/v3_utl.o crypto/x509v3/v3err.o crypto/x509v3/v3_genn.o crypto/x509v3/v3_alt.o crypto/x509v3/v3_skey.o crypto/x509v3/v3_akey.o crypto/x509v3/v3_pku.o crypto/x509v3/v3_int.o crypto/x509v3/v3_enum.o crypto/x509v3/v3_sxnet.o crypto/x509v3/v3_cpols.o crypto/x509v3/v3_crld.o crypto/x509v3/v3_purp.o crypto/x509v3/v3_info.o crypto/x509v3/v3_ocsp.o crypto/x509v3/v3_akeya.o crypto/x509v3/v3_pmaps.o crypto/x509v3/v3_pcons.o crypto/x509v3/v3_ncons.o crypto/x509v3/v3_pcia.o crypto/x509v3/v3_pci.o crypto/x509v3/pcy_cache.o crypto/x509v3/pcy_node.o crypto/x509v3/pcy_data.o crypto/x509v3/pcy_map.o crypto/x509v3/pcy_tree.o crypto/x509v3/pcy_lib.o crypto/x509v3/v3_asid.o crypto/x509v3/v3_addr.o crypto/conf/conf_err.o crypto/conf/conf_lib.o crypto/conf/conf_api.o crypto/conf/conf_def.o crypto/conf/conf_mod.o crypto/conf/conf_mall.o crypto/conf/conf_sap.o crypto/txt_db/txt_db.o crypto/pkcs7/pk7_asn1.o crypto/pkcs7/pk7_lib.o crypto/pkcs7/pkcs7err.o crypto/pkcs7/pk7_doit.o crypto/pkcs7/pk7_smime.o crypto/pkcs7/pk7_attr.o crypto/pkcs7/pk7_mime.o crypto/pkcs7/bio_pk7.o crypto/pkcs12/p12_add.o crypto/pkcs12/p12_asn.o crypto/pkcs12/p12_attr.o crypto/pkcs12/p12_crpt.o crypto/pkcs12/p12_crt.o crypto/pkcs12/p12_decr.o crypto/pkcs12/p12_init.o crypto/pkcs12/p12_key.o crypto/pkcs12/p12_kiss.o crypto/pkcs12/p12_mutl.o crypto/pkcs12/p12_utl.o crypto/pkcs12/p12_npas.o crypto/pkcs12/pk12err.o crypto/pkcs12/p12_p8d.o crypto/pkcs12/p12_p8e.o crypto/comp/comp_lib.o crypto/comp/comp_err.o crypto/comp/c_rle.o crypto/comp/c_zlib.o crypto/ocsp/ocsp_asn.o crypto/ocsp/ocsp_ext.o crypto/ocsp/ocsp_ht.o crypto/ocsp/ocsp_lib.o crypto/ocsp/ocsp_cl.o crypto/ocsp/ocsp_srv.o crypto/ocsp/ocsp_prn.o crypto/ocsp/ocsp_vfy.o crypto/ocsp/ocsp_err.o crypto/cmac/cmac.o crypto/cmac/cm_ameth.o crypto/cmac/cm_pmeth.o 
#14 183.5 make[1]: Leaving directory '/shim-build/shim-16.1/build-aarch64/Cryptlib/OpenSSL'
#14 183.5 mkdir -p lib
#14 183.6 make VPATH=/shim-build/shim-16.1/lib TOPDIR=/shim-build/shim-16.1 -C lib -f /shim-build/shim-16.1/lib/Makefile 
#14 183.6 make[1]: Entering directory '/shim-build/shim-16.1/build-aarch64/lib'
#14 183.6 aarch64-linux-gnu-gcc -std=gnu11 -ggdb -gdwarf-4 -gstrict-dwarf -ffreestanding -fmacro-prefix-map=/shim-build/shim-16.1/= -fno-stack-protector -fno-strict-aliasing -fpic -fshort-wchar -Os -Wall -Wextra -Wno-missing-field-initializers -Werror -I/shim-build/shim-16.1/gnu-efi/inc -I/shim-build/shim-16.1/gnu-efi/inc/aarch64 -I/shim-build/shim-16.1/gnu-efi/inc/protocol -I/shim-build/shim-16.1/include -I/shim-build/shim-16.1/Cryptlib/Include/openssl/ -I/shim-build/shim-16.1/Cryptlib/Include/ -I/shim-build/shim-16.1/Cryptlib -I/shim-build/shim-16.1 -isystem /shim-build/shim-16.1/include/system -isystem /usr/lib/gcc-cross/aarch64-linux-gnu/11/include -DDEFAULT_LOADER='L"\\\\grubaa64.efi"' -DDEFAULT_LOADER_CHAR='"\\\\grubaa64.efi"' -DEFI_ARCH='L"aa64"' -DDEBUGDIR='L"/usr/lib/debug/usr/share/shim/aa64-16.1/"' -DVENDOR_CERT_FILE=\"../Cisco_Virtual_UEFI_SubCA_v3.cer\" -DMDE_CPU_AARCH64   -c -o configtable.o /shim-build/shim-16.1/lib/configtable.c
#14 184.0 aarch64-linux-gnu-gcc -std=gnu11 -ggdb -gdwarf-4 -gstrict-dwarf -ffreestanding -fmacro-prefix-map=/shim-build/shim-16.1/= -fno-stack-protector -fno-strict-aliasing -fpic -fshort-wchar -Os -Wall -Wextra -Wno-missing-field-initializers -Werror -I/shim-build/shim-16.1/gnu-efi/inc -I/shim-build/shim-16.1/gnu-efi/inc/aarch64 -I/shim-build/shim-16.1/gnu-efi/inc/protocol -I/shim-build/shim-16.1/include -I/shim-build/shim-16.1/Cryptlib/Include/openssl/ -I/shim-build/shim-16.1/Cryptlib/Include/ -I/shim-build/shim-16.1/Cryptlib -I/shim-build/shim-16.1 -isystem /shim-build/shim-16.1/include/system -isystem /usr/lib/gcc-cross/aarch64-linux-gnu/11/include -DDEFAULT_LOADER='L"\\\\grubaa64.efi"' -DDEFAULT_LOADER_CHAR='"\\\\grubaa64.efi"' -DEFI_ARCH='L"aa64"' -DDEBUGDIR='L"/usr/lib/debug/usr/share/shim/aa64-16.1/"' -DVENDOR_CERT_FILE=\"../Cisco_Virtual_UEFI_SubCA_v3.cer\" -DMDE_CPU_AARCH64   -c -o console.o /shim-build/shim-16.1/lib/console.c
#14 184.6 aarch64-linux-gnu-gcc -std=gnu11 -ggdb -gdwarf-4 -gstrict-dwarf -ffreestanding -fmacro-prefix-map=/shim-build/shim-16.1/= -fno-stack-protector -fno-strict-aliasing -fpic -fshort-wchar -Os -Wall -Wextra -Wno-missing-field-initializers -Werror -I/shim-build/shim-16.1/gnu-efi/inc -I/shim-build/shim-16.1/gnu-efi/inc/aarch64 -I/shim-build/shim-16.1/gnu-efi/inc/protocol -I/shim-build/shim-16.1/include -I/shim-build/shim-16.1/Cryptlib/Include/openssl/ -I/shim-build/shim-16.1/Cryptlib/Include/ -I/shim-build/shim-16.1/Cryptlib -I/shim-build/shim-16.1 -isystem /shim-build/shim-16.1/include/system -isystem /usr/lib/gcc-cross/aarch64-linux-gnu/11/include -DDEFAULT_LOADER='L"\\\\grubaa64.efi"' -DDEFAULT_LOADER_CHAR='"\\\\grubaa64.efi"' -DEFI_ARCH='L"aa64"' -DDEBUGDIR='L"/usr/lib/debug/usr/share/shim/aa64-16.1/"' -DVENDOR_CERT_FILE=\"../Cisco_Virtual_UEFI_SubCA_v3.cer\" -DMDE_CPU_AARCH64   -c -o execute.o /shim-build/shim-16.1/lib/execute.c
#14 185.1 aarch64-linux-gnu-gcc -std=gnu11 -ggdb -gdwarf-4 -gstrict-dwarf -ffreestanding -fmacro-prefix-map=/shim-build/shim-16.1/= -fno-stack-protector -fno-strict-aliasing -fpic -fshort-wchar -Os -Wall -Wextra -Wno-missing-field-initializers -Werror -I/shim-build/shim-16.1/gnu-efi/inc -I/shim-build/shim-16.1/gnu-efi/inc/aarch64 -I/shim-build/shim-16.1/gnu-efi/inc/protocol -I/shim-build/shim-16.1/include -I/shim-build/shim-16.1/Cryptlib/Include/openssl/ -I/shim-build/shim-16.1/Cryptlib/Include/ -I/shim-build/shim-16.1/Cryptlib -I/shim-build/shim-16.1 -isystem /shim-build/shim-16.1/include/system -isystem /usr/lib/gcc-cross/aarch64-linux-gnu/11/include -DDEFAULT_LOADER='L"\\\\grubaa64.efi"' -DDEFAULT_LOADER_CHAR='"\\\\grubaa64.efi"' -DEFI_ARCH='L"aa64"' -DDEBUGDIR='L"/usr/lib/debug/usr/share/shim/aa64-16.1/"' -DVENDOR_CERT_FILE=\"../Cisco_Virtual_UEFI_SubCA_v3.cer\" -DMDE_CPU_AARCH64   -c -o guid.o /shim-build/shim-16.1/lib/guid.c
#14 185.3 aarch64-linux-gnu-gcc -std=gnu11 -ggdb -gdwarf-4 -gstrict-dwarf -ffreestanding -fmacro-prefix-map=/shim-build/shim-16.1/= -fno-stack-protector -fno-strict-aliasing -fpic -fshort-wchar -Os -Wall -Wextra -Wno-missing-field-initializers -Werror -I/shim-build/shim-16.1/gnu-efi/inc -I/shim-build/shim-16.1/gnu-efi/inc/aarch64 -I/shim-build/shim-16.1/gnu-efi/inc/protocol -I/shim-build/shim-16.1/include -I/shim-build/shim-16.1/Cryptlib/Include/openssl/ -I/shim-build/shim-16.1/Cryptlib/Include/ -I/shim-build/shim-16.1/Cryptlib -I/shim-build/shim-16.1 -isystem /shim-build/shim-16.1/include/system -isystem /usr/lib/gcc-cross/aarch64-linux-gnu/11/include -DDEFAULT_LOADER='L"\\\\grubaa64.efi"' -DDEFAULT_LOADER_CHAR='"\\\\grubaa64.efi"' -DEFI_ARCH='L"aa64"' -DDEBUGDIR='L"/usr/lib/debug/usr/share/shim/aa64-16.1/"' -DVENDOR_CERT_FILE=\"../Cisco_Virtual_UEFI_SubCA_v3.cer\" -DMDE_CPU_AARCH64   -c -o print_crypto.o /shim-build/shim-16.1/lib/print_crypto.c
#14 185.6 aarch64-linux-gnu-gcc -std=gnu11 -ggdb -gdwarf-4 -gstrict-dwarf -ffreestanding -fmacro-prefix-map=/shim-build/shim-16.1/= -fno-stack-protector -fno-strict-aliasing -fpic -fshort-wchar -Os -Wall -Wextra -Wno-missing-field-initializers -Werror -I/shim-build/shim-16.1/gnu-efi/inc -I/shim-build/shim-16.1/gnu-efi/inc/aarch64 -I/shim-build/shim-16.1/gnu-efi/inc/protocol -I/shim-build/shim-16.1/include -I/shim-build/shim-16.1/Cryptlib/Include/openssl/ -I/shim-build/shim-16.1/Cryptlib/Include/ -I/shim-build/shim-16.1/Cryptlib -I/shim-build/shim-16.1 -isystem /shim-build/shim-16.1/include/system -isystem /usr/lib/gcc-cross/aarch64-linux-gnu/11/include -DDEFAULT_LOADER='L"\\\\grubaa64.efi"' -DDEFAULT_LOADER_CHAR='"\\\\grubaa64.efi"' -DEFI_ARCH='L"aa64"' -DDEBUGDIR='L"/usr/lib/debug/usr/share/shim/aa64-16.1/"' -DVENDOR_CERT_FILE=\"../Cisco_Virtual_UEFI_SubCA_v3.cer\" -DMDE_CPU_AARCH64   -c -o security_policy.o /shim-build/shim-16.1/lib/security_policy.c
#14 185.8 aarch64-linux-gnu-gcc -std=gnu11 -ggdb -gdwarf-4 -gstrict-dwarf -ffreestanding -fmacro-prefix-map=/shim-build/shim-16.1/= -fno-stack-protector -fno-strict-aliasing -fpic -fshort-wchar -Os -Wall -Wextra -Wno-missing-field-initializers -Werror -I/shim-build/shim-16.1/gnu-efi/inc -I/shim-build/shim-16.1/gnu-efi/inc/aarch64 -I/shim-build/shim-16.1/gnu-efi/inc/protocol -I/shim-build/shim-16.1/include -I/shim-build/shim-16.1/Cryptlib/Include/openssl/ -I/shim-build/shim-16.1/Cryptlib/Include/ -I/shim-build/shim-16.1/Cryptlib -I/shim-build/shim-16.1 -isystem /shim-build/shim-16.1/include/system -isystem /usr/lib/gcc-cross/aarch64-linux-gnu/11/include -DDEFAULT_LOADER='L"\\\\grubaa64.efi"' -DDEFAULT_LOADER_CHAR='"\\\\grubaa64.efi"' -DEFI_ARCH='L"aa64"' -DDEBUGDIR='L"/usr/lib/debug/usr/share/shim/aa64-16.1/"' -DVENDOR_CERT_FILE=\"../Cisco_Virtual_UEFI_SubCA_v3.cer\" -DMDE_CPU_AARCH64   -c -o shell.o /shim-build/shim-16.1/lib/shell.c
#14 186.2 aarch64-linux-gnu-gcc -std=gnu11 -ggdb -gdwarf-4 -gstrict-dwarf -ffreestanding -fmacro-prefix-map=/shim-build/shim-16.1/= -fno-stack-protector -fno-strict-aliasing -fpic -fshort-wchar -Os -Wall -Wextra -Wno-missing-field-initializers -Werror -I/shim-build/shim-16.1/gnu-efi/inc -I/shim-build/shim-16.1/gnu-efi/inc/aarch64 -I/shim-build/shim-16.1/gnu-efi/inc/protocol -I/shim-build/shim-16.1/include -I/shim-build/shim-16.1/Cryptlib/Include/openssl/ -I/shim-build/shim-16.1/Cryptlib/Include/ -I/shim-build/shim-16.1/Cryptlib -I/shim-build/shim-16.1 -isystem /shim-build/shim-16.1/include/system -isystem /usr/lib/gcc-cross/aarch64-linux-gnu/11/include -DDEFAULT_LOADER='L"\\\\grubaa64.efi"' -DDEFAULT_LOADER_CHAR='"\\\\grubaa64.efi"' -DEFI_ARCH='L"aa64"' -DDEBUGDIR='L"/usr/lib/debug/usr/share/shim/aa64-16.1/"' -DVENDOR_CERT_FILE=\"../Cisco_Virtual_UEFI_SubCA_v3.cer\" -DMDE_CPU_AARCH64   -c -o simple_file.o /shim-build/shim-16.1/lib/simple_file.c
#14 186.8 aarch64-linux-gnu-gcc -std=gnu11 -ggdb -gdwarf-4 -gstrict-dwarf -ffreestanding -fmacro-prefix-map=/shim-build/shim-16.1/= -fno-stack-protector -fno-strict-aliasing -fpic -fshort-wchar -Os -Wall -Wextra -Wno-missing-field-initializers -Werror -I/shim-build/shim-16.1/gnu-efi/inc -I/shim-build/shim-16.1/gnu-efi/inc/aarch64 -I/shim-build/shim-16.1/gnu-efi/inc/protocol -I/shim-build/shim-16.1/include -I/shim-build/shim-16.1/Cryptlib/Include/openssl/ -I/shim-build/shim-16.1/Cryptlib/Include/ -I/shim-build/shim-16.1/Cryptlib -I/shim-build/shim-16.1 -isystem /shim-build/shim-16.1/include/system -isystem /usr/lib/gcc-cross/aarch64-linux-gnu/11/include -DDEFAULT_LOADER='L"\\\\grubaa64.efi"' -DDEFAULT_LOADER_CHAR='"\\\\grubaa64.efi"' -DEFI_ARCH='L"aa64"' -DDEBUGDIR='L"/usr/lib/debug/usr/share/shim/aa64-16.1/"' -DVENDOR_CERT_FILE=\"../Cisco_Virtual_UEFI_SubCA_v3.cer\" -DMDE_CPU_AARCH64   -c -o string.o /shim-build/shim-16.1/lib/string.c
#14 187.2 aarch64-linux-gnu-gcc -std=gnu11 -ggdb -gdwarf-4 -gstrict-dwarf -ffreestanding -fmacro-prefix-map=/shim-build/shim-16.1/= -fno-stack-protector -fno-strict-aliasing -fpic -fshort-wchar -Os -Wall -Wextra -Wno-missing-field-initializers -Werror -I/shim-build/shim-16.1/gnu-efi/inc -I/shim-build/shim-16.1/gnu-efi/inc/aarch64 -I/shim-build/shim-16.1/gnu-efi/inc/protocol -I/shim-build/shim-16.1/include -I/shim-build/shim-16.1/Cryptlib/Include/openssl/ -I/shim-build/shim-16.1/Cryptlib/Include/ -I/shim-build/shim-16.1/Cryptlib -I/shim-build/shim-16.1 -isystem /shim-build/shim-16.1/include/system -isystem /usr/lib/gcc-cross/aarch64-linux-gnu/11/include -DDEFAULT_LOADER='L"\\\\grubaa64.efi"' -DDEFAULT_LOADER_CHAR='"\\\\grubaa64.efi"' -DEFI_ARCH='L"aa64"' -DDEBUGDIR='L"/usr/lib/debug/usr/share/shim/aa64-16.1/"' -DVENDOR_CERT_FILE=\"../Cisco_Virtual_UEFI_SubCA_v3.cer\" -DMDE_CPU_AARCH64   -c -o variables.o /shim-build/shim-16.1/lib/variables.c
#14 187.7 ar rcs lib.a configtable.o console.o execute.o guid.o print_crypto.o security_policy.o shell.o simple_file.o string.o variables.o
#14 187.8 make[1]: Leaving directory '/shim-build/shim-16.1/build-aarch64/lib'
#14 187.8 mkdir -p gnu-efi/lib gnu-efi/gnuefi
#14 187.8 make -C gnu-efi \
#14 187.8 	COMPILER="gcc" \
#14 187.8 	CCC_CC="gcc" \
#14 187.8 	CC="aarch64-linux-gnu-gcc" \
#14 187.8 	ARCH=aarch64 \
#14 187.8 	TOPDIR=/shim-build/shim-16.1/gnu-efi \
#14 187.8 	-f /shim-build/shim-16.1/gnu-efi/Makefile \
#14 187.8 	lib gnuefi inc 
#14 187.8 make[1]: Entering directory '/shim-build/shim-16.1/build-aarch64/gnu-efi'
#14 187.8 mkdir -p /shim-build/shim-16.1/build-aarch64/gnu-efi/aarch64/lib
#14 187.9 make -C /shim-build/shim-16.1/build-aarch64/gnu-efi/aarch64/lib -f /shim-build/shim-16.1/gnu-efi//lib/Makefile SRCDIR=/shim-build/shim-16.1/gnu-efi//lib ARCH=aarch64
#14 187.9 make[2]: Entering directory '/shim-build/shim-16.1/build-aarch64/gnu-efi/aarch64/lib'
#14 188.1 aarch64-linux-gnu-gcc -I/shim-build/shim-16.1/gnu-efi//lib -I/shim-build/shim-16.1/gnu-efi/inc -I/shim-build/shim-16.1/gnu-efi/inc/aarch64 -I/shim-build/shim-16.1/gnu-efi/inc/protocol -Wno-error=pragmas -fpic  -Os -Wall -Wextra -Wno-missing-field-initializers -Werror -fshort-wchar -fno-strict-aliasing -ffreestanding -fno-stack-protector -fno-stack-check -nostdinc   -isystem /shim-build/shim-16.1/gnu-efi/../include/system -isystem /usr/lib/gcc-cross/aarch64-linux-gnu/11/include -fno-merge-all-constants -DCONFIG_aarch64 -c /shim-build/shim-16.1/gnu-efi//lib/boxdraw.c -o boxdraw.o
#14 188.5 aarch64-linux-gnu-gcc -I/shim-build/shim-16.1/gnu-efi//lib -I/shim-build/shim-16.1/gnu-efi/inc -I/shim-build/shim-16.1/gnu-efi/inc/aarch64 -I/shim-build/shim-16.1/gnu-efi/inc/protocol -Wno-error=pragmas -fpic  -Os -Wall -Wextra -Wno-missing-field-initializers -Werror -fshort-wchar -fno-strict-aliasing -ffreestanding -fno-stack-protector -fno-stack-check -nostdinc   -isystem /shim-build/shim-16.1/gnu-efi/../include/system -isystem /usr/lib/gcc-cross/aarch64-linux-gnu/11/include -fno-merge-all-constants -DCONFIG_aarch64 -c /shim-build/shim-16.1/gnu-efi//lib/smbios.c -o smbios.o
#14 188.9 aarch64-linux-gnu-gcc -I/shim-build/shim-16.1/gnu-efi//lib -I/shim-build/shim-16.1/gnu-efi/inc -I/shim-build/shim-16.1/gnu-efi/inc/aarch64 -I/shim-build/shim-16.1/gnu-efi/inc/protocol -Wno-error=pragmas -fpic  -Os -Wall -Wextra -Wno-missing-field-initializers -Werror -fshort-wchar -fno-strict-aliasing -ffreestanding -fno-stack-protector -fno-stack-check -nostdinc   -isystem /shim-build/shim-16.1/gnu-efi/../include/system -isystem /usr/lib/gcc-cross/aarch64-linux-gnu/11/include -fno-merge-all-constants -DCONFIG_aarch64 -c /shim-build/shim-16.1/gnu-efi//lib/console.c -o console.o
#14 189.3 aarch64-linux-gnu-gcc -I/shim-build/shim-16.1/gnu-efi//lib -I/shim-build/shim-16.1/gnu-efi/inc -I/shim-build/shim-16.1/gnu-efi/inc/aarch64 -I/shim-build/shim-16.1/gnu-efi/inc/protocol -Wno-error=pragmas -fpic  -Os -Wall -Wextra -Wno-missing-field-initializers -Werror -fshort-wchar -fno-strict-aliasing -ffreestanding -fno-stack-protector -fno-stack-check -nostdinc   -isystem /shim-build/shim-16.1/gnu-efi/../include/system -isystem /usr/lib/gcc-cross/aarch64-linux-gnu/11/include -fno-merge-all-constants -DCONFIG_aarch64 -c /shim-build/shim-16.1/gnu-efi//lib/crc.c -o crc.o
#14 189.7 aarch64-linux-gnu-gcc -I/shim-build/shim-16.1/gnu-efi//lib -I/shim-build/shim-16.1/gnu-efi/inc -I/shim-build/shim-16.1/gnu-efi/inc/aarch64 -I/shim-build/shim-16.1/gnu-efi/inc/protocol -Wno-error=pragmas -fpic  -Os -Wall -Wextra -Wno-missing-field-initializers -Werror -fshort-wchar -fno-strict-aliasing -ffreestanding -fno-stack-protector -fno-stack-check -nostdinc   -isystem /shim-build/shim-16.1/gnu-efi/../include/system -isystem /usr/lib/gcc-cross/aarch64-linux-gnu/11/include -fno-merge-all-constants -DCONFIG_aarch64 -c /shim-build/shim-16.1/gnu-efi//lib/data.c -o data.o
#14 189.9 aarch64-linux-gnu-gcc -I/shim-build/shim-16.1/gnu-efi//lib -I/shim-build/shim-16.1/gnu-efi/inc -I/shim-build/shim-16.1/gnu-efi/inc/aarch64 -I/shim-build/shim-16.1/gnu-efi/inc/protocol -Wno-error=pragmas -fpic  -Os -Wall -Wextra -Wno-missing-field-initializers -Werror -fshort-wchar -fno-strict-aliasing -ffreestanding -fno-stack-protector -fno-stack-check -nostdinc   -isystem /shim-build/shim-16.1/gnu-efi/../include/system -isystem /usr/lib/gcc-cross/aarch64-linux-gnu/11/include -fno-merge-all-constants -DCONFIG_aarch64 -c /shim-build/shim-16.1/gnu-efi//lib/debug.c -o debug.o
#14 190.2 aarch64-linux-gnu-gcc -I/shim-build/shim-16.1/gnu-efi//lib -I/shim-build/shim-16.1/gnu-efi/inc -I/shim-build/shim-16.1/gnu-efi/inc/aarch64 -I/shim-build/shim-16.1/gnu-efi/inc/protocol -Wno-error=pragmas -fpic  -Os -Wall -Wextra -Wno-missing-field-initializers -Werror -fshort-wchar -fno-strict-aliasing -ffreestanding -fno-stack-protector -fno-stack-check -nostdinc   -isystem /shim-build/shim-16.1/gnu-efi/../include/system -isystem /usr/lib/gcc-cross/aarch64-linux-gnu/11/include -fno-merge-all-constants -DCONFIG_aarch64 -c /shim-build/shim-16.1/gnu-efi//lib/dpath.c -o dpath.o
#14 190.8 aarch64-linux-gnu-gcc -I/shim-build/shim-16.1/gnu-efi//lib -I/shim-build/shim-16.1/gnu-efi/inc -I/shim-build/shim-16.1/gnu-efi/inc/aarch64 -I/shim-build/shim-16.1/gnu-efi/inc/protocol -Wno-error=pragmas -fpic  -Os -Wall -Wextra -Wno-missing-field-initializers -Werror -fshort-wchar -fno-strict-aliasing -ffreestanding -fno-stack-protector -fno-stack-check -nostdinc   -isystem /shim-build/shim-16.1/gnu-efi/../include/system -isystem /usr/lib/gcc-cross/aarch64-linux-gnu/11/include -fno-merge-all-constants -DCONFIG_aarch64 -c /shim-build/shim-16.1/gnu-efi//lib/error.c -o error.o
#14 191.2 aarch64-linux-gnu-gcc -I/shim-build/shim-16.1/gnu-efi//lib -I/shim-build/shim-16.1/gnu-efi/inc -I/shim-build/shim-16.1/gnu-efi/inc/aarch64 -I/shim-build/shim-16.1/gnu-efi/inc/protocol -Wno-error=pragmas -fpic  -Os -Wall -Wextra -Wno-missing-field-initializers -Werror -fshort-wchar -fno-strict-aliasing -ffreestanding -fno-stack-protector -fno-stack-check -nostdinc   -isystem /shim-build/shim-16.1/gnu-efi/../include/system -isystem /usr/lib/gcc-cross/aarch64-linux-gnu/11/include -fno-merge-all-constants -DCONFIG_aarch64 -c /shim-build/shim-16.1/gnu-efi//lib/event.c -o event.o
#14 191.5 aarch64-linux-gnu-gcc -I/shim-build/shim-16.1/gnu-efi//lib -I/shim-build/shim-16.1/gnu-efi/inc -I/shim-build/shim-16.1/gnu-efi/inc/aarch64 -I/shim-build/shim-16.1/gnu-efi/inc/protocol -Wno-error=pragmas -fpic  -Os -Wall -Wextra -Wno-missing-field-initializers -Werror -fshort-wchar -fno-strict-aliasing -ffreestanding -fno-stack-protector -fno-stack-check -nostdinc   -isystem /shim-build/shim-16.1/gnu-efi/../include/system -isystem /usr/lib/gcc-cross/aarch64-linux-gnu/11/include -fno-merge-all-constants -DCONFIG_aarch64 -c /shim-build/shim-16.1/gnu-efi//lib/exit.c -o exit.o
#14 191.9 aarch64-linux-gnu-gcc -I/shim-build/shim-16.1/gnu-efi//lib -I/shim-build/shim-16.1/gnu-efi/inc -I/shim-build/shim-16.1/gnu-efi/inc/aarch64 -I/shim-build/shim-16.1/gnu-efi/inc/protocol -Wno-error=pragmas -fpic  -Os -Wall -Wextra -Wno-missing-field-initializers -Werror -fshort-wchar -fno-strict-aliasing -ffreestanding -fno-stack-protector -fno-stack-check -nostdinc   -isystem /shim-build/shim-16.1/gnu-efi/../include/system -isystem /usr/lib/gcc-cross/aarch64-linux-gnu/11/include -fno-merge-all-constants -DCONFIG_aarch64 -c /shim-build/shim-16.1/gnu-efi//lib/guid.c -o guid.o
#14 192.3 aarch64-linux-gnu-gcc -I/shim-build/shim-16.1/gnu-efi//lib -I/shim-build/shim-16.1/gnu-efi/inc -I/shim-build/shim-16.1/gnu-efi/inc/aarch64 -I/shim-build/shim-16.1/gnu-efi/inc/protocol -Wno-error=pragmas -fpic  -Os -Wall -Wextra -Wno-missing-field-initializers -Werror -fshort-wchar -fno-strict-aliasing -ffreestanding -fno-stack-protector -fno-stack-check -nostdinc   -isystem /shim-build/shim-16.1/gnu-efi/../include/system -isystem /usr/lib/gcc-cross/aarch64-linux-gnu/11/include -fno-merge-all-constants -DCONFIG_aarch64 -c /shim-build/shim-16.1/gnu-efi//lib/hand.c -o hand.o
#14 192.8 aarch64-linux-gnu-gcc -I/shim-build/shim-16.1/gnu-efi//lib -I/shim-build/shim-16.1/gnu-efi/inc -I/shim-build/shim-16.1/gnu-efi/inc/aarch64 -I/shim-build/shim-16.1/gnu-efi/inc/protocol -Wno-error=pragmas -fpic  -Os -Wall -Wextra -Wno-missing-field-initializers -Werror -fshort-wchar -fno-strict-aliasing -ffreestanding -fno-stack-protector -fno-stack-check -nostdinc   -isystem /shim-build/shim-16.1/gnu-efi/../include/system -isystem /usr/lib/gcc-cross/aarch64-linux-gnu/11/include -fno-merge-all-constants -DCONFIG_aarch64 -c /shim-build/shim-16.1/gnu-efi//lib/hw.c -o hw.o
#14 193.1 aarch64-linux-gnu-gcc -I/shim-build/shim-16.1/gnu-efi//lib -I/shim-build/shim-16.1/gnu-efi/inc -I/shim-build/shim-16.1/gnu-efi/inc/aarch64 -I/shim-build/shim-16.1/gnu-efi/inc/protocol -Wno-error=pragmas -fpic  -Os -Wall -Wextra -Wno-missing-field-initializers -Werror -fshort-wchar -fno-strict-aliasing -ffreestanding -fno-stack-protector -fno-stack-check -nostdinc   -isystem /shim-build/shim-16.1/gnu-efi/../include/system -isystem /usr/lib/gcc-cross/aarch64-linux-gnu/11/include -fno-merge-all-constants -DCONFIG_aarch64 -c /shim-build/shim-16.1/gnu-efi//lib/init.c -o init.o
#14 193.5 aarch64-linux-gnu-gcc -I/shim-build/shim-16.1/gnu-efi//lib -I/shim-build/shim-16.1/gnu-efi/inc -I/shim-build/shim-16.1/gnu-efi/inc/aarch64 -I/shim-build/shim-16.1/gnu-efi/inc/protocol -Wno-error=pragmas -fpic  -Os -Wall -Wextra -Wno-missing-field-initializers -Werror -fshort-wchar -fno-strict-aliasing -ffreestanding -fno-stack-protector -fno-stack-check -nostdinc   -isystem /shim-build/shim-16.1/gnu-efi/../include/system -isystem /usr/lib/gcc-cross/aarch64-linux-gnu/11/include -fno-merge-all-constants -DCONFIG_aarch64 -c /shim-build/shim-16.1/gnu-efi//lib/lock.c -o lock.o
#14 193.9 aarch64-linux-gnu-gcc -I/shim-build/shim-16.1/gnu-efi//lib -I/shim-build/shim-16.1/gnu-efi/inc -I/shim-build/shim-16.1/gnu-efi/inc/aarch64 -I/shim-build/shim-16.1/gnu-efi/inc/protocol -Wno-error=pragmas -fpic  -Os -Wall -Wextra -Wno-missing-field-initializers -Werror -fshort-wchar -fno-strict-aliasing -ffreestanding -fno-stack-protector -fno-stack-check -nostdinc   -isystem /shim-build/shim-16.1/gnu-efi/../include/system -isystem /usr/lib/gcc-cross/aarch64-linux-gnu/11/include -fno-merge-all-constants -DCONFIG_aarch64 -c /shim-build/shim-16.1/gnu-efi//lib/misc.c -o misc.o
#14 194.4 aarch64-linux-gnu-gcc -I/shim-build/shim-16.1/gnu-efi//lib -I/shim-build/shim-16.1/gnu-efi/inc -I/shim-build/shim-16.1/gnu-efi/inc/aarch64 -I/shim-build/shim-16.1/gnu-efi/inc/protocol -Wno-error=pragmas -fpic  -Os -Wall -Wextra -Wno-missing-field-initializers -Werror -fshort-wchar -fno-strict-aliasing -ffreestanding -fno-stack-protector -fno-stack-check -nostdinc   -isystem /shim-build/shim-16.1/gnu-efi/../include/system -isystem /usr/lib/gcc-cross/aarch64-linux-gnu/11/include -fno-merge-all-constants -DCONFIG_aarch64 -c /shim-build/shim-16.1/gnu-efi//lib/pause.c -o pause.o
#14 194.7 aarch64-linux-gnu-gcc -I/shim-build/shim-16.1/gnu-efi//lib -I/shim-build/shim-16.1/gnu-efi/inc -I/shim-build/shim-16.1/gnu-efi/inc/aarch64 -I/shim-build/shim-16.1/gnu-efi/inc/protocol -Wno-error=pragmas -fpic  -Os -Wall -Wextra -Wno-missing-field-initializers -Werror -fshort-wchar -fno-strict-aliasing -ffreestanding -fno-stack-protector -fno-stack-check -nostdinc   -isystem /shim-build/shim-16.1/gnu-efi/../include/system -isystem /usr/lib/gcc-cross/aarch64-linux-gnu/11/include -fno-merge-all-constants -DCONFIG_aarch64 -c /shim-build/shim-16.1/gnu-efi//lib/print.c -o print.o
#14 195.3 aarch64-linux-gnu-gcc -I/shim-build/shim-16.1/gnu-efi//lib -I/shim-build/shim-16.1/gnu-efi/inc -I/shim-build/shim-16.1/gnu-efi/inc/aarch64 -I/shim-build/shim-16.1/gnu-efi/inc/protocol -Wno-error=pragmas -fpic  -Os -Wall -Wextra -Wno-missing-field-initializers -Werror -fshort-wchar -fno-strict-aliasing -ffreestanding -fno-stack-protector -fno-stack-check -nostdinc   -isystem /shim-build/shim-16.1/gnu-efi/../include/system -isystem /usr/lib/gcc-cross/aarch64-linux-gnu/11/include -fno-merge-all-constants -DCONFIG_aarch64 -c /shim-build/shim-16.1/gnu-efi//lib/sread.c -o sread.o
#14 195.7 aarch64-linux-gnu-gcc -I/shim-build/shim-16.1/gnu-efi//lib -I/shim-build/shim-16.1/gnu-efi/inc -I/shim-build/shim-16.1/gnu-efi/inc/aarch64 -I/shim-build/shim-16.1/gnu-efi/inc/protocol -Wno-error=pragmas -fpic  -Os -Wall -Wextra -Wno-missing-field-initializers -Werror -fshort-wchar -fno-strict-aliasing -ffreestanding -fno-stack-protector -fno-stack-check -nostdinc   -isystem /shim-build/shim-16.1/gnu-efi/../include/system -isystem /usr/lib/gcc-cross/aarch64-linux-gnu/11/include -fno-merge-all-constants -DCONFIG_aarch64 -c /shim-build/shim-16.1/gnu-efi//lib/str.c -o str.o
#14 196.2 aarch64-linux-gnu-gcc -I/shim-build/shim-16.1/gnu-efi//lib -I/shim-build/shim-16.1/gnu-efi/inc -I/shim-build/shim-16.1/gnu-efi/inc/aarch64 -I/shim-build/shim-16.1/gnu-efi/inc/protocol -Wno-error=pragmas -fpic  -Os -Wall -Wextra -Wno-missing-field-initializers -Werror -fshort-wchar -fno-strict-aliasing -ffreestanding -fno-stack-protector -fno-stack-check -nostdinc   -isystem /shim-build/shim-16.1/gnu-efi/../include/system -isystem /usr/lib/gcc-cross/aarch64-linux-gnu/11/include -fno-merge-all-constants -DCONFIG_aarch64 -c /shim-build/shim-16.1/gnu-efi//lib/cmdline.c -o cmdline.o
#14 196.6 aarch64-linux-gnu-gcc -I/shim-build/shim-16.1/gnu-efi//lib -I/shim-build/shim-16.1/gnu-efi/inc -I/shim-build/shim-16.1/gnu-efi/inc/aarch64 -I/shim-build/shim-16.1/gnu-efi/inc/protocol -Wno-error=pragmas -fpic  -Os -Wall -Wextra -Wno-missing-field-initializers -Werror -fshort-wchar -fno-strict-aliasing -ffreestanding -fno-stack-protector -fno-stack-check -nostdinc   -isystem /shim-build/shim-16.1/gnu-efi/../include/system -isystem /usr/lib/gcc-cross/aarch64-linux-gnu/11/include -fno-merge-all-constants -DCONFIG_aarch64 -c /shim-build/shim-16.1/gnu-efi//lib/runtime/rtlock.c -o runtime/rtlock.o
#14 197.0 aarch64-linux-gnu-gcc -I/shim-build/shim-16.1/gnu-efi//lib -I/shim-build/shim-16.1/gnu-efi/inc -I/shim-build/shim-16.1/gnu-efi/inc/aarch64 -I/shim-build/shim-16.1/gnu-efi/inc/protocol -Wno-error=pragmas -fpic  -Os -Wall -Wextra -Wno-missing-field-initializers -Werror -fshort-wchar -fno-strict-aliasing -ffreestanding -fno-stack-protector -fno-stack-check -nostdinc   -isystem /shim-build/shim-16.1/gnu-efi/../include/system -isystem /usr/lib/gcc-cross/aarch64-linux-gnu/11/include -fno-merge-all-constants -DCONFIG_aarch64 -c /shim-build/shim-16.1/gnu-efi//lib/runtime/efirtlib.c -o runtime/efirtlib.o
#14 197.4 aarch64-linux-gnu-gcc -I/shim-build/shim-16.1/gnu-efi//lib -I/shim-build/shim-16.1/gnu-efi/inc -I/shim-build/shim-16.1/gnu-efi/inc/aarch64 -I/shim-build/shim-16.1/gnu-efi/inc/protocol -Wno-error=pragmas -fpic  -Os -Wall -Wextra -Wno-missing-field-initializers -Werror -fshort-wchar -fno-strict-aliasing -ffreestanding -fno-stack-protector -fno-stack-check -nostdinc   -isystem /shim-build/shim-16.1/gnu-efi/../include/system -isystem /usr/lib/gcc-cross/aarch64-linux-gnu/11/include -fno-merge-all-constants -DCONFIG_aarch64 -c /shim-build/shim-16.1/gnu-efi//lib/runtime/rtstr.c -o runtime/rtstr.o
#14 197.8 aarch64-linux-gnu-gcc -I/shim-build/shim-16.1/gnu-efi//lib -I/shim-build/shim-16.1/gnu-efi/inc -I/shim-build/shim-16.1/gnu-efi/inc/aarch64 -I/shim-build/shim-16.1/gnu-efi/inc/protocol -Wno-error=pragmas -fpic  -Os -Wall -Wextra -Wno-missing-field-initializers -Werror -fshort-wchar -fno-strict-aliasing -ffreestanding -fno-stack-protector -fno-stack-check -nostdinc   -isystem /shim-build/shim-16.1/gnu-efi/../include/system -isystem /usr/lib/gcc-cross/aarch64-linux-gnu/11/include -fno-merge-all-constants -DCONFIG_aarch64 -c /shim-build/shim-16.1/gnu-efi//lib/runtime/vm.c -o runtime/vm.o
#14 198.2 aarch64-linux-gnu-gcc -I/shim-build/shim-16.1/gnu-efi//lib -I/shim-build/shim-16.1/gnu-efi/inc -I/shim-build/shim-16.1/gnu-efi/inc/aarch64 -I/shim-build/shim-16.1/gnu-efi/inc/protocol -Wno-error=pragmas -fpic  -Os -Wall -Wextra -Wno-missing-field-initializers -Werror -fshort-wchar -fno-strict-aliasing -ffreestanding -fno-stack-protector -fno-stack-check -nostdinc   -isystem /shim-build/shim-16.1/gnu-efi/../include/system -isystem /usr/lib/gcc-cross/aarch64-linux-gnu/11/include -fno-merge-all-constants -DCONFIG_aarch64 -c /shim-build/shim-16.1/gnu-efi//lib/runtime/rtdata.c -o runtime/rtdata.o
#14 198.3 aarch64-linux-gnu-gcc -I/shim-build/shim-16.1/gnu-efi//lib -I/shim-build/shim-16.1/gnu-efi/inc -I/shim-build/shim-16.1/gnu-efi/inc/aarch64 -I/shim-build/shim-16.1/gnu-efi/inc/protocol -Wno-error=pragmas -fpic  -Os -Wall -Wextra -Wno-missing-field-initializers -Werror -fshort-wchar -fno-strict-aliasing -ffreestanding -fno-stack-protector -fno-stack-check -nostdinc   -isystem /shim-build/shim-16.1/gnu-efi/../include/system -isystem /usr/lib/gcc-cross/aarch64-linux-gnu/11/include -fno-merge-all-constants -DCONFIG_aarch64 -c /shim-build/shim-16.1/gnu-efi//lib/aarch64/initplat.c -o aarch64/initplat.o
#14 198.6 aarch64-linux-gnu-gcc -I/shim-build/shim-16.1/gnu-efi//lib -I/shim-build/shim-16.1/gnu-efi/inc -I/shim-build/shim-16.1/gnu-efi/inc/aarch64 -I/shim-build/shim-16.1/gnu-efi/inc/protocol -Wno-error=pragmas -fpic  -Os -Wall -Wextra -Wno-missing-field-initializers -Werror -fshort-wchar -fno-strict-aliasing -ffreestanding -fno-stack-protector -fno-stack-check -nostdinc   -isystem /shim-build/shim-16.1/gnu-efi/../include/system -isystem /usr/lib/gcc-cross/aarch64-linux-gnu/11/include -fno-merge-all-constants -DCONFIG_aarch64 -c /shim-build/shim-16.1/gnu-efi//lib/aarch64/math.c -o aarch64/math.o
#14 198.9 aarch64-linux-gnu-gcc -I/shim-build/shim-16.1/gnu-efi//lib -I/shim-build/shim-16.1/gnu-efi/inc -I/shim-build/shim-16.1/gnu-efi/inc/aarch64 -I/shim-build/shim-16.1/gnu-efi/inc/protocol -Wno-error=pragmas -fpic  -Os -Wall -Wextra -Wno-missing-field-initializers -Werror -fshort-wchar -fno-strict-aliasing -ffreestanding -fno-stack-protector -fno-stack-check -nostdinc   -isystem /shim-build/shim-16.1/gnu-efi/../include/system -isystem /usr/lib/gcc-cross/aarch64-linux-gnu/11/include -fno-merge-all-constants -DCONFIG_aarch64 -c /shim-build/shim-16.1/gnu-efi//lib/aarch64/setjmp.S -o aarch64/setjmp.o
#14 199.0 /shim-build/shim-16.1/gnu-efi//lib/aarch64/setjmp.S: Assembler messages:
#14 199.0 /shim-build/shim-16.1/gnu-efi//lib/aarch64/setjmp.S:61: Warning: setting incorrect section attributes for .note.GNU-stack
#14 199.0 aarch64-linux-gnu-gcc-ar rv -U libefi.a boxdraw.o smbios.o console.o crc.o data.o debug.o dpath.o error.o event.o exit.o guid.o hand.o hw.o init.o lock.o misc.o pause.o print.o sread.o str.o cmdline.o runtime/rtlock.o runtime/efirtlib.o runtime/rtstr.o runtime/vm.o runtime/rtdata.o aarch64/initplat.o aarch64/math.o aarch64/setjmp.o
#14 199.1 /usr/lib/gcc-cross/aarch64-linux-gnu/11/../../../../aarch64-linux-gnu/bin/ar: creating libefi.a
#14 199.1 a - boxdraw.o
#14 199.1 a - smbios.o
#14 199.1 a - console.o
#14 199.1 a - crc.o
#14 199.1 a - data.o
#14 199.1 a - debug.o
#14 199.1 a - dpath.o
#14 199.1 a - error.o
#14 199.1 a - event.o
#14 199.1 a - exit.o
#14 199.1 a - guid.o
#14 199.1 a - hand.o
#14 199.1 a - hw.o
#14 199.1 a - init.o
#14 199.1 a - lock.o
#14 199.1 a - misc.o
#14 199.1 a - pause.o
#14 199.1 a - print.o
#14 199.1 a - sread.o
#14 199.1 a - str.o
#14 199.1 a - cmdline.o
#14 199.1 a - runtime/rtlock.o
#14 199.1 a - runtime/efirtlib.o
#14 199.1 a - runtime/rtstr.o
#14 199.1 a - runtime/vm.o
#14 199.1 a - runtime/rtdata.o
#14 199.1 a - aarch64/initplat.o
#14 199.1 a - aarch64/math.o
#14 199.1 a - aarch64/setjmp.o
#14 199.1 make[2]: Leaving directory '/shim-build/shim-16.1/build-aarch64/gnu-efi/aarch64/lib'
#14 199.1 mkdir -p /shim-build/shim-16.1/build-aarch64/gnu-efi/aarch64/gnuefi
#14 199.1 make -C /shim-build/shim-16.1/build-aarch64/gnu-efi/aarch64/gnuefi -f /shim-build/shim-16.1/gnu-efi//gnuefi/Makefile SRCDIR=/shim-build/shim-16.1/gnu-efi//gnuefi ARCH=aarch64
#14 199.2 make[2]: Entering directory '/shim-build/shim-16.1/build-aarch64/gnu-efi/aarch64/gnuefi'
#14 199.2 aarch64-linux-gnu-gcc -I/shim-build/shim-16.1/gnu-efi//gnuefi -I/shim-build/shim-16.1/gnu-efi/inc -I/shim-build/shim-16.1/gnu-efi/inc/aarch64 -I/shim-build/shim-16.1/gnu-efi/inc/protocol -Wno-error=pragmas -fpic  -Os -Wall -Wextra -Wno-missing-field-initializers -Werror -fshort-wchar -fno-strict-aliasing -ffreestanding -fno-stack-protector -fno-stack-check -nostdinc   -isystem /shim-build/shim-16.1/gnu-efi/../include/system -isystem /usr/lib/gcc-cross/aarch64-linux-gnu/11/include -fno-merge-all-constants -DCONFIG_aarch64 -c /shim-build/shim-16.1/gnu-efi//gnuefi/crt0-efi-aarch64.S -o crt0-efi-aarch64.o
#14 199.3 /shim-build/shim-16.1/gnu-efi//gnuefi/crt0-efi-aarch64.S: Assembler messages:
#14 199.3 /shim-build/shim-16.1/gnu-efi//gnuefi/crt0-efi-aarch64.S:54: Warning: setting incorrect section attributes for .note.GNU-stack
#14 199.3 aarch64-linux-gnu-gcc -I/shim-build/shim-16.1/gnu-efi//gnuefi -I/shim-build/shim-16.1/gnu-efi/inc -I/shim-build/shim-16.1/gnu-efi/inc/aarch64 -I/shim-build/shim-16.1/gnu-efi/inc/protocol -Wno-error=pragmas -fpic  -Os -Wall -Wextra -Wno-missing-field-initializers -Werror -fshort-wchar -fno-strict-aliasing -ffreestanding -fno-stack-protector -fno-stack-check -nostdinc   -isystem /shim-build/shim-16.1/gnu-efi/../include/system -isystem /usr/lib/gcc-cross/aarch64-linux-gnu/11/include -fno-merge-all-constants -fno-jump-tables -DCONFIG_aarch64 -c /shim-build/shim-16.1/gnu-efi//gnuefi/reloc_aarch64.c -o reloc_aarch64.o
#14 199.7 aarch64-linux-gnu-gcc-ar rv -U libgnuefi.a reloc_aarch64.o
#14 199.8 /usr/lib/gcc-cross/aarch64-linux-gnu/11/../../../../aarch64-linux-gnu/bin/ar: creating libgnuefi.a
#14 199.8 a - reloc_aarch64.o
#14 199.8 make[2]: Leaving directory '/shim-build/shim-16.1/build-aarch64/gnu-efi/aarch64/gnuefi'
#14 199.8 mkdir -p /shim-build/shim-16.1/build-aarch64/gnu-efi/aarch64/inc
#14 199.8 make -C /shim-build/shim-16.1/build-aarch64/gnu-efi/aarch64/inc -f /shim-build/shim-16.1/gnu-efi//inc/Makefile SRCDIR=/shim-build/shim-16.1/gnu-efi//inc ARCH=aarch64
#14 199.8 make[2]: Entering directory '/shim-build/shim-16.1/build-aarch64/gnu-efi/aarch64/inc'
#14 199.9 make[2]: Nothing to be done for 'all'.
#14 199.9 make[2]: Leaving directory '/shim-build/shim-16.1/build-aarch64/gnu-efi/aarch64/inc'
#14 199.9 make[1]: Leaving directory '/shim-build/shim-16.1/build-aarch64/gnu-efi'
#14 199.9 aarch64-linux-gnu-ld -o shimaa64.so --hash-style=sysv -nostdlib -znocombreloc -T /shim-build/shim-16.1/elf_aarch64_efi.lds -shared -Bsymbolic -Lgnu-efi/aarch64/gnuefi -Lgnu-efi/aarch64/lib -LCryptlib -LCryptlib/OpenSSL gnu-efi/aarch64/gnuefi/crt0-efi-aarch64.o --build-id=sha1  --no-undefined shim.o globals.o memattrs.o mok.o netboot.o cert.o dp.o loader-proto.o tpm.o version.o errlog.o sbat.o sbat_data.o sbat_var.o pe.o pe-relocate.o httpboot.o csv.o load-options.o utils.o verify.o Cryptlib/libcryptlib.a Cryptlib/OpenSSL/libopenssl.a lib/lib.a gnu-efi/aarch64/lib/libefi.a gnu-efi/aarch64/gnuefi/libgnuefi.a -lefi -lgnuefi --start-group Cryptlib/libcryptlib.a Cryptlib/OpenSSL/libopenssl.a --end-group /usr/lib/gcc-cross/aarch64-linux-gnu/11/libgcc.a lib/lib.a
#14 200.0 gcc -std=gnu11 -Og -g3 -Wall -Wextra -Wno-missing-field-initializers -Werror -o post-process-pe /shim-build/shim-16.1/post-process-pe.c
#14 200.5 aarch64-linux-gnu-objcopy -D -j .text -j .sdata -j .data -j .data.ident \
#14 200.5 	-j .dynamic -j .rodata -j .rel* \
#14 200.5 	-j .rela* -j .dyn -j .reloc -j .eh_frame \
#14 200.5 	-j .vendor_cert -j .sbat -j .sbatlevel \
#14 200.5 	--file-alignment 0x1000 \
#14 200.5 	--target efi-app-aarch64 shimaa64.so shimaa64.efi
#14 200.5 ./post-process-pe -vv  shimaa64.efi
#14 200.5 validate_nx_compat():380: NX Compatibility flag is not set
#14 200.5 aarch64-linux-gnu-objcopy -D -j .text -j .sdata -j .data \
#14 200.5 	-j .dynamic -j .rodata -j .rel* \
#14 200.5 	-j .rela* -j .dyn -j .reloc -j .eh_frame -j .sbat \
#14 200.5 	-j .sbatlevel \
#14 200.5 	-j .debug_info -j .debug_abbrev -j .debug_aranges \
#14 200.5 	-j .debug_line -j .debug_str -j .debug_ranges \
#14 200.5 	-j .note.gnu.build-id \
#14 200.5 	--file-alignment 0x1000 \
#14 200.5 	shimaa64.so shimaa64.efi.debug
#14 200.6 aarch64-linux-gnu-gcc -std=gnu11 -ggdb -gdwarf-4 -gstrict-dwarf -ffreestanding -fmacro-prefix-map=/shim-build/shim-16.1/= -fno-stack-protector -fno-strict-aliasing -fpic -fshort-wchar -Os -Wall -Wextra -Wno-missing-field-initializers  -DMDE_CPU_AARCH64 -DPAGE_SIZE=4096 -mstrict-align -Werror -nostdinc -I/shim-build/shim-16.1/Cryptlib -I/shim-build/shim-16.1/Cryptlib/Include -I/shim-build/shim-16.1/gnu-efi/inc -I/shim-build/shim-16.1/gnu-efi/inc/aarch64 -I/shim-build/shim-16.1/gnu-efi/inc/protocol -I/shim-build/shim-16.1/include -iquote /shim-build/shim-16.1 -iquote /shim-build/shim-16.1/build-aarch64 -isystem /shim-build/shim-16.1/include/system -isystem /usr/lib/gcc-cross/aarch64-linux-gnu/11/include -DDEFAULT_LOADER='L"\\\\grubaa64.efi"' -DDEFAULT_LOADER_CHAR='"\\\\grubaa64.efi"' -DEFI_ARCH='L"aa64"' -DDEBUGDIR='L"/usr/lib/debug/usr/share/shim/aa64-16.1/"' -DVENDOR_CERT_FILE=\"../Cisco_Virtual_UEFI_SubCA_v3.cer\"   -c -o MokManager.o /shim-build/shim-16.1/MokManager.c
#14 201.7 aarch64-linux-gnu-gcc -std=gnu11 -ggdb -gdwarf-4 -gstrict-dwarf -ffreestanding -fmacro-prefix-map=/shim-build/shim-16.1/= -fno-stack-protector -fno-strict-aliasing -fpic -fshort-wchar -Os -Wall -Wextra -Wno-missing-field-initializers  -DMDE_CPU_AARCH64 -DPAGE_SIZE=4096 -mstrict-align -Werror -nostdinc -I/shim-build/shim-16.1/Cryptlib -I/shim-build/shim-16.1/Cryptlib/Include -I/shim-build/shim-16.1/gnu-efi/inc -I/shim-build/shim-16.1/gnu-efi/inc/aarch64 -I/shim-build/shim-16.1/gnu-efi/inc/protocol -I/shim-build/shim-16.1/include -iquote /shim-build/shim-16.1 -iquote /shim-build/shim-16.1/build-aarch64 -isystem /shim-build/shim-16.1/include/system -isystem /usr/lib/gcc-cross/aarch64-linux-gnu/11/include -DDEFAULT_LOADER='L"\\\\grubaa64.efi"' -DDEFAULT_LOADER_CHAR='"\\\\grubaa64.efi"' -DEFI_ARCH='L"aa64"' -DDEBUGDIR='L"/usr/lib/debug/usr/share/shim/aa64-16.1/"' -DVENDOR_CERT_FILE=\"../Cisco_Virtual_UEFI_SubCA_v3.cer\"   -c -o PasswordCrypt.o /shim-build/shim-16.1/PasswordCrypt.c
#14 202.2 aarch64-linux-gnu-gcc -std=gnu11 -ggdb -gdwarf-4 -gstrict-dwarf -ffreestanding -fmacro-prefix-map=/shim-build/shim-16.1/= -fno-stack-protector -fno-strict-aliasing -fpic -fshort-wchar -Os -Wall -Wextra -Wno-missing-field-initializers  -DMDE_CPU_AARCH64 -DPAGE_SIZE=4096 -mstrict-align -Werror -nostdinc -I/shim-build/shim-16.1/Cryptlib -I/shim-build/shim-16.1/Cryptlib/Include -I/shim-build/shim-16.1/gnu-efi/inc -I/shim-build/shim-16.1/gnu-efi/inc/aarch64 -I/shim-build/shim-16.1/gnu-efi/inc/protocol -I/shim-build/shim-16.1/include -iquote /shim-build/shim-16.1 -iquote /shim-build/shim-16.1/build-aarch64 -isystem /shim-build/shim-16.1/include/system -isystem /usr/lib/gcc-cross/aarch64-linux-gnu/11/include -DDEFAULT_LOADER='L"\\\\grubaa64.efi"' -DDEFAULT_LOADER_CHAR='"\\\\grubaa64.efi"' -DEFI_ARCH='L"aa64"' -DDEBUGDIR='L"/usr/lib/debug/usr/share/shim/aa64-16.1/"' -DVENDOR_CERT_FILE=\"../Cisco_Virtual_UEFI_SubCA_v3.cer\"   -c -o crypt_blowfish.o /shim-build/shim-16.1/crypt_blowfish.c
#14 202.9 aarch64-linux-gnu-ld -o mmaa64.so --hash-style=sysv -nostdlib -znocombreloc -T /shim-build/shim-16.1/elf_aarch64_efi.lds -shared -Bsymbolic -Lgnu-efi/aarch64/gnuefi -Lgnu-efi/aarch64/lib -LCryptlib -LCryptlib/OpenSSL gnu-efi/aarch64/gnuefi/crt0-efi-aarch64.o --build-id=sha1  --no-undefined MokManager.o PasswordCrypt.o crypt_blowfish.o errlog.o sbat_data.o globals.o dp.o Cryptlib/libcryptlib.a Cryptlib/OpenSSL/libopenssl.a lib/lib.a gnu-efi/aarch64/lib/libefi.a gnu-efi/aarch64/gnuefi/libgnuefi.a -lefi -lgnuefi --start-group Cryptlib/libcryptlib.a Cryptlib/OpenSSL/libopenssl.a --end-group /usr/lib/gcc-cross/aarch64-linux-gnu/11/libgcc.a lib/lib.a
#14 203.0 aarch64-linux-gnu-objcopy -D -j .text -j .sdata -j .data \
#14 203.0 	-j .dynamic -j .rodata -j .rel* \
#14 203.0 	-j .rela* -j .dyn -j .reloc -j .eh_frame -j .sbat \
#14 203.0 	-j .sbatlevel \
#14 203.0 	-j .debug_info -j .debug_abbrev -j .debug_aranges \
#14 203.0 	-j .debug_line -j .debug_str -j .debug_ranges \
#14 203.0 	-j .note.gnu.build-id \
#14 203.0 	--file-alignment 0x1000 \
#14 203.0 	mmaa64.so mmaa64.efi.debug
#14 203.1 aarch64-linux-gnu-gcc -std=gnu11 -ggdb -gdwarf-4 -gstrict-dwarf -ffreestanding -fmacro-prefix-map=/shim-build/shim-16.1/= -fno-stack-protector -fno-strict-aliasing -fpic -fshort-wchar -Os -Wall -Wextra -Wno-missing-field-initializers  -DMDE_CPU_AARCH64 -DPAGE_SIZE=4096 -mstrict-align -Werror -nostdinc -I/shim-build/shim-16.1/Cryptlib -I/shim-build/shim-16.1/Cryptlib/Include -I/shim-build/shim-16.1/gnu-efi/inc -I/shim-build/shim-16.1/gnu-efi/inc/aarch64 -I/shim-build/shim-16.1/gnu-efi/inc/protocol -I/shim-build/shim-16.1/include -iquote /shim-build/shim-16.1 -iquote /shim-build/shim-16.1/build-aarch64 -isystem /shim-build/shim-16.1/include/system -isystem /usr/lib/gcc-cross/aarch64-linux-gnu/11/include -DDEFAULT_LOADER='L"\\\\grubaa64.efi"' -DDEFAULT_LOADER_CHAR='"\\\\grubaa64.efi"' -DEFI_ARCH='L"aa64"' -DDEBUGDIR='L"/usr/lib/debug/usr/share/shim/aa64-16.1/"' -DVENDOR_CERT_FILE=\"../Cisco_Virtual_UEFI_SubCA_v3.cer\"   -c -o fallback.o /shim-build/shim-16.1/fallback.c
#14 203.8 aarch64-linux-gnu-ld -o fbaa64.so --hash-style=sysv -nostdlib -znocombreloc -T /shim-build/shim-16.1/elf_aarch64_efi.lds -shared -Bsymbolic -Lgnu-efi/aarch64/gnuefi -Lgnu-efi/aarch64/lib -LCryptlib -LCryptlib/OpenSSL gnu-efi/aarch64/gnuefi/crt0-efi-aarch64.o --build-id=sha1  --no-undefined fallback.o tpm.o errlog.o sbat_data.o globals.o utils.o Cryptlib/libcryptlib.a Cryptlib/OpenSSL/libopenssl.a lib/lib.a gnu-efi/aarch64/lib/libefi.a gnu-efi/aarch64/gnuefi/libgnuefi.a -lefi -lgnuefi --start-group Cryptlib/libcryptlib.a Cryptlib/OpenSSL/libopenssl.a --end-group /usr/lib/gcc-cross/aarch64-linux-gnu/11/libgcc.a lib/lib.a
#14 203.8 aarch64-linux-gnu-objcopy -D -j .text -j .sdata -j .data \
#14 203.8 	-j .dynamic -j .rodata -j .rel* \
#14 203.8 	-j .rela* -j .dyn -j .reloc -j .eh_frame -j .sbat \
#14 203.8 	-j .sbatlevel \
#14 203.8 	-j .debug_info -j .debug_abbrev -j .debug_aranges \
#14 203.8 	-j .debug_line -j .debug_str -j .debug_ranges \
#14 203.8 	-j .note.gnu.build-id \
#14 203.8 	--file-alignment 0x1000 \
#14 203.8 	fbaa64.so fbaa64.efi.debug
#14 203.9 aarch64-linux-gnu-objcopy -D -j .text -j .sdata -j .data -j .data.ident \
#14 203.9 	-j .dynamic -j .rodata -j .rel* \
#14 203.9 	-j .rela* -j .dyn -j .reloc -j .eh_frame \
#14 203.9 	-j .vendor_cert -j .sbat -j .sbatlevel \
#14 203.9 	--file-alignment 0x1000 \
#14 203.9 	--target efi-app-aarch64 mmaa64.so mmaa64.efi
#14 203.9 ./post-process-pe -vv  mmaa64.efi
#14 203.9 validate_nx_compat():380: NX Compatibility flag is not set
#14 203.9 aarch64-linux-gnu-objcopy -D -j .text -j .sdata -j .data -j .data.ident \
#14 203.9 	-j .dynamic -j .rodata -j .rel* \
#14 203.9 	-j .rela* -j .dyn -j .reloc -j .eh_frame \
#14 203.9 	-j .vendor_cert -j .sbat -j .sbatlevel \
#14 203.9 	--file-alignment 0x1000 \
#14 203.9 	--target efi-app-aarch64 fbaa64.so fbaa64.efi
#14 203.9 ./post-process-pe -vv  fbaa64.efi
#14 204.0 validate_nx_compat():380: NX Compatibility flag is not set
#14 204.0 make: Leaving directory '/shim-build/shim-16.1/build-aarch64'
#14 DONE 204.0s

#15 [11/15] RUN sha256sum build-aarch64/shimaa64.efi
#15 0.188 4eee2b5ca77680ee31fe74487c43cadb79ee42b945cab0dd54676322c9c73220  build-aarch64/shimaa64.efi
#15 DONE 0.2s

#16 [12/15] RUN mkdir /shim-build/install
#16 DONE 0.2s

#17 [13/15] RUN cp build-aarch64/shimaa64.efi /shim-build/install/
#17 DONE 0.2s

#18 [14/15] RUN cp build-aarch64/fbaa64.efi /shim-build/install/
#18 DONE 0.1s

#19 [15/15] RUN cp build-aarch64/mmaa64.efi /shim-build/install/
#19 DONE 0.1s

#20 exporting to image
#20 exporting layers
#20 exporting layers 18.0s done
#20 exporting manifest sha256:01b07f5a18f10912aa7c963dc619b8b97bb2837aa71d070ab019ff67e3d4268e done
#20 exporting config sha256:e0459d719629d2fa2460e62b658c52f28ca04a3dd633f18c44058502cfb06d4f done
#20 exporting attestation manifest sha256:b1b9520e253eeefe6f2a080b98f3cc973ad8e15117d9f4c686af1c41a0f79071 done
#20 exporting manifest list sha256:618d195d7a3825e8deb3fb868aa4fd07842512e1491690e34509f828248d5c22 done
#20 naming to docker.io/library/cisco-uefi-secure-bootloader-arm:latest done
#20 DONE 18.0s

 [33m1 warning found (use docker --debug to expand):
[0m - FromPlatformFlagConstDisallowed: FROM --platform flag should not use constant value "linux/amd64" (line 1)
